Date,Open,High,Low,Close,Volume,Return,Log_Return,Year,Month,Quarter,Day,MA20,MA50,MA100,MA200,Vol5,Vol10,Vol20,Vol60,Mom5,Mom20,Volume_Ratio,HL_Range,Gap,RSI,MACD,MACD_Signal,ATR,Stochastic_K,OBV,Regime,Tomorrow_Return,Target
2019-01-02,44.47999954223633,45.34000015258789,44.45000076293945,45.220001220703125,14320400,,,2019,1,1,2,,,,,,,,,,,,0.0196815428045802,,,0.0,0.0,,,0.0,Mixed,-0.009730261599479872,0
2019-01-03,44.75,45.5,44.40999984741211,44.77999877929688,19868700,-0.009730261599479872,-0.009777909933983793,2019,1,1,3,,,,,,,,,,,,0.024341227831650363,-0.010393657850852596,,-0.0350999098557665,-0.0070199819711533,,,-19868700.0,Mixed,0.04309960602473417,1
2019-01-04,45.369998931884766,46.95000076293945,45.25,46.709999084472656,20984000,0.04309960602473417,0.04219667100317228,2019,1,1,4,,,,,,,,,,,,0.03639479332605184,0.01317552855451747,,0.09176029804738306,0.012736074032553972,,,1115300.0,Mixed,0.015842468271697996,1
2019-01-07,46.93000030517578,48.11000061035156,46.470001220703125,47.45000076293945,17967900,0.015842468271697996,0.015718286220971496,2019,1,1,0,,,,,,,,,,,,0.03456268415762281,0.004709938450336169,,0.24913797035009821,0.060016453296062824,,,19083200.0,Mixed,0.009062176991820659,1
2019-01-08,47.93000030517578,48.36000061035156,47.20000076293945,47.880001068115234,16255700,0.009062176991820659,0.009021361863198294,2019,1,1,1,,,,,,,,,,,,0.024227231026203735,0.010115901675837884,,0.40390240495626983,0.12879364362810425,,,35338900.0,Mixed,-0.002088602476764456,0
2019-01-09,46.63999938964844,48.22999954223633,46.61000061035156,47.77999877929688,19100200,-0.002088602476764456,-0.0020907866486919477,2019,1,1,2,,,,,0.02036150532331621,,,,0.05661206301387067,,,0.033905378260216966,-0.02589811300761545,,0.512576324642751,0.20555017983103363,,,16238700.0,Mixed,0.0008371895468668455,1
2019-01-10,47.380001068115234,47.97999954223633,46.880001068115234,47.81999969482422,16652700,0.0008371895468668455,0.0008368392991669975,2019,1,1,3,,,,,0.018059331058500848,,,,0.06788747204997292,,,0.023002895883333763,-0.00837165595230126,,0.5950693395999451,0.28345401178481594,,,32891400.0,Mixed,0.009828549220045169,1
2019-01-11,47.66999816894531,48.619998931884766,47.369998931884766,48.290000915527344,16397400,0.009828549220045169,0.009780563195974782,2019,1,1,4,,,,,0.007255419353551124,,,,0.03382577311117774,,,0.025885275963995074,-0.003136794789547889,,0.6904121770202281,0.3648456448318984,,,49288800.0,Mixed,-0.0022779169241264885,0
2019-01-14,47.84999847412109,48.34000015258789,47.619998931884766,48.18000030517578,14869400,-0.0022779169241264885,-0.002280515323591803,2019,1,1,0,,,,,0.005953591020257081,,,,0.015384605489964231,,,0.014943985391087227,-0.00911166769650603,,0.7484680587656811,0.44157012761865494,,,34419400.0,Mixed,0.004151115850407505,1
2019-01-15,47.470001220703125,48.52999877929688,47.40999984741211,48.380001068115234,12142100,0.004151115850407505,0.004142523738699247,2019,1,1,1,,,,,0.005055746569591895,,,,0.010442773367709268,,,0.02315003942037749,-0.014736386051794689,,0.8013783624900199,0.513531774592928,,,46561500.0,Mixed,-0.006614296977250689,0
2019-01-16,48.58000183105469,48.790000915527344,48.04999923706055,48.060001373291016,14114000,-0.006614296977250689,-0.006636268376666734,2019,1,1,2,,,,,0.006254010421434132,0.015156327777772656,,,0.0058602469892790054,,,0.015397454376229944,0.004133955322941555,,0.8081727460203751,0.5724599688784174,,,32447500.0,Mixed,0.01081981778828367,1
2019-01-17,48.0099983215332,48.90999984741211,47.810001373291016,48.58000183105469,12711200,0.01081981778828367,0.010761702382725223,2019,1,1,3,,,,,0.007570174839892263,0.01411191432922879,,,0.01589297660143507,,,0.022643030725822688,-0.001040429678089883,,0.845767553154694,0.6271214857336728,,,45158700.0,Mixed,0.014203347070849803,1
2019-01-18,48.93999862670898,49.56999969482422,48.869998931884766,49.27000045776367,15930600,0.014203347070849803,0.014103424581233618,2019,1,1,4,,,,,0.00869914753013919,0.0076788913980275104,,,0.020294046876300875,,,0.014207443808317465,0.007410390738687918,,0.9206264229472012,0.6858224731763785,,,61089300.0,Mixed,-0.006697824801880969,0
2019-01-22,48.84000015258789,49.16999816894531,48.65999984741211,48.93999862670898,13318700,-0.006697824801880969,-0.00672035589297483,2019,1,1,1,,,,,0.009673720227805695,0.007572827980827098,,,0.015774145220408986,,,0.010420889575891238,-0.008727426449780444,,0.9424601330088009,0.737150005142863,1.1571426391601562,87.79067661346531,47770600.0,Mixed,0.006130017576136515,1
2019-01-23,49.18999862670898,49.47999954223633,48.83000183105469,49.2400016784668,15551200,0.006130017576136515,0.006111305449899902,2019,1,1,2,,,,,0.009763832917752867,0.007371373373767956,,,0.017775952694601083,,,0.013200602945265372,0.005108296015839335,80.36247613658438,0.9727578970661312,0.7842715835275167,1.1399996621268136,93.6046894163587,63321800.0,Mixed,-0.0008123662502805828,0
2019-01-24,49.2599983215332,49.43000030517578,48.869998931884766,49.20000076293945,11442200,-0.0008123662502805828,-0.0008126963985558675,2019,1,1,3,,,,,0.008516208489747046,0.007287339162360466,,,0.023720336185466318,,,0.011382141557055504,0.0004061056536306132,85.53049022439818,0.982218945193587,0.8238610558607308,1.102142606462751,91.43520930503628,51879600.0,Mixed,0.012195090748312598,1
2019-01-25,49.59999847412109,49.900001525878906,49.45000076293945,49.79999923706055,16656600,0.012195090748312598,0.012121329705376058,2019,1,1,4,,,,,0.008780240710125871,0.007788179931645176,,,0.025113160972052073,,,0.009036160036817191,0.008130034654042873,81.59502358632236,1.0263011951356518,0.8643490837157151,0.9971425192696712,97.08448163495909,68536200.0,Mixed,-0.005622465533865029,0
2019-01-28,49.45000076293945,49.72999954223633,49.209999084472656,49.52000045776367,11799100,-0.005622465533865029,-0.005638331090181226,2019,1,1,0,,,,,0.008031779963260625,0.008051971993194818,,,0.00507408154408906,,,0.010500816901388921,-0.007028081917331219,73.36338586067339,1.026806745372724,0.896840616047117,0.9221425737653465,88.44981877294325,56737100.0,Mixed,0.0018174505604993119,1
2019-01-29,49.38999938964844,49.91999816894531,49.18999862670898,49.61000061035156,10838600,0.0018174505604993119,0.001815800995595408,2019,1,1,1,,,,,0.006787712824163591,0.007881622727498094,,,0.013690273854583435,,,0.014714765838644525,-0.0026252234837137,71.14909841806951,1.0226808297207768,0.922008658781849,0.8914282662527911,90.6345079382641,67575700.0,Mixed,0.015117919588243378,1
2019-01-30,49.86000061035156,50.5,49.59999847412109,50.36000061035156,13483800,0.015117919588243378,0.015004782679963198,2019,1,1,2,48.253500366210936,,,,0.00880097436386983,0.008778224418584524,,,0.022745712707287646,,0.8859133159989422,0.01787135653238886,0.0050393065294144605,77.21517764879705,1.0676228521618825,0.9511314974578557,0.839999880109516,96.13261240451399,81059500.0,Mixed,-0.0025814349988017016,0
2019-01-31,50.2400016784668,50.5,50.06999969482422,50.22999954223633,20403600,-0.0025814349988017016,-0.002584772647314016,2019,1,1,3,48.5040002822876,,,,0.009100365338431341,0.008314029141443836,0.011931646521751339,,0.020934934213918455,0.11079164498649918,1.3142936096985485,0.008560627296327403,-0.002382822288133565,74.94820942426563,1.080296740638893,0.9769645460940632,0.7921428680419937,91.37379023559708,60655900.0,Mixed,0.011546920890711743,1
2019-02-01,50.52000045776367,51.09999847412109,50.290000915527344,50.810001373291016,14849600,0.011546920890711743,0.011480763985006167,2019,2,1,4,48.8055004119873,,,,0.008961295976255194,0.008378785714235212,0.011456905441773966,,0.020281167704895076,0.13465839120973766,0.9722505029976894,0.01594169527063877,0.005773460445355847,75.50604520642189,1.1241833037105593,1.0064082976173625,0.7649999346051908,92.14099705265438,75505500.0,Mixed,0.004329805157641919,1
2019-02-04,50.380001068115234,51.25,50.380001068115234,51.02999877929688,12221200,0.004329805157641919,0.004320458520988525,2019,2,1,0,49.02150039672851,,,,0.007207954726060862,0.007663387676625902,0.007525588219224784,,0.030492696033415978,0.09248554441227297,0.8237924570399365,0.01704877430327763,-0.008462906781219196,78.21778962221674,1.1633058079784533,1.0377877996895808,0.7757140568324508,94.27080177184752,87726700.0,Mixed,0.0041152832489408375,1
2019-02-05,51.16999816894531,51.369998931884766,50.88999938964844,51.2400016784668,13345500,0.0041152832489408375,0.0041068386309002615,2019,2,1,1,49.21100044250488,,,,0.006939179839870402,0.006768580806233105,0.007032711891354845,,0.03285630010202256,0.07987356911672605,0.9138143420680531,0.009367672258255294,0.0027434723299509236,78.26084662067917,1.1974526644414567,1.069720772639956,0.7299998147147048,96.3483892536904,101072200.0,Mixed,0.00039025453574126345,1
2019-02-06,51.18999862670898,51.4900016784668,50.970001220703125,51.2599983215332,9220900,0.00039025453574126345,0.0003901784062458734,2019,2,1,2,49.380000305175784,,,,0.005302272031805701,0.006869262137214066,0.006962921900812732,,0.01787128078383393,0.0705930906018466,0.646970376279694,0.010144371338093296,-0.000975859682276962,83.61339823658476,1.2121548891577518,1.0982075959435151,0.7142854418073387,93.74990929728722,110293100.0,Mixed,-0.02028866825758746,0
2019-02-07,50.790000915527344,50.9900016784668,50.16999816894531,50.220001220703125,14905000,-0.02028866825758746,-0.02049731015519209,2019,2,1,3,49.502000427246095,,,,0.012049841878851207,0.010303519337168674,0.00869683358174489,,-0.00019905079881188392,0.05106744461583146,1.0614078376832896,0.016328225599155085,-0.00916889234091964,65.5303008409675,1.1268972635654677,1.1039455294679057,0.7135712759835384,55.123687771948646,95388100.0,Mixed,0.01612898325179324,1
2019-02-08,50.09000015258789,51.02999877929688,49.81999969482422,51.02999877929688,11535600,0.01612898325179324,0.016000293118046013,2019,2,1,4,49.66250038146973,,,,0.013259306849341701,0.010795064207323275,0.009197988445473936,,0.004329805157641919,0.06712670650267905,0.836712467672918,0.02371152485630797,-0.0025886313212919957,66.29628766220418,1.1118730343588652,1.1055310304460977,0.7292856488909051,83.74549111162658,106923700.0,Mixed,0.003919278223079026,1
2019-02-11,50.959999084472656,51.47999954223633,50.95000076293945,51.22999954223633,9714500,0.003919278223079026,0.003911617861053924,2019,2,1,0,49.80950031280518,,,,0.013234278300325418,0.010412726239725816,0.009071068106959151,,0.003919278223079026,0.06088214062890285,0.7221243069219716,0.010345476947738796,-0.0013717361649756706,71.72677774415891,1.1033854736553224,1.1051019190879428,0.7235712323869988,90.22548303965421,116638200.0,Mixed,-0.00019516536448449529,0
2019-02-12,51.459999084472656,51.54999923706055,51.18999862670898,51.220001220703125,14188500,-0.00019516536448449529,-0.00019518441172252355,2019,2,1,1,49.961500358581546,,,,0.013108440788075677,0.010467086331980473,0.009019111932300762,,-0.0003903289833824264,0.06309673923353554,1.0573736131682643,0.007028516239200271,0.0044895480049088445,69.87954575920642,1.0833638950484143,1.1007543142800371,0.7028571537562794,87.68664258283444,102449700.0,Mixed,0.00390466504247855,1
2019-02-13,51.25,51.54999923706055,50.95000076293945,51.41999816894531,11342600,0.00390466504247855,0.003897061624039471,2019,2,1,2,50.11350021362305,,,,0.013228874476908443,0.00962063003251444,0.00901777231513425,,0.0031213393025979475,0.06283582128388132,0.8478134938876494,0.011668582175941382,0.000585684861029435,71.5953561518075,1.0712856182782886,1.0948605750796876,0.7057140895298565,94.49148158924127,113792300.0,Mixed,0.0011668878924087078,1
2019-02-14,51.2400016784668,51.75,51.09000015258789,51.47999954223633,11155300,0.0011668878924087078,0.0011662076078910654,2019,2,1,3,50.28450012207031,,,,0.006478876107925676,0.009488918808277874,0.008740638983483004,,0.02508957170263404,0.07116100855639895,0.8431365954145336,0.01282050997049093,-0.0035005153031534533,68.26090922661005,1.0544006321451036,1.0867685864927707,0.7028568812779034,89.45311277639779,124947600.0,Mixed,0.004662037307709976,1
2019-02-15,51.130001068115234,51.720001220703125,51.06999969482422,51.720001220703125,13822200,0.004662037307709976,0.004651203669947411,2019,2,1,4,50.44150009155273,,,,0.002092815392199826,0.008996720447478688,0.008575354791594655,,0.013521506131922045,0.06463563753184531,1.0403375214930608,0.012567701286494084,-0.006798727218984151,74.12284847851093,1.048301125825617,1.07907509435934,0.707142693655833,98.82817331233264,138769800.0,Mixed,0.005800449148877007,1
2019-02-19,51.47999954223633,52.18000030517578,51.2400016784668,52.02000045776367,12357500,0.005800449148877007,0.0057836913144633855,2019,2,1,1,50.579000091552736,,,,0.002498485384733805,0.009054262248927577,0.008204224806195952,,0.015420669970454215,0.0558148969849801,0.9427729387737352,0.018069946528973844,-0.00464040357312919,75.2620908890977,1.0555074218271443,1.0743615598529008,0.7221426282610223,93.79845992796439,151127300.0,Mixed,-0.004805843863899595,0
2019-02-20,52.0,52.209999084472656,51.5,51.77000045776367,13440900,-0.004805843863899595,-0.004817429064200946,2019,2,1,2,50.72050018310547,,,,0.004244559400668058,0.009255610167393584,0.008099779274085233,,0.010737977820239442,0.05782594831357879,1.0249494422635226,0.013714488665147026,-0.0003844763088749056,66.51056458507728,1.0291817856821623,1.0653256050187532,0.7085710253034324,81.59001091737906,137686400.0,Mixed,0.006567513030355743,1
2019-02-21,51.630001068115234,52.34999847412109,51.5099983215332,52.11000061035156,14759500,0.006567513030355743,0.006546040877808698,2019,2,1,3,50.864000129699704,,,,0.004666523944601763,0.009410176365192695,0.008109699905515291,,0.013418951108072452,0.058285922706210025,1.1289083369569,0.016119749429076364,-0.002704257068003223,70.98219265448063,1.0239502392145283,1.0570505318579082,0.7378567286900112,90.51391385112747,152445900.0,Mixed,0.007100344032835437,1
2019-02-22,52.38999938964844,52.59999847412109,52.20000076293945,52.47999954223633,11689700,0.007100344032835437,0.007075255279326268,2019,2,1,4,51.028000068664554,,,,0.004932945185937933,0.005460721387383314,0.00811372198469512,,0.019425019597748117,0.0666666408218346,0.8932633681554517,0.007621907672840433,0.0053732254081235555,69.55506400131505,1.0376980849618747,1.0531800424787015,0.7107137952532087,95.68348976343403,164135600.0,Mixed,0.0015244251477231074,1
2019-02-25,52.75,53.02999877929688,52.459999084472656,52.560001373291016,14722200,0.0015244251477231074,0.0015232643912154726,2019,2,1,0,51.16600017547607,,,,0.00500522889165628,0.0036281861835239246,0.007841772004658016,,0.01624130187088335,0.05542173049224686,1.1333670521232444,0.010844742768859172,0.005144825840678092,68.52306325295358,1.0430254824268417,1.0511491304683296,0.689285278320313,85.35833208553461,178857800.0,Mixed,0.0007609798284822222,1
2019-02-26,52.459999084472656,52.880001068115234,52.2400016784668,52.59999847412109,12041300,0.0007609798284822222,0.0007606904301407706,2019,2,1,1,51.320000076293944,,,,0.0048655221705173396,0.0036730213275479482,0.007610419399382964,,0.011149519631940885,0.06219705145165322,0.9261184903744837,0.01216728912954843,-0.0019026310160862499,67.17173030776797,1.0385036909635943,1.0486200425673826,0.7007138388497494,86.60434804309499,190899100.0,Mixed,-0.004182460311554781,0
2019-02-27,52.52000045776367,52.63999938964844,52.2599983215332,52.380001068115234,10674200,-0.004182460311554781,-0.004191231263331737,2019,2,1,2,51.45850009918213,,,,0.004643078039226241,0.004195321938454023,0.007777937060993289,,0.011782897526710023,0.05583552557315796,0.8214916790316523,0.007254697601496399,-0.0015208748798115148,63.4616089997763,1.0055765263356378,1.0400113393210337,0.6907138824462896,79.75084434366968,180224900.0,Mixed,-0.004772813953838995,0
2019-02-28,52.20000076293945,52.5099983215332,52.04999923706055,52.130001068115234,31856900,-0.004772813953838995,-0.0047842402017589675,2019,2,1,3,51.547000122070315,,,,0.0048361532572308045,0.004683978964996082,0.007374349449331656,,0.0003838122726811388,0.035146950681328004,2.2898312900027205,0.008824075868933941,-0.0034364318729529593,78.3383498052463,0.9483763087344101,1.021684333203709,0.6457138061523443,71.96268012863004,148368000.0,Mixed,0.007289415799578647,1
2019-03-01,52.5,52.72999954223633,52.369998931884766,52.5099983215332,15757700,0.007289415799578647,0.007262976415591543,2019,3,1,4,51.66100006103515,,,,0.004904959346149001,0.005039376337039942,0.007399151518374563,,0.0005716230861003702,0.04539117658919589,1.1518752869143658,0.006855848826106972,0.0070976198792190625,75.17013731654694,0.9230667874250926,1.0019608240479858,0.602142333984375,74.99995415022927,164125700.0,Mixed,-0.008950626947804019,0
2019-03-04,52.66999816894531,52.84999847412109,51.56999969482422,52.040000915527344,14850100,-0.008950626947804019,-0.008990924447993237,2019,3,1,0,51.722500038146975,,,,0.006218418709471422,0.005987995525822025,0.007462671874461792,,-0.009893463549792036,0.024207823440109077,1.0855284678837418,0.024596440368527175,0.0030470358508180896,62.616892400166904,0.8552254401945305,0.9726137472772949,0.655713762555803,52.40390346605907,149275600.0,Mixed,0.006149110092131815,1
2019-03-05,52.040000915527344,52.59000015258789,52.02000045776367,52.36000061035156,16291900,0.006149110092131815,0.006130281461461475,2019,3,1,1,51.78900012969971,,,,0.007199689215968694,0.006022342666997744,0.007513447329025757,,-0.004562697162198592,0.026063136642563878,1.1734636549598088,0.010886166695565889,0.0,66.19322368934402,0.8178542698409572,0.9416618517900275,0.6707136971609923,67.78851885067441,165567500.0,Mixed,-0.00019102628177769532,0
2019-03-06,52.310001373291016,52.75,52.130001068115234,52.34999847412109,12389300,-0.00019102628177769532,-0.00019104452962177577,2019,3,1,2,51.84449996948242,,,,0.006961174477750116,0.005725797048939451,0.007490619990072735,,-0.0005727871970665488,0.021662700220417053,0.8954530243665161,0.011843341928486559,-0.0009549128433482492,63.963992860890386,0.7784566950801377,0.9090208204480497,0.6721423012869688,65.30609067306023,153178200.0,Mixed,0.004393569505972472,1
2019-03-07,52.20000076293945,53.130001068115234,52.18999862670898,52.58000183105469,16624100,0.004393569505972472,0.004383945956995136,2019,3,1,3,51.9105001449585,,,,0.0066199706836922246,0.005534460396328722,0.007524100980903163,,0.008632279948574295,0.025751142269682337,1.1702209285545846,0.01787756577922131,-0.0028652858749515344,65.71433553895736,0.7570661940960761,0.878629895177655,0.6921424865722651,73.30102570844991,169802300.0,Mixed,0.003613515026482217,1
2019-03-08,52.34999847412109,52.77999877929688,52.130001068115234,52.77000045776367,15071100,0.003613515026482217,0.0036070019663703707,2019,3,1,4,52.03800010681152,,,,0.00602688948575928,0.00520106495769323,0.005555420012999802,,0.004951478661995079,0.05077656660847141,1.0602806830185614,0.012317561219312406,-0.0043743504930377685,65.21741053411395,0.7468363052096052,0.852271177184045,0.6921422140938895,80.95234250744774,184873400.0,Mixed,-0.0020845292665784276,0
2019-03-11,51.93999862670898,53.18000030517578,51.90999984741211,52.65999984741211,20027700,-0.0020845292665784276,-0.0020867049217137027,2019,3,1,0,52.119500160217285,,,,0.0034030991429578714,0.005251933597007747,0.004616107918267314,,0.01191389164060852,0.03194201660017537,1.368118828925203,0.024116985595207592,-0.015728668255726393,59.815958099107405,0.7215355024903403,0.8261240422453041,0.7157137734549386,69.04759742235503,164845700.0,Mixed,0.0026585527925200303,1
2019-03-12,52.66999816894531,53.290000915527344,52.58000183105469,52.79999923706055,18048500,0.0026585527925200303,0.002655025092046788,2019,3,1,1,52.1980001449585,,,,0.002726348549842905,0.005308331242176771,0.004591072379787701,,0.008403335018716485,0.030646100114247288,1.1987930040463457,0.013446952551739904,0.00018986558226688783,66.34921865160484,0.7046583519273639,0.8018309041817162,0.7157137734549386,72.47185593323861,182894200.0,Mixed,0.004924282954306802,1
2019-03-13,53.060001373291016,53.470001220703125,52.7400016784668,53.060001373291016,19490800,0.004924282954306802,0.004912198328839472,2019,3,1,2,52.29000015258789,,,,0.0028081824369660343,0.005216673270885066,0.0046329101469657,,0.013562615470197548,0.035923469518469364,1.2721893780789684,0.013758000816859956,0.004924282954306789,65.47234589285782,0.7041461297106295,0.7822939492874988,0.7078565870012561,78.42107799242683,202385000.0,Mixed,-0.00018850614345256034,0
2019-03-14,52.97999954223633,53.400001525878906,52.84999847412109,53.04999923706055,24000300,-0.00018850614345256034,-0.00018852391296876375,2019,3,1,3,52.371500205993655,50.44380020141602,,,0.0028648578422909386,0.0048089166281724965,0.004624346876593081,,0.008938710339265743,0.031699749633590235,1.5043852281246317,0.010367635432001842,-0.0015077615715056933,60.51660308835743,0.6949224674801542,0.7648196529260299,0.7121426718575629,77.89465019254168,178384700.0,Bull / High Vol,-0.0020735270864005173,0
2019-03-15,51.400001525878906,53.38999938964844,51.0,52.93999862670898,43340200,-0.0020735270864005173,-0.0020756798200386502,2019,3,1,4,52.44450016021729,50.59820014953613,,,0.003078233424458961,0.004515552080378094,0.0046954978620754985,,0.003221492656255931,0.02836051082857538,2.4677265391262955,0.04514543731859202,-0.031102690573253728,56.93426185550346,0.6710016296649215,0.7460560482738083,0.8421426500592923,78.54241570604269,135044500.0,Bull / High Vol,0.009822449400316513,1
2019-03-18,52.869998931884766,53.959999084472656,52.77999877929688,53.459999084472656,21953600,0.009822449400316513,0.00977452272687112,2019,3,1,0,52.531500053405765,50.771800155639646,,,0.004644039491771238,0.0038536737243944166,0.005014563112256083,,0.015191781985921526,0.03364264931751437,1.2217230705018955,0.022072583714624543,-0.001322245875331319,63.35404168206764,0.6860950082960713,0.734063840278261,0.8807141440255306,83.10810288344807,156998100.0,Bull / High Vol,0.010849267508183491,1
2019-03-19,53.79999923706055,54.380001068115234,53.75,54.040000915527344,19214000,0.010849267508183491,0.010790836448350593,2019,3,1,1,52.632500076293944,50.91840019226074,,,0.005785238320038703,0.00454532488509335,0.005349458488588331,,0.023484880613339643,0.03883122722007193,1.0492458579526218,0.01165805065584697,0.00635989821194447,73.18431884851714,0.7363695107459662,0.7345249743718021,0.9192856379917694,89.94082706673574,176212100.0,Bull / High Vol,-0.02590676354849286,0
2019-03-20,53.88999938964844,54.18999862670898,52.5099983215332,52.63999938964844,24111600,-0.02590676354849286,-0.026248254611421447,2019,3,1,2,52.67600002288818,51.022200164794924,,,0.014819255405321556,0.010296144131485874,0.008112872820301284,,-0.007915604462347292,0.016805078697933462,1.2794194548527824,0.03191489978448106,-0.0027757498767141254,55.39109459063841,0.6556856572021772,0.7187571109378772,1.0064285823277064,48.520676668393435,152100500.0,Bull / High Vol,0.026595773976285653,1
2019-03-21,52.630001068115234,54.04999923706055,52.34999847412109,54.040000915527344,16686300,0.026595773976285653,0.026248254611421447,2019,3,1,3,52.77250003814697,51.14540016174316,,,0.019510144825982477,0.013191553094241307,0.009894300760324848,,0.018661671870019214,0.037037042459607816,0.8809119381060417,0.03145819271166959,-0.00018993772129809858,63.30434390323022,0.6966806440148758,0.714341817553277,1.0850001743861613,89.94082706673574,168786800.0,Bull / High Vol,-0.023501118361357376,0
2019-03-22,53.619998931884766,53.880001068115234,52.7400016784668,52.77000045776367,16201500,-0.023501118361357376,-0.02378167394138683,2019,3,1,4,52.78700008392334,51.2452001953125,,,0.023152046443714155,0.015580835643195763,0.011307546175824225,,-0.003211147966663108,0.005525932127608879,0.845251625589241,0.021603171873399475,-0.0077720573006485405,55.572503257045355,0.6195492650406536,0.6953833070507524,1.0864287785121383,52.36686090015541,152585300.0,Bull / High Vol,-0.0005684816948388072,0
2019-03-25,52.560001373291016,52.93999862670898,52.22999954223633,52.7400016784668,11755900,-0.0005684816948388072,-0.0005686433418226279,2019,3,1,0,52.79600009918213,51.34360023498535,,,0.022457855670539154,0.015564481435825315,0.011305658146435027,,-0.013467965176508612,0.0034246632510031016,0.6181020907654573,0.013462249940779478,-0.003979516442125795,53.035145716853776,0.5496652419683343,0.6662396940342689,1.0964287349155977,51.479323331606565,140829400.0,Bull / High Vol,0.010238852552986621,1
2019-03-26,53.290000915527344,53.540000915527344,53.060001373291016,53.27999877929688,11657600,0.010238852552986621,0.010186790570589813,2019,3,1,1,52.83000011444092,51.44340019226074,,,0.022368584988533644,0.01587569072281291,0.011525506666621237,,-0.014063695842982282,0.012927762830836409,0.6135525665171855,0.009009000623754567,0.010428502456515961,56.84829996179697,0.5317255026819581,0.6393368557638068,1.1092858995710106,67.45556386963692,152487000.0,Bull / High Vol,-0.008821272837350236,0
2019-03-27,53.27999877929688,53.650001525878906,52.310001373291016,52.810001373291016,12636000,-0.008821272837350236,-0.008860410597822936,2019,3,1,2,52.85150012969971,51.53600021362305,,,0.01897036667143312,0.016093579937344626,0.011674764462523624,,0.0032295210033002064,0.008209245826791944,0.6616311280795025,0.025373984429881192,0.0,51.63584251329309,0.4741179309365222,0.6062930707983499,1.137857164655413,53.55031956544066,139851000.0,Bull / High Vol,0.007195554696769024,1
2019-03-28,53.0,53.29999923706055,52.790000915527344,53.18999862670898,9103100,0.007195554696769024,0.007169790212415832,2019,3,1,3,52.904500007629395,51.632200164794924,,,0.013594762163231534,0.01627051002955196,0.01169839207996264,,-0.01572913165096068,0.020333733682619926,0.506838175747812,0.009588237163012655,0.0035977773483845685,52.908574085423794,0.4538939113979552,0.575813238918271,1.1278572082519527,64.79283830315978,148954100.0,Bull / High Vol,0.009776282594272656,1
2019-03-29,53.470001220703125,53.7400016784668,53.25,53.709999084472656,11485700,0.009776282594272656,0.009728803935984078,2019,3,1,4,52.96450004577637,51.745200119018556,,,0.008167109176288477,0.016501586328559404,0.011780879025537741,0.010550195306496946,0.017813125233177685,0.022852805204668147,0.6471923509174667,0.0091230997359755,0.005264196300496733,56.88072798212539,0.4743578196563192,0.5555221550658807,1.0764288221086775,80.1774623693777,160439800.0,Bull / High Vol,0.016198152325672677,1
2019-04-01,53.880001068115234,54.650001525878906,53.84999847412109,54.58000183105469,15191700,0.016198152325672677,0.016068361956664844,2019,4,2,0,53.09150009155273,51.86520011901855,,,0.009395754535050765,0.016972398938599274,0.011981239757445415,0.010554012462350411,0.03488813223415477,0.048808625496574054,0.8551937354358199,0.014657439078769641,0.003165183141694095,60.645942893647074,0.5543869375956945,0.5552951115718434,1.0928576333182198,98.08220094353624,175631500.0,Bull / High Vol,-0.007878349042691357,0
2019-04-02,54.40999984741211,54.5,53.880001068115234,54.150001525878906,10812100,-0.007878349042691357,-0.007909547202538964,2019,4,2,1,53.1810001373291,51.96280014038086,,,0.01112834761943761,0.01694586982015054,0.012162750138949725,0.009274923455009255,0.016328880752904285,0.0341864189201988,0.6181855917548572,0.011449656775881363,-0.0031147302663857945,56.38921348837186,0.5764679949689793,0.5595296882512706,1.0907148633684431,86.30137558971015,164819400.0,Bull / High Vol,-0.0016620526325354934,0
2019-04-03,54.15999984741211,54.38999938964844,53.86000061035156,54.060001373291016,12853400,-0.0016620526325354934,-0.0016634353743509968,2019,4,2,2,53.266500282287595,52.0652001953125,,,0.00952485124369226,0.014302849827467318,0.01217955880575157,0.009122451427469487,0.023669758899726112,0.03266481277960809,0.7339238953798436,0.009803898739054179,0.00018464120501316723,55.865284928180884,0.5800190335026514,0.5636275573015468,1.0892859867640898,83.83561901536956,151966000.0,Bull / High Vol,-0.004439542589160461,0
2019-04-04,53.86000061035156,54.150001525878906,53.40999984741211,53.81999969482422,9978800,-0.004439542589160461,-0.00444942662293534,2019,4,2,3,53.32850017547607,52.15680015563965,,,0.010170086281643379,0.011682600324977536,0.012235967996824536,0.009117261097552787,0.011844352028219207,0.023583069999765005,0.5808045459532466,0.013749566753304193,-0.0036996070636110983,55.03433008647667,0.5570458496441901,0.5623112157700755,0.9714290073939728,65.70243178869747,141987200.0,Bull / High Vol,0.0020438612221349572,1
2019-04-05,53.7400016784668,54.18999862670898,53.7400016784668,53.93000030517578,10016300,0.0020438612221349572,0.002041775379419098,2019,4,2,4,53.38650016784668,52.25140014648437,,,0.009320203881064923,0.008384216491094009,0.012224954407097905,0.009101508208951375,0.004096094292556529,0.021982183766334318,0.5916912286588311,0.008344093189240965,-0.00148639942049489,52.82113515840378,0.5414737930350455,0.5581437312230695,0.9192859104701446,70.24790782942327,152003500.0,Bull / High Vol,-0.003893919586210437,0
2019-04-08,53.72999954223633,53.93000030517578,53.33000183105469,53.720001220703125,10126700,-0.003893919586210437,-0.0039015206293992063,2019,4,2,0,53.43950023651123,52.32980018615723,,,0.003666146573329956,0.008570469273827855,0.01225687414648858,0.009132729701902756,-0.015756698085382714,0.02012915640642765,0.6162340213001664,0.011168995913757735,-0.003708525158681644,47.98995143448928,0.5063507585481801,0.5477851366880916,0.8964285169328957,61.57026682366813,141876800.0,Bull / High Vol,0.002047665820029243,1
2019-04-09,53.5,54.09999847412109,53.470001220703125,53.83000183105469,9789000,0.002047665820029243,0.002045572209896103,2019,4,2,1,53.49100036621094,52.41600021362305,,,0.0031238380558384115,0.008058502191732613,0.012253463787267613,0.009074479942707384,-0.005909504816380973,0.019507625168130316,0.6110399164056945,0.011703459631957775,-0.004095331640058468,58.92056048041176,0.48183731003468466,0.5345955713574102,0.8214282989501948,66.11574286439392,151665800.0,Bull / High Vol,0.0026007688071016943,1
2019-04-10,53.619998931884766,54.15999984741211,53.59999847412109,53.970001220703125,8477300,0.0026007688071016943,0.0025973926603588653,2019,4,2,2,53.53650035858154,52.50320022583008,,,0.003516666218050511,0.0072741554083227515,0.012225660918734501,0.009058687956027333,-0.0016648196504182033,0.017150392458719077,0.5479989566603565,0.010376160100515317,-0.0039012240762877066,49.35305225363454,0.46830863575777926,0.521338184237484,0.7399997711181635,71.9008368682307,160143100.0,Bull / High Vol,-0.003335191793672476,0
2019-04-11,54.04999923706055,54.18999862670898,53.52000045776367,53.790000915527344,8147600,-0.003335191793672476,-0.0033407659431787043,2019,4,2,3,53.57350044250488,52.571800231933594,,,0.0032156951913827,0.007232555761838876,0.01226089793722224,0.009079160980862392,-0.0005573909228349105,0.013949136458230704,0.5551300954151144,0.01245581255887095,0.0014822681961832954,61.805572112417074,0.4380133978258698,0.5046732269551611,0.6949996948242178,64.46281382558651,151995500.0,Bull / High Vol,0.013199462212087454,1
2019-04-12,54.09999847412109,54.5,53.869998931884766,54.5,9014000,0.013199462212087454,0.013113108363646753,2019,4,2,4,53.65150051116943,52.657200241088866,,,0.006872356391824574,0.0077489978929005466,0.01254712349608891,0.009127805075704326,0.010569250724990598,0.02946734820094954,0.6954919560113297,0.011559652625967603,0.005763107516591567,67.59999664306379,0.465924310483004,0.49692344366072977,0.6949996948242182,93.58967879925075,161009500.0,Bull / High Vol,0.0023853406993621373,1
2019-04-15,54.5,54.75,54.310001373291016,54.630001068115234,7694900,0.0023853406993621373,0.002382500290235062,2019,4,2,0,53.710000610351564,52.73360023498535,,,0.006018457047700149,0.005828687090222839,0.012397683369969551,0.009056519571111926,0.01693968404195423,0.021885559365495855,0.628274345947292,0.008054157387995902,0.0,64.70590679672641,0.4928526114687699,0.4961092772223378,0.6692853655133923,95.08200822036456,168704400.0,Bull / High Vol,-0.0007322151701492086,0
2019-04-16,54.66999816894531,54.90999984741211,54.33000183105469,54.59000015258789,7265200,-0.0007322151701492086,-0.0007324833706051935,2019,4,2,1,53.73750057220459,52.804800262451174,,,0.006294338318600101,0.005138059463214059,0.012189842318455,0.008919596319086039,0.014118489609538765,0.010177631897532402,0.6236097383443339,0.010624620163697262,0.0007321453422672987,71.39419726369071,0.5051427729800153,0.4979159763738733,0.6149994986397874,84.90566716749588,161439200.0,Bull / High Vol,-0.002015032241144743,0
2019-04-17,54.68000030517578,54.83000183105469,54.38999938964844,54.47999954223633,7792200,-0.002015032241144743,-0.0020170651499881453,2019,4,2,2,53.82950057983398,52.869600219726564,,,0.006662894791814027,0.005158189382402416,0.010513235541495044,0.008864747374818103,0.00944966296086669,0.03495441059882931,0.7192181472393374,0.00807640317737397,0.0016486563901140434,66.58095871308632,0.5002402266376436,0.49838082642662734,0.6099997929164337,74.09636477701254,153647000.0,Bull / High Vol,0.0007342312016052066,1
2019-04-18,54.43999862670898,54.66999816894531,54.22999954223633,54.52000045776367,8233000,0.0007342312016052066,0.0007339617857441231,2019,4,2,3,53.853500556945804,52.93480026245117,,,0.006087129116636173,0.004824481681786869,0.00874021686557643,0.008847714037059693,0.0135712870386957,0.008882300779132768,0.7907526220753774,0.008070407612154162,-0.0007342312016052721,61.87682693953438,0.49388941320193425,0.4974825437816887,0.602142333984374,75.31646333660882,161880000.0,Bull / Normal,0.0018341612854271272,1
2019-04-22,54.400001525878906,54.68000030517578,54.20000076293945,54.619998931884766,6088100,0.0018341612854271272,0.001832481265587862,2019,4,2,0,53.946000480651854,53.0228002166748,,,0.0018176820007573418,0.0048213607982976955,0.0066733986307027995,0.00884138036155302,0.0022018152639406985,0.03505776877151634,0.6145914618819233,0.00878798153831756,-0.002201007536266037,50.75751992960158,0.4912624215431336,0.4962385193339777,0.5692849840436652,81.64548863194644,167968100.0,Bull / Normal,0.005858654358878335,1
2019-04-23,54.75,55.13999938964844,54.720001220703125,54.93999862670898,10923400,0.005858654358878335,0.005841559180759496,2019,4,2,1,54.056000328063966,53.101000213623045,,,0.0030154412463157545,0.00464092602837711,0.006710753225242807,0.008752283231140549,0.005674492998951619,0.04171400982606377,1.1073664084798676,0.007644670175530933,0.0023801001585033984,65.61257491801416,0.5091328462232951,0.4988173847118412,0.5564278193882524,88.95021918732047,178891500.0,Bull / Normal,0.004368432553074841,1
2019-04-24,55.0,55.52999877929688,54.959999084472656,55.18000030517578,8769800,0.004368432553074841,0.00435891864875934,2019,4,2,2,54.15100040435791,53.18000022888184,,,0.003087354194702628,0.004687048811421639,0.006458130741593238,0.008705988103063472,0.01080784302873683,0.03566069011655437,0.9022506884062258,0.010329824060743271,0.0010921254967387855,70.89547033863926,0.5364772405230624,0.5063493558740855,0.560713631766183,84.09095638060994,187661300.0,Bull / Normal,-0.0030808623179118255,0
2019-04-25,55.150001525878906,55.220001220703125,54.58000183105469,55.0099983215332,8226100,-0.0030808623179118255,-0.0030856179443548475,2019,4,2,3,54.26100025177002,53.25580017089844,,,0.0034614748504607673,0.005005645765179366,0.00607892165857654,0.008729164482715365,0.009728318350773701,0.0416587178760206,0.8659581321807016,0.011634237578187948,-0.0005436531194448212,72.79686990735124,0.5382257987235022,0.5127246444439688,0.5535706111363002,76.3635827686415,179435200.0,Bull / Normal,0.007271433159130369,1
2019-04-26,55.220001220703125,55.4900016784668,55.0099983215332,55.40999984741211,7101600,0.007271433159130369,0.007245123750125469,2019,4,2,4,54.37200031280518,53.335600204467774,,,0.004071618532152925,0.00489038888192993,0.006082318060315794,0.008583224532575581,0.016324273334111794,0.0417371926681791,0.7555420085122952,0.008662756871601255,0.0038175405485827473,75.51718649494423,0.5653710780250307,0.5232539311601813,0.5557139260428298,94.54549552986188,186536800.0,Bull / Normal,-0.005955567898685565,0
2019-04-29,55.290000915527344,55.4900016784668,55.08000183105469,55.08000183105469,6443000,-0.005955567898685565,-0.005973373021458561,2019,4,2,0,54.44050045013428,53.407600250244144,,,0.005850638485070928,0.0041372160848581994,0.006049614569102463,0.008622251175397055,0.00842187675147299,0.025507405882233547,0.7043677799022872,0.007443715210280678,-0.002165654795437977,72.51653454190856,0.5538711436598192,0.5293773736601088,0.5421425955636165,78.15546206038313,180093800.0,Bull / Normal,0.004538852427180773,1
2019-04-30,55.060001373291016,55.380001068115234,54.84000015258789,55.33000183105469,10562300,0.004538852427180773,0.004528582899358556,2019,4,2,1,54.478000450134275,53.47980026245117,,,0.00564172337981866,0.004267468696432787,0.005008265895065233,0.008531857620082602,0.007098711577981476,0.013741296717459495,1.1846801275048398,0.00975964029743193,-0.0003631165050614687,73.73414970979363,0.558492321651066,0.5352003632583003,0.5357142857142867,90.04989476361162,190656100.0,Bull / Normal,-0.008133033581193327,0
2019-05-01,55.31999969482422,55.41999816894531,54.79999923706055,54.880001068115234,7792700,-0.008133033581193327,-0.00816628712299049,2019,5,2,2,54.51450042724609,53.537000274658205,,,0.006686506938857298,0.005196294348154277,0.005031480826118579,0.00861206912041457,-0.00543673859009397,0.013481062265297439,0.889093495893218,0.011297356410675786,-0.0001807723820615332,63.112370704486715,0.5198508210775188,0.532130454822144,0.5399998256138397,67.66177840955436,182863400.0,Bull / Normal,-0.005102087983683168,0
2019-05-02,54.810001373291016,55.04999923706055,54.459999084472656,54.59999847412109,9652200,-0.005102087983683168,-0.005115148076012068,2019,5,2,3,54.5415002822876,53.59360023498535,,,0.0068961434020594755,0.005450569613506465,0.005172640672718,0.008642240531226149,-0.0074531877826221615,0.009988847338373574,1.1217344919236092,0.010805863902496896,-0.0012755046184736304,61.34448034740375,0.4613155259952606,0.5179674690567674,0.5342856815883101,43.9758800806136,173211200.0,Bull / Normal,0.003479898291504746,1
2019-05-03,54.79999923706055,55.02000045776367,54.66999816894531,54.790000915527344,11066500,0.003479898291504746,0.0034738574557180487,2019,5,2,4,54.59000034332276,53.64720024108887,,,0.005817962625202316,0.005546904195787076,0.005076043322570485,0.00864716794437672,-0.01118929676217495,0.018023062545583945,1.2780203935861658,0.006388068679866907,0.0036630177386223766,54.75409672037239,0.4253542727410533,0.4994448297936246,0.5135716029575909,44.36097989106561,184277700.0,Bull / Normal,0.001095045767315117,1
2019-05-06,53.900001525878906,55.0,53.83000183105469,54.84999847412109,9305400,0.001095045767315117,0.0010944466420387024,2019,5,2,0,54.63600025177002,53.69460021972656,,,0.005538286550287132,0.00553217445216671,0.005069275924323551,0.008176561833302067,-0.004175805179511105,0.01705911670200777,1.0790683651164543,0.021330869671716258,-0.016243828705544226,53.69122276114279,0.3971182895637071,0.47897952174764113,0.5657144274030428,59.99991024225548,193583100.0,Bull / Normal,-0.015496782092384698,0
2019-05-07,54.20000076293945,54.63999938964844,53.650001525878906,54.0,11712400,-0.015496782092384698,-0.015618112337841194,2019,5,2,1,54.650000190734865,53.72340019226074,,,0.007565131693971104,0.007104031175682322,0.0061832858308753956,0.008236923687920549,-0.02403762492391981,0.005212188624987624,1.3458143237232465,0.018333293773509837,-0.011850459968350055,42.216366540617415,0.302664369884468,0.4437164913750065,0.6100000653948113,18.616967311243158,181870700.0,Bull / Normal,-0.000185154102466778,0
2019-05-08,54.34999847412109,54.43000030517578,53.810001373291016,53.9900016784668,10729800,-0.000185154102466778,-0.0001851712456037222,2019,5,2,2,54.65800018310547,53.75120025634766,,,0.007532891223494885,0.006811651276839364,0.006169797738789159,0.008229111427334559,-0.01621718972898345,0.0029723173317783846,1.2262803754339349,0.011483587934986933,0.0064814532244645675,43.360466943447406,0.22441525765011505,0.3998562446300283,0.6228569575718481,18.085140920804267,171140900.0,Bull / Normal,0.004815675374147954,1
2019-05-09,53.459999084472656,54.34999847412109,53.08000183105469,54.25,10711800,0.004815675374147954,0.004804117101898146,2019,5,2,3,54.672000122070315,53.78860023498535,,,0.008197071894916972,0.007142313171540993,0.006235321613188999,0.008243137562517325,-0.00641022864289964,0.005188044709353523,1.208788480635551,0.023410076369887543,-0.009816680450401342,46.547308589508305,0.18129214114834724,0.3561434239336921,0.6821425301688063,47.75508678836331,181852700.0,Bull / Normal,0.0073733000162010676,1
2019-05-10,53.77000045776367,54.970001220703125,53.5099983215332,54.650001525878906,11200300,0.0073733000162010676,0.007346250122909771,2019,5,2,4,54.71500015258789,53.83900024414063,,,0.008913331947509888,0.007156062319315282,0.006367168248031457,0.008276009681557903,-0.0025551996223596163,0.015988112952481925,1.2425125371149077,0.02671551433495484,-0.008847917829241072,50.35632509896913,0.17734916998604433,0.3203845731441626,0.7521427699497772,64.08170001806126,193053000.0,Bull / Normal,-0.0223239009449141,0
2019-05-13,53.720001220703125,53.95000076293945,53.38999938964844,53.43000030517578,10664700,-0.0223239009449141,-0.02257685086210526,2019,5,2,0,54.66150016784668,53.857400283813476,,,0.013065176070180224,0.009732850477600096,0.007570892584639012,0.008808854175849859,-0.025888754939806913,-0.019633021923380123,1.1723611787480612,0.010481028824489228,-0.017017388457626847,35.22507814150508,0.07491683970324203,0.27129102645597847,0.8050000326974056,14.285669799393343,182388300.0,Bull / Normal,0.013101268181569647,1
2019-05-14,53.63999938964844,54.619998931884766,53.36000061035156,54.130001068115234,11520800,0.013101268181569647,0.013016188859920775,2019,5,2,1,54.63650016784668,53.89920028686524,,,0.01365689701141595,0.010788546377935308,0.008175415245463695,0.008940265541556289,0.002407427187319122,-0.009152480143219788,1.240387529587702,0.02327726393257718,0.003930359035620548,40.57451907107728,0.049650353024389915,0.22696289176966078,0.852857044764927,43.568435831564486,193909100.0,Bull / Normal,0.007943844387416243,1
2019-05-15,53.90999984741211,54.810001373291016,53.84000015258789,54.560001373291016,8573000,0.007943844387416243,0.007912458164202107,2019,5,2,2,54.635000228881836,53.943200302124026,,,0.01402546159058044,0.01099180278937534,0.00838588075699205,0.00896483835467073,0.010557504669453488,-0.0005495288370218621,0.91655970975431,0.017778614301464695,-0.0040643121441339605,46.14067918602368,0.06359087523561158,0.19428848846285093,0.876428604125976,61.41077327559053,202482100.0,Bull / Normal,0.0014662392658331136,1
2019-05-16,54.90999984741211,55.150001525878906,54.54999923706055,54.63999938964844,10013800,0.0014662392658331136,0.0014651653866218622,2019,5,2,3,54.64300022125244,53.98900032043457,,,0.01394800043801956,0.010883947370863732,0.008377846297395826,0.008934470850733948,0.007188928841445952,0.0029368547862793637,1.0580340185756616,0.010981008336761255,0.00641492788327586,43.01269789180795,0.08016986260070524,0.17146476329042182,0.8849999564034593,64.73019325162599,212495900.0,Bull / Normal,-0.002562214334046242,0
2019-05-17,54.18999862670898,54.91999816894531,54.18999862670898,54.5,9057100,-0.002562214334046242,-0.002565502422919537,2019,5,2,4,54.64200019836426,54.02740028381348,,,0.013607822608800857,0.010844770085345266,0.008398772795605785,0.008914709755055213,-0.002744767094066347,-0.000366846250839048,0.95280325361308,0.013394487013510738,-0.008235738798794953,44.54885465859174,0.08107743856891858,0.1533872983461212,0.9078570774623326,60.68377740391512,203438800.0,Bull / Normal,-0.015412846836475036,0
2019-05-20,53.95000076293945,54.36000061035156,53.52999877929688,53.65999984741211,9820200,-0.015412846836475036,-0.015532859515326156,2019,5,2,0,54.594000244140624,54.04520027160645,,,0.010919053902486197,0.011793734879285386,0.0090614767929467,0.009115988932473895,0.004304689143227458,-0.017575963076635115,1.0131913381127065,0.01546779413743717,-0.010091729120377008,35.87138725245616,0.013855983766980273,0.12548103543029301,0.9385713849748879,24.786278805900075,193618600.0,Bull / Normal,0.00950425499410068,1
2019-05-21,54.209999084472656,54.27000045776367,54.02999877929688,54.16999816894531,8482000,0.00950425499410068,0.009459373713928396,2019,5,2,1,54.555500221252444,54.07540023803711,,,0.009994119842332014,0.011283775635073148,0.009238406562520106,0.009190405876359914,0.0007389081847559709,-0.014015298089019801,0.8862859217734078,0.004430527719758691,0.010249706273286021,44.05357447512746,0.001715325639715104,0.10072789347217743,0.9378572191510877,52.65683568050892,202100600.0,Bull / High Vol,0.0005538599780006148,1
2019-05-22,54.22999954223633,54.54999923706055,54.040000915527344,54.20000076293945,8389700,0.0005538599780006148,0.0005537066541736748,2019,5,2,2,54.506500244140625,54.10340026855469,,,0.009063469911752822,0.011282140766835922,0.009168136466056789,0.009190362137024934,-0.006598251489923768,-0.01776004959797739,0.8783858062854468,0.009409562995466351,0.0011076495351519753,46.50351492500988,-0.005422764547518,0.07949776186823836,0.9321428026471814,54.10623657023651,210490300.0,Bull / Normal,-0.020664186644266502,0
2019-05-23,53.720001220703125,53.720001220703125,52.5099983215332,53.08000183105469,11213900,-0.020664186644266502,-0.020880678561835956,2019,5,2,3,54.4100004196167,54.10380027770996,,,0.01223101378178821,0.012940896557847881,0.010179998737449025,0.009572320751971812,-0.0285504680823494,-0.03508446735805548,1.1559935097199572,0.022795833787292833,-0.008856079990399912,37.142852225949575,-0.10029813160185341,0.043538583174220005,1.0228571210588717,21.59101582085972,199276400.0,Bull / High Vol,-0.005840266816073192,0
2019-05-24,53.380001068115234,53.470001220703125,52.59000015258789,52.77000045776367,9090700,-0.005840266816073192,-0.00585738786786636,2019,5,2,4,54.27800045013428,54.09820030212402,52.27100025177002,,0.012106911865891704,0.012534103334890426,0.009989908091958741,0.009582831624363642,-0.03174311086672166,-0.04764481856918357,0.927611563741854,0.016676161843499966,0.005651831701426789,34.92754560637954,-0.19821713976619293,-0.004812561413862583,1.0021430424281519,9.848553812452948,190185700.0,Bull / High Vol,-0.019329172804917194,0
2019-05-28,53.08000183105469,53.27999877929688,51.75,51.75,28230400,-0.019329172804917194,-0.01951842394679335,2019,5,2,1,54.111500358581544,54.07440032958984,52.33630023956299,,0.012936328977777425,0.012059120660278614,0.010665837150043763,0.009863407203936365,-0.03559448104441665,-0.060457547573595005,2.5924458319195076,0.029565193802838303,0.005874575906800231,34.087693796881126,-0.35404298450555416,-0.0746586460322009,1.025714601789202,0.0,161955300.0,Bull / High Vol,-0.0011594468268796287,0
2019-05-29,51.43000030517578,51.810001373291016,51.04999923706055,51.68999862670898,12448700,-0.0011594468268796287,-0.0011601195053586976,2019,5,2,2,53.92950019836426,54.03900032043457,52.40540023803711,,0.010063116097436266,0.010693025167636226,0.010527408956611589,0.009797247855157513,-0.0457817911402123,-0.06578715134440338,1.1333686277205395,0.014703079056337304,-0.006183568982110507,33.84829940647188,-0.4768805167489987,-0.15510302017556046,1.035714830671038,15.609732496829443,149506600.0,Bear / High Vol,0.0005804332519103728,1
2019-05-30,51.93000030517578,52.02999877929688,51.459999084472656,51.720001220703125,8569500,0.0005804332519103728,0.0005802648656852366,2019,5,2,3,53.771500205993654,53.99260032653809,52.455500259399415,,0.010069618162955995,0.009965888460852603,0.010499039592684927,0.009763700882959985,-0.04575644847466653,-0.05758017102605417,0.7774449780429289,0.011020875509880292,0.0046430970176654564,31.64008561744332,-0.5652928434387832,-0.237140984828205,0.9857150486537398,16.341502673543044,158076100.0,Bear / High Vol,-0.02165511833231959,0
2019-05-31,51.2400016784668,51.36000061035156,50.5099983215332,50.59999847412109,11847100,-0.02165511833231959,-0.021893031368095412,2019,5,2,4,53.57150020599365,53.95180030822754,52.48700023651123,,0.010355328203019295,0.010866618103661687,0.01130277886262169,0.0101504881767436,-0.046721990794707624,-0.07326007530743595,1.064200948763024,0.016798464712466057,-0.009280733389545782,23.39028471345692,-0.7174646251203569,-0.33320571288663536,0.967857905796597,1.9396571214345666,146229000.0,Bear / High Vol,-0.00711456139348321,0
2019-06-03,50.560001373291016,51.08000183105469,49.88999938964844,50.2400016784668,17434400,-0.00711456139348321,-0.007139990568794138,2019,6,2,0,53.344000244140624,53.87580032348633,52.51060024261474,,0.010258561608655941,0.010726645986873964,0.011194551685632818,0.010164870061265582,-0.04794388397479454,-0.08304433584652648,1.5225506373580502,0.02368635353601696,-0.0007904565619804747,26.370393896939987,-0.8572289890527571,-0.4380103681198597,0.9628579275948671,6.654033206708643,128794600.0,Bear / High Vol,0.03542991082462077,1
2019-06-04,50.790000915527344,52.2400016784668,50.630001068115234,52.02000045776367,17073200,0.03542991082462077,0.03481671325135294,2019,6,2,1,53.202500343322754,53.86080032348633,52.55300025939941,,0.0210304820037416,0.0170415104235705,0.014270113922287362,0.011173907591313877,0.0052174001500227,-0.05159522506992675,1.4420937269699958,0.030949646216530926,0.01094743667765999,36.52618060711651,-0.8149677876421748,-0.5134018520243228,1.0157151903424955,40.494300438472436,145867800.0,Bear / High Vol,0.0015378319041416955,1
2019-06-05,52.77999877929688,53.2400016784668,51.84999847412109,52.09999847412109,15855300,0.0015378319041416955,0.0015366506515492083,2019,6,2,2,53.10750026702881,53.84800025939941,52.595800247192386,,0.02098886100575107,0.01657338532585327,0.013961651158618598,0.011173213223120732,0.007931898980555463,-0.035185213442202046,1.3161944892714124,0.02667952485711007,0.014609733080457616,33.556129346804425,-0.7661881694185695,-0.5639591155031721,1.0457153320312516,42.015174656495944,161723100.0,Bear / High Vol,0.009405022894774184,1
2019-06-06,52.09000015258789,52.7400016784668,51.86000061035156,52.59000015258789,10266900,0.009405022894774184,0.009361071030897318,2019,6,2,3,53.03750019073486,53.83420028686523,52.63880023956299,,0.021234908587282695,0.01705896807093857,0.014179297842086932,0.011235389595884266,0.016821324658757186,-0.02593075536867928,0.8539258556911964,0.016733239504885807,-0.00019190636902153362,37.008882100761184,-0.6801505777198855,-0.5871974079465149,1.0657152448381713,53.67796060015896,171990000.0,Bear / High Vol,0.012740029796564745,1
2019-06-07,52.79999923706055,53.41999816894531,52.77999877929688,53.2599983215332,11591800,0.012740029796564745,0.012659558368485816,2019,6,2,4,52.988000106811526,53.84320022583008,52.689600219726564,,0.01595509353089799,0.016449462071059965,0.0144646046763226,0.011338336430042876,0.052569168530164134,-0.018248878865747442,0.960605941324295,0.01201651163758442,0.003993137171769383,42.63657134003218,-0.5515440570404451,-0.5800667377653009,1.0728579929896773,72.31757601357573,183581800.0,Bear / High Vol,0.014081863004805406,1
2019-06-10,53.68000030517578,54.40999984741211,53.56999969482422,54.0099983215332,12984600,0.014081863004805406,0.013983634656635059,2019,6,2,0,52.95599994659424,53.85960021972656,52.74590019226074,,0.012601721947544626,0.01680428897908489,0.014739801736581036,0.011480410876263615,0.07503973959225108,-0.011710945772666403,1.0681296009752896,0.015552678738984364,0.007885880527201778,52.10083071540441,-0.3846695003025289,-0.5409872902727466,1.0857151576450907,88.41199714143278,196566400.0,Bear / High Vol,-0.0012960506757934143,0
2019-06-11,54.5,54.61000061035156,53.84000015258789,53.93999862670898,11288400,-0.0012960506757934143,-0.0012968912758558777,2019,6,2,1,52.9814998626709,53.86420021057129,52.80470016479492,,0.0068394660573800024,0.015087072344934059,0.0138214575934362,0.011478051821526296,0.03690884567569741,0.009545167857388126,0.9262219924800463,0.01427512935423765,0.009072425360017804,48.54246230147503,-0.2551276494505075,-0.48381536210829884,1.0971437181745272,85.80504639058596,185278000.0,Bear / High Vol,-0.005932512105511267,0
2019-06-12,53.68000030517578,54.04999923706055,53.43000030517578,53.619998931884766,10235400,-0.005932512105511267,-0.005950179364257029,2019,6,2,2,52.955999755859374,53.84500015258789,52.85510013580322,,0.00891284513267559,0.015350601287702636,0.013565798458579543,0.011438443944076416,0.02917467374818994,-0.009421801702695354,0.844274725415223,0.011562829993196577,-0.00482013956530683,46.454756666159916,-0.17625434994329225,-0.4223031596752975,1.1050009046282103,79.02539359260336,175042600.0,Bear / High Vol,0.004102969509242271,1
2019-06-13,53.97999954223633,53.97999954223633,53.43999862670898,53.84000015258789,11289100,0.004102969509242271,0.004094575282848517,2019,6,2,3,52.91999969482422,53.83880012512207,52.90080013275146,,0.008689262176056216,0.0153094422742378,0.013468506358066828,0.011364046076085812,0.023768777265129826,-0.013196502979847646,0.9208743538478731,0.010029734658189725,0.00671392423578529,55.219766831952676,-0.09490047830813353,-0.35682262340186477,1.022857938494003,83.68643519865516,186331700.0,Bear / High Vol,-0.010401214184693752,0
2019-06-14,53.61000061035156,53.83000183105469,53.27999877929688,53.27999877929688,12973000,-0.010401214184693752,-0.010455684849532536,2019,6,2,4,52.85199966430664,53.82320007324219,52.944200134277345,,0.009488562995782497,0.013511441285141083,0.013634095623399765,0.010933013725130279,0.0003755249416821371,-0.024890201785200072,1.0456135090718437,0.010322880337067897,-0.0042719082760863045,53.386441871480756,-0.07475267728033685,-0.3004086341775592,1.0000008174351298,71.82200239226731,173358700.0,Bear / High Vol,-0.0028152724215139147,0
2019-06-17,53.34000015258789,53.54999923706055,52.95000076293945,53.130001068115234,15207900,-0.0028152724215139147,-0.0028192427543808456,2019,6,2,0,52.7834997177124,53.80940010070801,52.98310012817383,,0.0053946062507771,0.013137323595067963,0.013635571455773557,0.010377445130148075,-0.0162932286755344,-0.025137595080454433,1.1960964591127845,0.011293025824559398,0.0011261519269088905,60.36036861661087,-0.07008111010461704,-0.25434312936297077,0.9335722242082879,68.64408560437073,158150800.0,Bear / High Vol,-0.004328995626058041,0
2019-06-18,52.86000061035156,53.59999847412109,52.40999984741211,52.900001525878906,20999700,-0.004328995626058041,-0.0043383928578130185,2019,6,2,1,52.745499801635745,53.78880012512207,53.020100135803226,,0.0052868222900950435,0.008237902034912578,0.013246530140641926,0.009934466670946104,-0.0192806289823505,-0.01416321885378935,1.5820669397152314,0.02249524749308041,-0.005081883160843874,58.85800329862502,-0.0839699470529709,-0.2202684929009708,0.964286259242467,63.77121520706042,137151100.0,Bear / High Vol,-0.004158813125846539,0
2019-06-19,52.75,53.130001068115234,52.25,52.68000030517578,35449500,-0.004158813125846539,-0.004167485040754573,2019,6,2,2,52.670999908447264,53.76800010681152,53.04890014648438,,0.005172522825843945,0.008445434065943804,0.013047192138832037,0.009949298740080078,-0.017530746837632227,-0.027505961124874467,2.424401379842374,0.016704651917566045,-0.002835567515163962,56.837603586469235,-0.11144454691700645,-0.19850370370417797,0.9864292144775391,59.11017360100863,101701600.0,Bear / High Vol,0.08181475604258037,1
2019-06-20,55.97999954223633,57.470001220703125,55.52999877929688,56.9900016784668,54173900,0.08181475604258037,0.07863996063077014,2019,6,2,3,52.81049995422363,53.83120010375976,53.1236001586914,,0.039125272378082235,0.02699333246183596,0.02272369180077056,0.014461824853200245,0.05850671465363089,0.05147603092720021,3.2034389104952528,0.03404110167168598,0.06264235417508765,81.29288033688917,0.21211756612346733,-0.11637944973864893,1.2421433585030692,93.66755374293174,155875500.0,Bear / High Vol,-0.015265883856093176,0
2019-06-21,57.13999938964844,57.150001525878906,56.060001373291016,56.119998931884766,45169000,-0.015265883856093176,-0.015383607097302602,2019,6,2,4,52.96249980926514,53.8742000579834,53.188700141906736,,0.03987556808321424,0.027927451022060755,0.02246148700549822,0.014561276866031163,0.053303307388427035,0.05727198560591451,2.427276159154814,0.019422668804945458,0.002632000469624763,77.42535720080963,0.39380142343782154,-0.014343275103354841,1.2350003378731864,80.26312487277372,110706500.0,Bear / High Vol,0.011047803962622282,1
2019-06-24,56.25,57.29999923706055,55.900001525878906,56.7400016784668,19544200,0.011047803962622282,0.010987222760866944,2019,6,2,0,53.160999870300294,53.93320007324219,53.25250015258789,,0.039145830901171505,0.027841172255819155,0.022428292890285615,0.01459699019462813,0.06794655632932067,0.07523216195309024,1.0215664136820757,0.02467391028846143,0.002316483795251354,74.68618545643466,0.5811174689420753,0.10474887370573119,1.1921430315290178,87.01069064992365,130250700.0,Bear / High Vol,-0.011808282760358946,0
2019-06-25,56.869998931884766,57.18000030517578,56.060001373291016,56.06999969482422,25462100,-0.011808282760358946,-0.01187855426960783,2019,6,2,1,53.376999855041504,53.96460006713867,53.31090015411377,,0.04014301223220288,0.028311407768697793,0.022079288244068008,0.014647416471036621,0.059924349291266665,0.08347825497244865,1.3405913752748684,0.01997501227003131,0.002291104151787566,69.55663861958448,0.6678051814660435,0.21736013525779366,1.172857012067522,75.04453879567096,104788600.0,Bear / High Vol,0.010522563863012646,1
2019-06-26,56.43000030517578,56.84999847412109,56.2400016784668,56.65999984741211,15045200,0.010522563863012646,0.010467587016509046,2019,6,2,2,53.62549991607666,54.00520004272461,53.36940013885498,,0.03916070396863061,0.02813304621205725,0.022083444990326776,0.014564510269986399,0.07555048441875756,0.0961501519200092,0.7867589882555099,0.010765915942411546,0.006420556666862152,69.85364227023817,0.7751781287329607,0.32892373395282704,1.1657139914376384,84.48273594116306,119833800.0,Bear / High Vol,0.0019414156485668688,1
2019-06-27,57.0,57.38999938964844,56.7599983215332,56.77000045776367,12605800,0.0019414156485668688,0.0019395335367870974,2019,6,2,3,53.87799987792969,54.04880004882813,53.42680015563965,,0.012313529695969494,0.028156433867134283,0.022071773172185685,0.014521303597159838,-0.003860347678955267,0.0976411275690201,0.6523112110976426,0.011097429329491534,0.00600070867461218,68.11144730802329,0.8592432713919607,0.43498764144065377,1.1585712432861317,86.59002683441587,132439600.0,Bear / High Vol,0.0035230009041176125,1
2019-06-28,56.900001525878906,57.08000183105469,56.36000061035156,56.970001220703125,42570500,0.0035230009041176125,0.0035168096733125204,2019,6,2,4,54.19650001525879,54.09860008239746,53.48410015106201,,0.009246961990065508,0.02761324822212061,0.021177830066680888,0.014521295049009408,0.015146156539490363,0.12588938613980227,2.0406744740603218,0.012638251804029691,0.0022899606670243717,66.19255684163474,0.9312688056026985,0.5342438742730627,1.127856935773576,90.42145817865057,175010100.0,Bull / High Vol,0.018255170766121376,1
2019-07-01,57.150001525878906,58.09000015258789,57.02999877929688,58.0099983215332,20413000,0.018255170766121376,0.01809054562445278,2019,7,3,0,54.58499984741211,54.16840003967285,53.55160015106201,,0.011168438692591095,0.027580943405087384,0.021101072239884125,0.014672649015279992,0.022382738905493804,0.1546575713272056,0.9715884278501709,0.01827273580350265,0.003159562951007423,70.12856764460186,1.0600490492174615,0.6394049092619425,1.1528568267822255,98.6301056684179,195423100.0,Bull / High Vol,0.007757296603341013,1
2019-07-02,57.880001068115234,58.560001373291016,57.77000045776367,58.459999084472656,17569600,0.007757296603341013,0.007727363478472919,2019,7,3,1,54.90699977874756,54.24520004272461,53.63400012969971,,0.006471884729019893,0.02718643677806887,0.020048765237094764,0.014695728017824221,0.042625279162772145,0.12379851153476595,0.8352656521388778,0.013513529385893763,-0.0022409456503934082,73.63279176353964,1.1847624171932267,0.7484764108481994,1.1649998256138383,98.41517801815941,212992700.0,Bull / High Vol,0.006842311531700895,1
2019-07-03,58.45000076293945,58.95000076293945,58.380001068115234,58.86000061035156,9989100,0.006842311531700895,0.006819009152522698,2019,7,3,2,55.24499988555908,54.32360008239746,53.71230014801026,,0.006378726742739918,0.026752638410195522,0.020021192821195546,0.014694937532434211,0.03882811099301353,0.12975052464902226,0.4816012006883805,0.00968399063733571,-0.00017102842438905788,74.08827172041589,1.3008797085014052,0.8589570703788405,1.1671425955636145,98.65671429344128,222981800.0,Bull / High Vol,0.0071355447602807764,1
2019-07-05,58.52999877929688,59.52000045776367,58.34000015258789,59.27999877929688,13838900,0.0071355447602807764,0.007110207220799234,2019,7,3,4,55.57949981689453,54.40560005187988,53.79280014038086,,0.005587705003758401,0.010290200671563058,0.020009104095511508,0.01471207316640944,0.04421346311949792,0.12721046980981576,0.6615141896273118,0.01990553862136529,-0.005606555005652579,79.18286118444045,1.4105340817384828,0.9692724726507691,1.211428233555384,96.69873915605478,236820700.0,Bull / High Vol,0.0042172740409587295,1
2019-07-08,59.18999862670898,59.66999816894531,59.0099983215332,59.52999877929688,16105600,0.0042172740409587295,0.004208406263945258,2019,7,3,0,55.89299983978272,54.496000061035154,53.8759001159668,,0.005433304653438883,0.007775308604356017,0.019952893902526102,0.014715207562025642,0.04493588737476539,0.11772438331506097,0.761648039970254,0.011086844632048634,-0.0015182212287652196,80.82847952100968,1.500314185195009,1.0754808151596171,1.2157140459333138,98.11321530732494,252926300.0,Bull / High Vol,0.0011758726064101666,1
2019-07-09,59.20000076293945,59.630001068115234,59.0099983215332,59.59999847412109,14348600,0.0011758726064101666,0.0011751818096898431,2019,7,3,1,56.17249984741211,54.579800033569335,53.957700119018554,,0.0027334971292500556,0.007681347436039354,0.01987820708110508,0.014700358021748062,0.027409070825600734,0.10349935801348109,0.6763764838425704,0.010402730913680184,-0.005543390275898921,82.77882165521885,1.559141145778618,1.1722128812834174,1.1750000544956747,99.05660765366233,267274900.0,Bull / High Vol,0.00922823935971473,1
2019-07-10,59.93999862670898,60.5,59.75,60.150001525878906,16059100,0.00922823935971473,0.00918591931927441,2019,7,3,2,56.48299999237061,54.68120002746582,54.04440013885498,,0.0031015468926781607,0.004988610260714608,0.01983878163446742,0.014657105505614826,0.02890869770566118,0.11512797659017693,0.7485901383804002,0.012468827613866649,0.005704700692828408,85.40281354429492,1.6313375418657827,1.2640378133998906,1.1764286586216517,92.95777891033238,283334000.0,Bull / High Vol,-0.0026600140208353773,0
2019-07-11,60.18000030517578,60.209999084472656,59.400001525878906,59.9900016784668,11150200,-0.0026600140208353773,-0.0026635581444717574,2019,7,3,3,56.801500129699704,54.774400024414064,54.127100143432614,,0.004727094937048462,0.005667489405762205,0.019751591791421375,0.014667857341482902,0.019198115127380788,0.118799009203153,0.51865737596636,0.013502209300395732,0.0004987328102388882,73.43746647243528,1.6565474080451708,1.3425397323289467,0.8921427045549665,88.91307628899493,272183800.0,Bull / High Vol,-0.003000505086506622,0
2019-07-12,60.09000015258789,60.09000015258789,59.29999923706055,59.810001373291016,11234300,-0.003000505086506622,-0.0030050156267526456,2019,7,3,4,57.10000019073486,54.87300003051758,54.20500015258789,,0.005107537485164779,0.00622383213998496,0.01984746771462364,0.01467705865047186,0.0089406647251693,0.11088412339865439,0.5226359426595197,0.013208508566932245,0.001666919008555185,82.3117171862933,1.6430616958577886,1.402644125034715,0.8707141876220703,85.00002487846868,260949500.0,Bull / High Vol,-0.004681534652483221,0
2019-07-15,59.84999847412109,59.84999847412109,59.25,59.52999877929688,10721600,-0.004681534652483221,-0.004692527357739695,2019,7,3,0,57.41250019073486,54.97160003662109,54.28260013580322,,0.005579824815576499,0.006972197513128005,0.01964722566246782,0.014692300646676277,0.0,0.11730480749238636,0.501410239682288,0.010078926363589173,0.0006687359958485518,75.97759489669438,1.5914352278612185,1.440402345600016,0.8135713849748879,78.1531189026042,250227900.0,Bull / High Vol,-0.015454362301537183,0
2019-07-16,59.16999816894531,59.47999954223633,58.59000015258789,58.61000061035156,9698900,-0.015454362301537183,-0.015575025757502364,2019,7,3,1,57.68650016784668,55.04800003051758,54.34760013580322,,0.008762024481413392,0.007658825859325334,0.020134029395341566,0.014855864644109757,-0.01661070283750743,0.10314322288852784,0.4595014838369788,0.015185111420921021,-0.0060473814502541075,72.59786187001527,1.459460959083522,1.444214068296717,0.8007142203194755,55.63379966384086,240529000.0,Bull / High Vol,-0.01057838125624011,0
2019-07-17,58.79999923706055,58.95000076293945,57.9900016784668,57.9900016784668,9090900,-0.01057838125624011,-0.010634730069694499,2019,7,3,2,57.94100017547608,55.11080009460449,54.402700157165526,,0.005570228007851332,0.00806053978864225,0.020335632292218582,0.014934687820508531,-0.03591022099114649,0.09621928177256933,0.4431991029641186,0.016554562108749327,0.0032417441516870973,61.769924529779615,1.2899716774796133,1.4133655901332964,0.8135713849748889,39.372012280747015,231438100.0,Bull / High Vol,0.002241718393780179,1
2019-07-18,57.68999862670898,58.13999938964844,57.59999847412109,58.119998931884766,11882300,0.002241718393780179,0.002239209491903056,2019,7,3,3,58.21300010681152,55.19320007324219,54.45830013275147,,0.006866108798030805,0.0077005613841841965,0.02023747278633798,0.014922470572978684,-0.03117190688883187,0.10326496953673159,0.614591975437631,0.00929113774004399,-0.005173358218218824,61.9047522935286,1.1528505491169696,1.361262581930031,0.8000000544956762,42.51204301947154,243320400.0,Bull / High Vol,-0.009979319115906438,0
2019-07-19,58.310001373291016,58.52999877929688,57.52000045776367,57.540000915527344,11663500,-0.009979319115906438,-0.010029446289777207,2019,7,3,4,58.24050006866455,55.2642000579834,54.50770015716553,,0.0067371905038351755,0.0075329170012059755,0.009472416633411852,0.014983145973740383,-0.03795352626053228,0.009650802261133462,0.6777904849571017,0.017552977154379208,0.0032691404834492214,54.71074484384951,0.986013919617811,1.286212849467587,0.8207141331263966,14.69746273250939,231656900.0,Bull / Normal,0.0010427104212566984,1
2019-07-22,57.880001068115234,58.08000183105469,57.54999923706055,57.59999847412109,8761700,0.0010427104212566984,0.0010421671763440258,2019,7,3,0,58.31450004577637,55.33120002746582,54.55990013122559,,0.007781696745394285,0.0072592729006164215,0.008713237687417781,0.014974470743521193,-0.03242063404588891,0.02637205221676253,0.5693943008580524,0.009201434167264148,0.005908935474071926,45.95660571422545,0.8488509647741793,1.1987404725289055,0.7792857033865808,2.6844976055728047,240418600.0,Bull / Normal,-0.0026041269992225224,0
2019-07-23,58.060001373291016,58.13999938964844,57.45000076293945,57.45000076293945,8141100,-0.0026041269992225224,-0.002607523636067164,2019,7,3,1,58.35,55.38720001220703,54.613100128173826,,0.006028283112829482,0.007098890180346688,0.008443130676348791,0.014957231090279502,-0.019791841585601877,0.012513201682581299,0.5494209588597344,0.012010419800622476,0.007986161655483414,39.41299958014271,0.7197479666141149,1.1029419713459474,0.772142682756698,0.0,232277500.0,Bull / Normal,0.011488247844164912,1
2019-07-24,57.45000076293945,58.220001220703125,57.380001068115234,58.11000061035156,10778700,0.011488247844164912,0.011422759015572072,2019,7,3,2,58.452000045776366,55.480800018310546,54.66910015106201,,0.0078022773322717065,0.0075743009285649384,0.008237569347266578,0.014994958728078205,0.0020693038180981116,0.03638310908918463,0.7653462260259042,0.014455345788419338,0.0,42.54471849304782,0.6630461984291145,1.0149628167625808,0.7914284297398174,23.39742923550751,243056200.0,Bull / Normal,0.0030975787865283877,1
2019-07-25,58.369998931884766,58.630001068115234,58.08000183105469,58.290000915527344,8175900,0.0030975787865283877,0.003092791173483562,2019,7,3,3,58.53350009918213,55.56400001525879,54.73160015106201,,0.007860913585149952,0.00785210486951317,0.007988294857591956,0.01499034837389492,0.002925016978094108,0.02876810929235618,0.5950451838851117,0.009435567480220052,0.004474243999351942,39.66597858669637,0.6254246528460143,0.9370551839792676,0.7464283534458721,29.166671761082494,251232100.0,Bull / Normal,0.003602660510796385,1
2019-07-26,58.34000015258789,58.650001525878906,58.20000076293945,58.5,6057200,0.003602660510796385,0.0035961864739304174,2019,7,3,4,58.62000007629395,55.64279998779297,54.7930001449585,,0.005175201034007233,0.00811075304262964,0.00800230454190012,0.014945968396127012,0.0166840297045181,0.030473833508658066,0.45160739561909813,0.007692320734007746,0.0008577669630337582,39.157890171878364,0.6055738001921611,0.8707589072218463,0.7314284188406823,35.897413952260024,257289300.0,Bull / Normal,-0.007521344046307443,0
2019-07-29,58.790000915527344,58.790000915527344,57.79999923706055,58.060001373291016,7439300,-0.007521344046307443,-0.007549771988364552,2019,7,3,0,58.67450008392334,55.71120002746582,54.850100173950196,,0.007157227878201593,0.008256381861075504,0.008235389361299148,0.014966431358248915,0.007986161655483492,0.019132879221209764,0.638239186340053,0.017051354720122713,0.004957280607305021,34.96094026486864,0.5480204063789671,0.8062112070532705,0.7578569139753084,21.79488903750998,249850000.0,Bull / Normal,-0.00981742475614944,0
2019-07-30,57.7599983215332,58.150001525878906,57.43000030517578,57.4900016784668,6367200,-0.00981742475614944,-0.009865933418442706,2019,7,3,1,58.64850025177002,55.77100006103515,54.899200172424315,,0.008765871840242186,0.007421321858232513,0.00749517244453674,0.015029393925069004,0.0006962735421431887,-0.008963914120186822,0.5812838327923434,0.012523938070657693,-0.005167120989697755,24.124454419084742,0.4512134081475665,0.7352116472721298,0.744999749319895,3.8869500867406153,243482800.0,Bull / Normal,-0.020699293906125793,0
2019-07-31,57.880001068115234,57.880001068115234,55.619998931884766,56.29999923706055,11966700,-0.020699293906125793,-0.02091652723668137,2019,7,3,2,58.540500259399415,55.823800048828126,54.93450016021728,,0.010094250036301865,0.009210404721187221,0.008494812809359662,0.015286031125696152,-0.0311478463995849,-0.036948338714323015,1.1211556803085012,0.04014213440242428,0.006783777670239901,20.097179098147222,0.2752964665361688,0.6432286111249377,0.8485715048653749,15.212530637045736,231516100.0,Bull / Normal,-0.007460003101897761,0
2019-08-01,56.29999923706055,56.84999847412109,55.52000045776367,55.880001068115234,10215200,-0.007460003101897761,-0.0074879680911154435,2019,8,3,3,58.391500282287595,55.858000106811524,54.96670017242432,,0.008645794140927312,0.009117380807375461,0.008325204532277431,0.015177890798870886,-0.04134499587510099,-0.05062860195948149,0.9560456890109309,0.023800966194259844,0.0,19.344715950343314,0.10082839377335517,0.5347485676546212,0.8871427263532371,8.314105664519701,221300900.0,Bull / Normal,-0.0007158359835853778,0
2019-08-02,56.18999862670898,56.18999862670898,55.0,55.84000015258789,12644400,-0.0007158359835853778,-0.000716092316498591,2019,8,3,4,58.219500350952146,55.890800094604494,54.99710018157959,,0.00725314305917033,0.008897327567568045,0.00802353756666797,0.015178558706174072,-0.045470082861745476,-0.05802966763741546,1.190047735931453,0.02131086360059451,0.005547558208094335,20.097191523563595,-0.040203113974882854,0.4197582313287204,0.9292855943952293,18.750005321843826,208656500.0,Bull / Normal,-0.03724931635692863,0
2019-08-05,55.09999847412109,55.09999847412109,53.68999862670898,53.7599983215332,16204600,-0.03724931635692863,-0.037960796193295204,2019,8,3,0,57.931000328063966,55.90440002441406,55.00410015106201,,0.014274843125606273,0.013847063011527716,0.010910985619363277,0.01593647817926804,-0.07406136669049268,-0.0969259293815129,1.5244114102729334,0.026227676551979048,-0.01325217901942482,16.916721354474248,-0.31616580185065146,0.27257342469284607,1.0157143729073665,1.3307921367954119,192451900.0,Bull / Normal,0.003720252402972024,1
2019-08-06,54.20000076293945,54.45000076293945,53.61000061035156,53.959999084472656,13149500,0.003720252402972024,0.0037133493793639664,2019,8,3,1,57.649000358581546,55.928199996948244,55.01320014953613,,0.016636705829010126,0.014199326039269912,0.011001575885269078,0.015914682426681058,-0.061402026281664246,-0.09463086466516224,1.2440262002825893,0.015567089822831486,0.008184569478120872,20.839311631306558,-0.5128183790476086,0.11549506394475513,1.0071430206298833,6.756726901567561,205601400.0,Bull / Normal,-0.011489972987475006,0
2019-08-07,53.130001068115234,54.06999969482422,52.970001220703125,53.34000015258789,16344100,-0.011489972987475006,-0.011556492758243385,2019,8,3,2,57.30850028991699,55.96,55.01720016479492,,0.015996846771983122,0.012819018148703506,0.01056811748424876,0.01571839171371316,-0.05257547290558717,-0.11321697756501448,1.5441738828923606,0.02062239353157792,-0.015381727769455416,17.70268431188984,-0.7105054312007368,-0.04970503508434325,1.047142846243722,6.357370297008936,189257300.0,Bull / Normal,0.024559455746973047,1
2019-08-08,53.720001220703125,54.75,53.720001220703125,54.650001525878906,12460700,0.024559455746973047,0.02426272092894514,2019,8,3,3,57.0415002822876,56.0192000579834,55.02910018920898,,0.02262394171814097,0.016293494855816337,0.012574427008259479,0.015947083043753855,-0.022011444501173427,-0.08901483585896719,1.1700308641685502,0.018847186652119863,0.007124129490592023,32.22632001238718,-0.7527899872268264,-0.1903220255128399,1.0757143838065006,28.86598613862165,201718000.0,Bull / Normal,-0.01372369586567801,0
2019-08-09,54.2400016784668,54.470001220703125,53.52000045776367,53.900001525878906,8471300,-0.01372369586567801,-0.013818736319085952,2019,8,3,4,56.74600028991699,56.062800064086915,55.0277001953125,,0.022864703884701947,0.016041905764578125,0.012731394326658907,0.016015817020003646,-0.03474209565558317,-0.09881290272050225,0.8058894150730517,0.017625245566706173,-0.007502284281144227,29.024959885126606,-0.8371691694441097,-0.31969145429909385,1.1178572518484928,15.979387524759485,193246700.0,Bull / Normal,-0.012059397170273267,0
2019-08-12,53.68000030517578,53.790000915527344,53.0,53.25,6580100,-0.012059397170273267,-0.012132701634858299,2019,8,3,0,56.43200035095215,56.115800094604495,55.033800201416014,,0.016329569918847927,0.016089728892601886,0.012824836722784356,0.01608871576489799,-0.009486576217561549,-0.10549301038253867,0.6385554503712639,0.014835697944175469,-0.0040816551850651845,27.467815550452016,-0.9455897995198512,-0.4448711233432453,1.1328574589320586,4.810975841560277,186666600.0,Bull / Normal,0.013521149684565748,1
2019-08-13,53.13999938964844,54.2400016784668,53.0,53.970001220703125,11014800,0.013521149684565748,0.013430554659195777,2019,8,3,1,56.20000038146973,56.19040008544922,55.03310020446777,,0.017689306790952524,0.01750662916861472,0.013267746086779948,0.016184167902080448,0.00018536205337604805,-0.07916736634240762,1.062132248714136,0.02297575783620933,-0.00206573916153169,27.93178446402311,-0.9623227906681819,-0.5483614568082327,1.1614289964948377,17.182131485149554,197681400.0,Bull / Normal,-0.03057256788139484,0
2019-08-14,53.34999847412109,53.369998931884766,52.2400016784668,52.31999969482422,12489200,-0.03057256788139484,-0.03104965793265749,2019,8,3,2,55.9165002822876,56.19640007019043,55.028600196838376,,0.022291498491379007,0.018658270234260293,0.014484507539549888,0.016542647095824137,-0.019122618201083408,-0.09777550990739148,1.1848914293846282,0.021597806957360403,-0.011487914259008811,22.488489113528132,-1.0960900958753825,-0.6579071846216626,1.245714732578822,1.2213439034433033,185192200.0,Bear / Normal,0.005160559238122087,1
2019-08-15,52.650001525878906,52.720001220703125,51.959999084472656,52.59000015258789,11257000,0.005160559238122087,0.005147289186642049,2019,8,3,3,55.640000343322754,56.20620010375976,55.02710018157959,,0.017277429813559893,0.019057309604986552,0.014576056879921528,0.01650853034607609,-0.037694443106566555,-0.09514795046328028,1.0711658741796404,0.014451457197667834,0.006307374483554003,22.914776364837252,-1.1668639868471615,-0.7596985450667624,1.2678576878138945,9.22402487874516,196449200.0,Bear / Normal,0.019015021812103683,1
2019-08-16,53.18000030517578,53.70000076293945,53.0099983215332,53.59000015258789,9913100,0.019015021812103683,0.018836495851364113,2019,8,3,4,55.442500305175784,56.226200103759766,55.0302001953125,,0.02028708686811498,0.02061010299653316,0.015457908377389386,0.01669685155955075,-0.0057514167813552675,-0.06864790928207187,0.9512080210409352,0.01287558200114932,0.0112188657706033,30.514395066639082,-1.1292439414621214,-0.8336076243458342,1.2764290400913778,26.332801699912242,206362300.0,Bear / Normal,0.005224832590028594,1
2019-08-19,54.220001220703125,54.369998931884766,53.7599983215332,53.869998931884766,8273100,0.005224832590028594,0.005211230510718185,2019,8,3,0,55.25600032806396,56.2384001159668,55.040800170898436,,0.019381080721423603,0.017044628281106596,0.015549686464251918,0.01648842888662662,0.011643172429760762,-0.0647569382126314,0.7957076740186744,0.011323568265202122,0.011755944510569502,33.81037487733606,-1.064564585145746,-0.8797990165058166,1.2807145799909314,32.26350012533081,214635400.0,Bear / Normal,-0.0165212438703366,0
2019-08-20,53.52000045776367,53.84000015258789,52.900001525878906,52.97999954223633,7577800,-0.0165212438703366,-0.016659241661184574,2019,8,3,1,55.03250026702881,56.21780014038086,55.03870018005371,,0.019751730558979864,0.017783882241407645,0.015829270402633967,0.0166138757623982,-0.018343554865198453,-0.07780680872656642,0.7308133526923294,0.017742518588729047,-0.006497094506418032,34.74265530859765,-1.0727551879450914,-0.9183902507936716,1.1885713849748878,20.85890767027285,207057600.0,Bear / Normal,0.0049075526326343155,1
2019-08-21,53.52999877929688,53.93000030517578,53.16999816894531,53.2400016784668,6113100,0.0049075526326343155,0.00489554984972133,2019,8,3,2,54.78900032043457,56.203800201416016,55.03400020599365,,0.012740323532576514,0.017533942249472204,0.015558159121488438,0.016424581515095352,0.017584135875551077,-0.08380655447828778,0.6031246932258849,0.014275020891628853,0.010381261642369166,37.68658017654347,-1.0462062853912073,-0.9439534577131788,1.161428724016462,30.260111879762224,213170700.0,Bear / Normal,-0.0009392007922878198,0
2019-08-22,53.58000183105469,53.720001220703125,52.88999938964844,53.18999862670898,6744900,-0.0009392007922878198,-0.0009396421177023611,2019,8,3,3,54.53400020599365,56.1952001953125,55.0201001739502,,0.012840079655170316,0.015264915812145792,0.015483813615102392,0.01642420549027923,0.01140898407264146,-0.08749360454135491,0.6701897276127726,0.01560447175191142,0.006386178472368559,37.651450081199975,-1.0174721318451603,-0.9586571925395752,1.1357146671840128,39.1719675580586,206425800.0,Bear / Normal,-0.03026878806584221,0
2019-08-23,53.060001373291016,53.31999969482422,51.25,51.58000183105469,11374500,-0.03026878806584221,-0.030736346983118307,2019,8,3,4,54.18800029754639,56.15000022888184,54.99440017700195,,0.015481533258104706,0.01735784536064085,0.016382638602097977,0.01690099089036901,-0.03750696614685756,-0.11829056699051821,1.1011100645399867,0.040131826702998245,-0.0024440168598290667,39.3762415884301,-1.1117972871892547,-0.9892852114695112,1.1300002506801061,9.428623744419642,195051300.0,Bear / Normal,0.010663032522992388,1
2019-08-26,52.13999938964844,52.31999969482422,51.83000183105469,52.130001068115234,8582300,0.010663032522992388,0.010606583316954748,2019,8,3,0,53.891500282287595,56.1270002746582,54.975100173950196,,0.016740532703679745,0.017706182000205354,0.016801568487696292,0.01671004807191412,-0.032299942421934125,-0.10213572450764219,0.826239653110854,0.009399536806632318,0.010856873569488576,41.37607326516736,-1.129154124605705,-1.01725899409675,1.1228572300502233,25.142887660435267,203633600.0,Bear / High Vol,0.00498749887216543,1
2019-08-27,52.43999862670898,52.619998931884766,52.220001220703125,52.38999938964844,13853100,0.00498749887216543,0.004975102500506177,2019,8,3,1,53.63650016784668,56.112200241088864,54.96080017089844,,0.016256206622028826,0.017070252016009462,0.016914909957023997,0.01668798952496458,-0.011136280817019117,-0.08871111741032689,1.2872863617673227,0.007635001256760366,0.005946624827202423,45.365851661551254,-1.1091443262813954,-1.0356360605336792,1.0792857578822546,32.5714111328125,217486700.0,Bear / High Vol,-0.008398523226475163,0
2019-08-28,52.20000076293945,52.20000076293945,51.619998931884766,51.95000076293945,7499000,-0.008398523226475163,-0.008433989538704304,2019,8,3,2,53.419000244140626,56.09320022583008,54.94100017547608,,0.015901371221661655,0.01427866756901486,0.0165136489915677,0.016096700006213934,-0.02422991876142433,-0.07726462758560082,0.7116090297198069,0.01116461641071725,-0.0036266201359514724,35.607673478218615,-1.1159269180293876,-1.0516942320328209,1.033571515764509,21.739145887236642,209987700.0,Bear / High Vol,0.004042330729328247,1
2019-08-29,52.650001525878906,52.810001373291016,52.09000015258789,52.15999984741211,6858000,0.004042330729328247,0.004034182461746128,2019,8,3,3,53.23300018310547,56.082800216674805,54.92540016174316,,0.016352710971177742,0.014232698746175,0.016582629231772377,0.016103730528584468,-0.019364519757285037,-0.06657124462414754,0.6613160942428471,0.0138037044250269,0.013474509194595159,40.15836171701074,-1.0917717348195453,-1.0597097325901659,1.0142857687813895,29.166671761082494,216845700.0,Bear / High Vol,-0.0019171486659054215,0
2019-08-30,52.5,52.54999923706055,51.75,52.060001373291016,7920000,-0.0019171486659054215,-0.0019189887475918948,2019,8,3,4,53.044000244140626,55.98420021057129,54.90770015716553,,0.007272210072847914,0.012431624849560908,0.016574924034738352,0.016059651698157297,0.009305923326806465,-0.06769338769641264,0.7815267598907046,0.015366869303829491,0.006518407852425628,42.82268369798447,-1.068381976852038,-1.0614441814425404,1.0071427481515067,25.96159136508744,208925700.0,Bear / High Vol,-0.0032655009442584815,0
2019-09-03,51.93999862670898,52.0,51.54999923706055,51.88999938964844,10128000,-0.0032655009442584815,-0.00327084432818817,2019,9,3,1,52.950500297546384,55.899600219726565,54.88690013885498,,0.0055214759232944275,0.012106677916557607,0.014535042519107831,0.015976412492677297,-0.004603907031446308,-0.0347842074082757,1.030296495079439,0.008672205978657692,-0.0023050853518341405,36.56329195650652,-1.0514427865201839,-1.059443902458069,0.9549999237060547,20.512807972720015,198797700.0,Bear / Normal,0.020813294348778433,1
2019-09-04,52.34999847412109,53.130001068115234,52.220001220703125,52.970001220703125,10558300,0.020813294348778433,0.02059965698437777,2019,9,3,2,52.90100040435791,55.82420021057129,54.87870014190674,,0.011280349645677158,0.013391995580978347,0.01534830495539029,0.016102335117187117,0.01107085012047726,-0.018346884369284777,1.0884149672907504,0.017179532309628102,0.008864888993704915,54.532787251565786,-0.9400350949051628,-1.035562140947488,0.9200000762939453,55.128263126169934,209356000.0,Bear / Normal,0.016424370621776152,1
2019-09-05,53.72999954223633,54.33000183105469,53.630001068115234,53.84000015258789,10414500,0.016424370621776152,0.016290949568957405,2019,9,3,3,52.92600040435791,55.77960021972656,54.87210014343262,,0.010874613627338374,0.014318145126673915,0.015593539755930879,0.016243758367923664,0.036381123424289674,0.009373828244650717,1.1074377880380344,0.013001500017748545,0.014347711988274614,58.04376151896696,-0.7726355915817322,-0.9829768310743369,0.9628571101597377,83.01285382246246,219770500.0,Bear / Normal,-0.012630020491244287,0
2019-09-06,54.09999847412109,54.13999938964844,53.13999938964844,53.15999984741211,11636100,-0.012630020491244287,-0.012710457195878372,2019,9,3,4,52.85150032043457,55.70960021972656,54.85740013122559,,0.014154005262384825,0.014975683306736045,0.014780046775440375,0.01630877311560702,0.019171779197189043,-0.02726443983283744,1.2427866977253867,0.01881113624662061,0.004829092139605034,47.11409072941138,-0.6869222091448393,-0.9237659066884374,0.9549999237060547,61.21796478495248,208134400.0,Bear / Normal,0.025959388112797743,1
2019-09-09,53.619998931884766,54.68000030517578,53.45000076293945,54.540000915527344,17803800,0.025959388112797743,0.025628163229096043,2019,9,3,0,52.883500289916995,55.66500022888184,54.85690013885498,,0.016579633122757283,0.01271439543936642,0.015658686846097294,0.01664298351584034,0.047637331479377876,0.011873828785350815,1.8112555680406042,0.022552246453779425,0.00865310545133588,53.91814060484596,-0.501854121070906,-0.8393835495649311,1.007857186453683,95.91838550459654,225938200.0,Bear / Normal,0.017051710479730087,1
2019-09-10,54.540000915527344,55.470001220703125,54.13999938964844,55.470001220703125,19976400,0.017051710479730087,0.016907961869900418,2019,9,3,1,52.99450035095215,55.635000228881836,54.86680015563965,,0.015105151175443074,0.013146445609085457,0.01576216573705094,0.016719617608344155,0.06899213476901411,0.04169016376907275,1.902632067699429,0.02397695694584354,0.0,64.49360671848555,-0.2769505619554167,-0.7268969520430283,1.033571788242885,100.0,245914600.0,Bear / Normal,0.014782759631852604,1
2019-09-11,55.27000045776367,56.290000915527344,55.15999984741211,56.290000915527344,16749400,0.014782759631852604,0.014674559666721747,2019,9,3,2,53.11050033569336,55.60060028076172,54.884500160217286,,0.014610240672774947,0.013399706000111684,0.015812458405687353,0.016809119031773775,0.06267697976806175,0.04298683791643598,1.5528718496432439,0.02007463225681932,-0.0036055662256738266,66.66666666666666,-0.032174856942141616,-0.587952533022851,1.046428952898298,100.0,262664000.0,Bear / Normal,-0.04263637390023345,0
2019-09-12,54.34000015258789,54.880001068115234,52.900001525878906,53.88999938964844,28184400,-0.04263637390023345,-0.0435719951208836,2019,9,3,3,53.18900032043457,55.50920028686524,54.87720016479492,,0.028103740080694616,0.020398810999506228,0.017290478010801295,0.017721565234464998,0.0009286633900231767,0.03000763960209918,2.4358127845515107,0.036741502406041224,-0.03464204532285865,53.04348258755981,-0.03148546782017547,-0.4766591199823159,1.2292859213692802,52.38093075568836,234479600.0,Bear / Normal,-0.0025978732832446783,0
2019-09-13,54.0,54.720001220703125,53.33000183105469,53.75,14736700,-0.0025978732832446783,-0.002601253611755178,2019,9,3,4,53.24700031280518,55.4070002746582,54.86530017852783,,0.02727746873733469,0.020500130114076146,0.01729396045766634,0.017715812348942095,0.011098573255857724,0.022057422400578286,1.25473985350995,0.025860453760901164,0.002041206375903062,60.81753954658723,-0.04175458186671932,-0.3896782123591966,1.1807144709995814,46.413501770131575,219742900.0,Bear / Normal,-0.011348848564680214,0
2019-09-16,53.400001525878906,53.56999969482422,52.790000915527344,53.13999938964844,15204200,-0.011348848564680214,-0.011413738161832339,2019,9,3,0,53.224500274658205,55.284200286865236,54.84490016937256,,0.024187794479541436,0.020973149664246907,0.016980883041136537,0.01420102278936636,-0.02566926113637691,-0.0083971032218354,1.26602705551827,0.01467818570296817,-0.006511599518531977,55.00494700822258,-0.09798536569912386,-0.33133964302718205,1.1964288439069475,33.54429513835516,204538700.0,Bear / High Vol,-0.005080927001596236,0
2019-09-17,53.18000030517578,53.20000076293945,52.34999847412109,52.869998931884766,11111400,-0.005080927001596236,-0.005093878801252537,2019,9,3,1,53.1745002746582,55.15100028991699,54.82350017547608,,0.02096533402979211,0.02103401592606088,0.01696129321072651,0.014088829362595144,-0.046872223392848245,-0.018563208090359162,0.9144210555335872,0.016077214034247847,0.0007527458785619754,52.37623481911351,-0.16246267882874577,-0.2975642501874948,1.22214344569615,27.848084966315593,193427300.0,Bear / High Vol,-0.005863392563959291,0
2019-09-18,52.81999969482422,52.84000015258789,51.86000061035156,52.560001373291016,8911800,-0.005863392563959291,-0.005880649740269073,2019,9,3,2,53.153500366210935,55.010200347900394,54.79500019073486,,0.016595259236185718,0.020062489803567608,0.01660500166944669,0.01401481310796618,-0.06626398084153207,-0.007927485326051809,0.7293995455064436,0.01864534848993224,-0.0009457014955677142,53.05918021897966,-0.23585681568332006,-0.2852227632866599,1.2392861502511165,21.308054400460982,184515500.0,Bear / High Vol,0.015410912051561754,1
2019-09-19,52.38999938964844,53.66999816894531,52.38999938964844,53.369998931884766,14855000,0.015410912051561754,0.015293370028033696,2019,9,3,3,53.160000228881835,54.87460029602051,54.77790016174316,,0.010188990880010037,0.019969313113814037,0.01693994627439874,0.014105106345361962,-0.009649294185435808,0.002441721437258071,1.173835982201628,0.023983488943488944,-0.0032344364383705406,55.72374228669634,-0.2260563277393075,-0.27338947617718945,1.269286019461496,38.39660443776292,199370500.0,Bear / High Vol,0.0018737547464819926,1
2019-09-20,53.709999084472656,54.25,53.41999816894531,53.470001220703125,59517000,0.0018737547464819926,0.0018720014578706059,2019,9,3,4,53.174000358581544,54.74420028686524,54.75930015563965,,0.010307542205718914,0.019528004863076796,0.01694114810063478,0.014032232811153606,-0.005209279614825535,0.005264196300496682,3.891603696817545,0.015522756912399656,0.00637062318516864,56.669817309625195,-0.207824351720852,-0.260276451285922,1.2750004359654024,40.50635661934244,258887500.0,Bear / High Vol,0.010286127258354982,1
2019-09-23,53.16999816894531,54.16999816894531,53.060001373291016,54.02000045776367,13863100,0.010286127258354982,0.01023358504811357,2019,9,3,0,53.29600028991699,54.628400268554685,54.75070014953613,,0.009377084326187411,0.017836000859794317,0.01543742318928609,0.014101729511658728,0.016560050399373027,0.04730512873382531,0.899143054035429,0.020547885713591656,-0.005610679725244777,59.72603159683913,-0.1472970883315341,-0.23768057869504441,1.3178571973528186,48.75845820797073,272750600.0,Bear / High Vol,-0.012402850388097186,0
2019-09-24,54.13999938964844,54.4900016784668,53.119998931884766,53.34999847412109,15354800,-0.012402850388097186,-0.01248040769196575,2019,9,3,1,53.35700016021728,54.50480026245117,54.738200149536134,,0.011376584691197527,0.01696916226848852,0.015649945963802352,0.014170061934608258,0.009078864231768291,0.02340298064471069,0.9744902978088755,0.02567952738080376,0.0022213796902609906,51.80264336058148,-0.15164429561530568,-0.22047332207909667,1.327142987932478,33.63426097349674,257395800.0,Bear / High Vol,0.009184661527300575,1
2019-09-25,53.310001373291016,53.95000076293945,52.88999938964844,53.84000015258789,11607200,0.009184661527300575,0.009142739024101133,2019,9,3,2,53.42950019836426,54.4094002532959,54.728700141906735,,0.010798036977201365,0.01637136641140424,0.015730290193869817,0.014008683281326583,0.024353096382286665,0.027677052487730114,0.7419369994033029,0.01968798978987494,-0.0007497113772078688,50.0,-0.11423363414380105,-0.19922538449203755,1.305714470999582,44.695246181428026,269003000.0,Bear / High Vol,0.002228806306550535,1
2019-09-26,54.11000061035156,54.33000183105469,53.470001220703125,53.959999084472656,13324300,0.002228806306550535,0.00222632620220564,2019,9,3,3,53.53000011444092,54.328800201416016,54.71980014801025,,0.009048696617505514,0.00934179752837,0.015557421115582898,0.01396725461401785,0.011054902836721059,0.038691016208167506,0.8361278938133954,0.015937743234673875,0.005014867329094797,54.16666169961411,-0.07404891467368202,-0.17419009052836645,1.2957145145961222,47.404025495609226,282327300.0,Bear / High Vol,0.0024092118295206966,1
2019-09-27,54.18999862670898,54.59999847412109,53.619998931884766,54.09000015258789,12391100,0.0024092118295206966,0.002406314331558724,2019,9,3,4,53.62650012969971,54.248200225830075,54.720700149536135,,0.00904653406855143,0.009311152990302577,0.015550508778059918,0.01393547829978694,0.011595266836176954,0.03700153970133768,0.764298876629735,0.018117943048100247,0.0042624081938226885,47.305385391677945,-0.0313508422514559,-0.14562224087298437,1.2571430206298828,50.33858665045492,294718400.0,Bear / High Vol,0.01737841789715766,1
2019-09-30,54.25,55.27999877929688,54.04999923706055,55.02999877929688,17445100,0.01737841789715766,0.01722914018482903,2019,9,3,0,53.775,54.19800018310547,54.73110012054443,,0.010957818824580199,0.009617609284068837,0.01589377057467571,0.014102448786345638,0.018696747741105524,0.05704950687015553,1.045328466147311,0.022351436843917934,0.0029580300787714884,47.36840664304845,0.07744498348350248,-0.10100879600168701,1.2500000000000004,71.55751581420115,312163500.0,Bear / High Vol,-0.022351436843917938,0
2019-10-01,55.040000915527344,55.63999938964844,53.75,53.79999923706055,16443200,-0.022351436843917938,-0.02260501590245669,2019,10,4,1,53.870499992370604,54.122000198364255,54.72660011291504,,0.014841350386662686,0.012466800955913156,0.016828847776459394,0.014346375186425946,0.008434878646861543,0.03680863114045696,0.9669973459794794,0.035130100677520024,0.00018175788574112416,35.803868024530686,0.06368169277284608,-0.06807069824678039,1.3042855943952294,51.32273156632731,295720300.0,Bear / High Vol,-0.012081742014856456,0
2019-10-02,53.5,53.560001373291016,52.68000030517578,53.150001525878906,15923700,-0.012081742014856456,-0.01215531948983497,2019,10,4,2,53.879500007629396,54.03600021362305,54.711600112915036,,0.015227453877962682,0.013034528129616956,0.016491780554496717,0.014405131621293357,-0.012815724828258879,0.003398155579151352,0.921902011618361,0.01655693401413656,-0.005576194076484114,44.72935742426303,0.00032110123550666003,-0.054392338350322984,1.142142704554967,34.1270193681729,279796600.0,Bear / High Vol,0.013358401958407429,1
2019-10-03,53.060001373291016,53.880001068115234,52.93999862670898,53.86000061035156,11268500,0.013358401958407429,0.01326996521876637,2019,10,4,3,53.88050003051758,53.95100021362305,54.7159001159668,,0.01681877286443624,0.012799823872512864,0.016347626886239194,0.014468474454991255,-0.0018531963643021454,0.0003714795265041815,0.6507805786307648,0.017452700162532014,-0.001693323612494522,50.72464205155422,0.0073140564706193345,-0.04205105938613452,1.1100000653948112,52.91006999668989,291065100.0,Bear / High Vol,0.023765294556102656,1
2019-10-04,54.0,55.18000030517578,53.84000015258789,55.13999938964844,13659500,0.023765294556102656,0.023487295810886176,2019,10,4,4,53.9795000076294,53.88800018310547,54.72600009918213,,0.020063949767461772,0.014699211534056391,0.016867951119663785,0.014837349773716847,0.019412076799750322,0.03724604115725394,0.7842836661493421,0.024301780330441062,0.0025993202388031626,62.10654558150615,0.11481768121160485,-0.010677311266586647,1.1371429988316137,86.77248250082752,304724600.0,Bull / High Vol,-0.006166125432560676,0
2019-10-07,55.06999969482422,55.36000061035156,54.75,54.79999923706055,12352100,-0.006166125432560676,-0.006185214494808495,2019,10,4,0,53.992499923706056,53.81400016784668,54.72840007781983,,0.01887058875796083,0.014735837326009988,0.01596854369245539,0.014849140288682734,-0.004179530207855775,0.004767112526013584,0.720493445353447,0.011131398154090243,-0.001269490308288976,61.58464374915848,0.17061318493372823,0.025580787973476328,1.1200000217982706,77.77776656467226,292372500.0,Bull / High Vol,-0.01368613157740306,0
2019-10-08,54.290000915527344,54.709999084472656,53.77000045776367,54.04999923706055,14771500,-0.01368613157740306,-0.013780650061938278,2019,10,4,1,53.92149982452393,53.73380012512207,54.72250007629395,,0.01665194678357019,0.014875601145695767,0.015755257657296434,0.014928693945786732,0.0046468402145958265,-0.025599458308874,0.8748970900928114,0.017391279185522246,-0.009306538843677532,58.49485994357549,0.15255424129797035,0.050975478638375135,1.1214286259242472,51.07691838191106,277601000.0,Bull / High Vol,0.00888065770604518,1
2019-10-09,54.150001525878906,54.9900016784668,54.060001373291016,54.52999877929688,12803100,0.00888065770604518,0.008841456582291522,2019,10,4,2,53.8334997177124,53.67460006713867,54.72280006408691,,0.01508846473480867,0.014858233859489398,0.015493694991981357,0.014873565694545897,0.025964199695197587,-0.03126669226514389,0.7672782331223928,0.017054838180720254,0.0018501811328387708,56.872038128899746,0.17495754818568798,0.0757718925478377,1.0971431732177739,62.49996778126337,290404100.0,Bull / High Vol,0.01760504164057286,1
2019-10-10,54.45000076293945,55.59999847412109,54.34999847412109,55.4900016784668,13789000,0.01760504164057286,0.01745186803383429,2019,10,4,3,53.91349983215332,53.6584001159668,54.74110008239746,,0.01576473483178209,0.01572680466533641,0.012667842126476427,0.015013286151293522,0.03026366597927521,0.029690152290588134,0.86361448560011,0.02252658068462574,-0.001467045995750167,60.86021840579273,0.26709760624306966,0.1140370352868841,1.1235716683524,94.9325081900029,304193100.0,Bull / Normal,0.025229729119379707,1
2019-10-11,55.91999816894531,57.33000183105469,55.709999084472656,56.88999938964844,18675200,0.025229729119379707,0.02491671344802497,2019,10,4,4,54.07049980163574,53.67860008239746,54.76830009460449,,0.01618349286504814,0.017229756193512902,0.013677425316879857,0.01537655152297028,0.03173739607129078,0.058418593295784804,1.1553904652074978,0.028476054912329688,0.007749080509496149,64.13792896092505,0.44792399215158696,0.18081442665982467,1.175714765276228,90.53758501029557,322868300.0,Bull / Normal,-0.007558451569504188,0
2019-10-14,56.83000183105469,57.209999084472656,56.40999984741211,56.459999084472656,11079600,-0.007558451569504188,-0.007587161424090085,2019,10,4,0,54.23649978637695,53.691000061035155,54.79090007781983,,0.016462751202988984,0.017074091343168295,0.013494169973011687,0.015353720583074864,0.030291968440201655,0.062476472204682665,0.6943275527015518,0.014169310131649623,-0.0010546239978456917,65.69123035006695,0.5501905209587576,0.25468964551961126,1.1350002288818364,81.29026965388812,311788700.0,Bull / Normal,-0.0019482928114644693,0
2019-10-15,56.630001068115234,56.81999969482422,56.34999847412109,56.34999847412109,9150100,-0.0019482928114644693,-0.0019501932026509017,2019,10,4,1,54.41049976348877,53.742800064086914,54.82360004425049,,0.013508832633367203,0.014817947451397168,0.013411886534653306,0.015354475567881427,0.0425531779745798,0.06582181979462098,0.5769568475674599,0.008340749484119003,0.0030110164080631593,63.16893834076986,0.6152689148285404,0.3268054993813971,1.0928573608398449,78.92466590646187,302638600.0,Bull / Normal,-0.008340681787625925,0
2019-10-16,55.790000915527344,56.0099983215332,55.54999923706055,55.880001068115234,8912300,-0.008340681787625925,-0.008375659903981657,2019,10,4,2,54.57649974822998,53.781200103759765,54.854700050354005,53.56285015106201,0.015428028489961913,0.014387027294788739,0.013511818089319916,0.015387213986206093,0.02475705701520936,0.06316589817502005,0.5619615530853563,0.008231909013601088,-0.009937845142106322,59.71661568173664,0.621751978323438,0.38579479516980525,1.0885715484619145,68.81719812628695,293726300.0,Bull / Normal,-0.014674296334115544,0
2019-10-17,56.0099983215332,56.2400016784668,54.9900016784668,55.060001373291016,9917700,-0.014674296334115544,-0.014783028847027337,2019,10,4,3,54.660999870300294,53.81560012817383,54.88780006408692,53.61205015182495,0.015586312733680666,0.015303954284463269,0.013748036175470851,0.015416878056284793,-0.007749149255164789,0.031665776189412576,0.635244858175278,0.022702505790462273,0.0023263645478372105,54.588467118511936,0.5543327278753623,0.4195023817109167,1.1078572954450345,51.18280187371305,283808600.0,Bull / Normal,-0.009262661160736263,0
2019-10-18,54.95000076293945,55.2599983215332,54.18000030517578,54.54999923706055,12562900,-0.009262661160736263,-0.009305826363157415,2019,10,4,4,54.714999771118165,53.813600082397464,54.91640007019043,53.66090015411377,0.0045397667545648565,0.013631890435068284,0.013962328196510408,0.015446728507497681,-0.04113201226389307,0.020198204445509793,0.947092659464594,0.01979831405063862,-0.0019978315947685853,47.63313731900397,0.454510264629846,0.42650395829470256,1.0971429007393978,40.21501759682355,271245700.0,Bull / Normal,0.010632481011303874,1
2019-10-21,55.060001373291016,55.29999923706055,54.81999969482422,55.130001068115234,8256600,0.010632481011303874,0.010576353683052854,2019,10,4,0,54.770499801635744,53.838200073242184,54.95050006866455,53.703000164031984,0.009698120280493204,0.013954679307303316,0.013974540562459496,0.01550866541979028,-0.023556465425504935,0.020547956329978856,0.6358873646209386,0.008706684798414393,0.009349260189979619,57.00738741012948,0.41739013020961124,0.42468119267768434,1.0157143729073665,52.688171160898136,279502300.0,Bull / Normal,-0.018501731144598077,0
2019-10-22,55.220001220703125,55.43000030517578,54.02000045776367,54.11000061035156,7777100,-0.018501731144598077,-0.018675029041601687,2019,10,4,1,54.80849990844727,53.85540008544922,54.98560009002686,53.73630016326904,0.011221720001995748,0.014575116863806905,0.01434652162275119,0.015652606635725458,-0.03975151596141124,0.014245588715417368,0.616961339860648,0.026058026825125705,0.0016325077243639443,54.86814921423431,0.3021832632472581,0.40018160679159914,1.0364287240164625,26.651506369844743,271725200.0,Bull / Normal,0.0003696259016461312,1
2019-10-23,54.0,54.630001068115234,53.869998931884766,54.130001068115234,10491000,0.0003696259016461312,0.00036955760682105327,2019,10,4,2,54.82299995422363,53.85860008239746,55.02450008392334,53.76755016326904,0.011821383819804705,0.014257328174666187,0.01421029568875015,0.01561111704306205,-0.031317107490152485,0.005386346855599022,0.8359575702328665,0.014040312603617162,-0.0020329072095874035,51.472194107729194,0.2100732670926888,0.36215993885181713,1.023571559361049,10.112372794361107,282216200.0,Bull / Normal,0.0024015749280030807,1
2019-10-24,54.470001220703125,54.650001525878906,53.93999862670898,54.2599983215332,6449200,0.0024015749280030807,0.0023986957557129663,2019,10,4,3,54.83799991607666,53.89740005493164,55.046900062561036,53.799950160980224,0.011245207690556026,0.012834623479135299,0.014211541230100488,0.015397506686715952,-0.01452965913193538,0.005559659787816251,0.5283663466718008,0.013085199431127936,0.006281177644169021,44.513709364795865,0.14588346961355825,0.3189046450041654,0.9785717555454804,13.76397962780999,288665400.0,Bull / Normal,-0.001658683291041907,0
2019-10-25,54.040000915527344,54.41999816894531,54.0099983215332,54.16999816894531,6307000,-0.001658683291041907,-0.0016600604292066165,2019,10,4,4,54.84199981689453,53.92900001525879,55.067600059509275,53.83170015335083,0.010664056878522689,0.008563618128885285,0.01420997410122284,0.015371238505196916,-0.006966105837395986,0.0014789797768857138,0.5299234060287085,0.0075687624380824685,-0.004054504474957805,45.945939311459455,0.08675032870849719,0.2724737817450318,0.9642859867640909,11.235886429219713,282358400.0,Bull / Normal,0.008676411973234543,1
2019-10-28,54.34999847412109,54.68000030517578,54.27000045776367,54.63999938964844,7280200,0.008676411973234543,0.008638988224317556,2019,10,4,0,54.82249984741211,53.95,55.088100051879884,53.86345014572144,0.0101373938134992,0.009483462412856563,0.013782099809683018,0.01541573852200234,-0.008888112986999208,-0.007087032496812751,0.6389797669280004,0.007503657613323179,0.0033228781846067162,53.938584915702336,0.07692531194485497,0.23336408778499643,0.9271433694022048,22.254329843145513,289638600.0,Bull / Normal,0.00292825492678217,1
2019-10-29,54.720001220703125,55.310001373291016,54.560001373291016,54.79999923706055,8333900,0.00292825492678217,0.0029239759395990506,2019,10,4,1,54.87249984741211,53.968600006103514,55.103500061035156,53.89655014038086,0.0038783005730047906,0.00968007054037283,0.012772173944085063,0.014633872204947761,0.01275177636159519,0.018587360858383528,0.7584539875737281,0.013686131577403098,0.0014641623709432886,51.882847859593596,0.08111452809801278,0.2029141758475997,0.9135717664446155,26.87859901501512,297972500.0,Bull / Normal,0.0009123948495737277,1
2019-10-30,55.18000030517578,55.18000030517578,54.45000076293945,54.84999847412109,6284900,0.0009123948495737277,0.0009119788703985725,2019,10,4,2,54.95749969482422,54.00599998474121,55.111900062561034,53.92890012741089,0.0038092251718403955,0.009526566785171034,0.012396761336047895,0.01462764433819247,0.013301263473093794,0.03198488992355797,0.5982160788953433,0.013309016637087985,0.006934326157038419,44.88815194930467,0.08746083854651232,0.1798235083873822,0.8764288766043532,28.323662459110352,304257400.0,Bull / Normal,-0.00656329636589037,0
2019-10-31,54.720001220703125,54.84999847412109,54.2400016784668,54.4900016784668,8260600,-0.00656329636589037,-0.006584929503901214,2019,10,4,3,54.98899974822998,54.030999984741214,55.117400093078615,53.96105012893677,0.0056308482801660596,0.0086116745888944,0.012205192847620717,0.014573621427381325,0.004238911980251947,0.011697011900778875,0.79768822408969,0.011194655475581433,-0.0023700502649839812,27.011504752662006,0.06271862128392058,0.1564025309666899,0.7885714939662388,18.562955636443377,295996800.0,Bull / Normal,0.009359484415922603,1
2019-11-01,54.810001373291016,55.150001525878906,54.54999923706055,55.0,7313600,0.009359484415922603,0.009315955834256607,2019,11,4,4,54.98199977874756,54.06720001220703,55.13120010375977,53.9931501197815,0.00648970241691248,0.008641384910625658,0.0111487291092503,0.014276693722474865,0.01532216834244804,-0.0025389806165779794,0.7285637722421346,0.010909132523970171,0.005872631399655018,36.22641183507246,0.0833025778952532,0.14178254035240256,0.778571537562779,38.305111046455245,303310400.0,Bull / Normal,0.008181832053444582,1
2019-11-04,55.2599983215332,55.75,55.2599983215332,55.45000076293945,8757000,0.008181832053444582,0.008148542322957364,2019,11,4,0,55.01449985504151,54.144599990844725,55.14730010986328,54.024050121307376,0.006385681822355399,0.008363596766278288,0.011197215799532806,0.014194262153808824,0.014824329837830774,0.011861341878255383,0.8882577438537321,0.008836820049140454,0.004727242209694602,42.02129062672688,0.13437778906004638,0.14030159009393134,0.7985714503696981,66.66666666666667,312067400.0,Bull / Normal,0.003967491487446351,1
2019-11-05,55.7599983215332,55.84000015258789,55.5099983215332,55.66999816894531,10759300,0.003967491487446351,0.0039596417487590485,2019,11,4,1,55.09549980163574,54.21539993286133,55.171200103759766,54.057700119018556,0.006401132657556739,0.00500054743676617,0.010692110470968262,0.014103033815302127,0.015875893138633357,0.029972228580050997,1.1140280896229713,0.005927821841366148,0.005590578076257483,48.051919558655435,0.19041225994963185,0.15032372406507144,0.7692857469831195,75.94924687983878,322826700.0,Bull / Normal,0.0005389365004664359,1
2019-11-06,55.709999084472656,55.88999938964844,55.59999847412109,55.70000076293945,10572100,0.0005389365004664359,0.0005387913263480808,2019,11,4,2,55.15399990081787,54.28159996032715,55.19690010070801,54.09000011444092,0.006436167302531194,0.004991466289723343,0.01055213845016008,0.0140044120382069,0.015496851640194764,0.021456116079848098,1.1074361033115399,0.005206479561133253,0.0007185363183585961,56.95651741244024,0.23453733996864656,0.16716644724578647,0.7007143838065016,90.59412952216206,333398800.0,Bull / Normal,0.005026907997516039,1
2019-11-07,55.959999084472656,56.630001068115234,55.86000061035156,55.97999954223633,9677700,0.005026907997516039,0.005014315279500167,2019,11,4,3,55.17849979400635,54.36219993591308,55.227700080871585,54.1239001083374,0.0035084258736311266,0.005032703055995205,0.009870396695961776,0.01340149536035523,0.027344426828277202,0.008830381130798814,1.0360564827800318,0.013754920758488299,0.004667833356767126,66.36157783736981,0.288771566366556,0.19148747106994038,0.6900002615792415,76.44923830505945,343076500.0,Bull / Normal,0.009110434805303491,1
2019-11-08,55.97999954223633,56.4900016784668,55.77000045776367,56.4900016784668,5869600,0.009110434805303491,0.009069185139770319,2019,11,4,4,55.15849990844727,54.44879997253418,55.265800094604494,54.157350120544436,0.0034395148557514804,0.005044682864983285,0.00827234538114298,0.01343086832200386,0.027090939608487297,-0.007031072516664905,0.6746185903993048,0.012745639924057207,0.0,65.81397742051675,0.36865585641900367,0.22692114813975306,0.6878574916294647,94.92756227212038,348946100.0,Bull / Normal,-0.0010621591699100374,0
2019-11-11,56.20000076293945,56.61000061035156,56.18000030517578,56.43000030517578,5018000,-0.0010621591699100374,-0.0010627236607159405,2019,11,4,0,55.15699996948242,54.536199951171874,55.260200080871584,54.191900119781494,0.003987694706118026,0.005027457390599664,0.00809889291611048,0.013230181830803987,0.017673571303020053,-0.0005313280159993106,0.597555950909433,0.007620065618471058,-0.0051336680281581235,84.73057243364262,0.4222556224776923,0.2659880430073409,0.6178575243268699,92.75360115435967,343928100.0,Bull / Normal,0.0028353685370694492,1
2019-11-12,56.52999877929688,56.84999847412109,56.41999816894531,56.59000015258789,6184900,0.0028353685370694492,0.0028313564617178915,2019,11,4,1,55.16900005340576,54.630199966430666,55.264900093078616,54.22680011749267,0.003987813945262348,0.0050281831753090705,0.008108811262565336,0.013220681063865043,0.01652599270527344,0.00425912484411195,0.7497502812366655,0.007598521011067889,0.0017720799854741265,85.34485782562004,0.4722012318901392,0.3072306807839006,0.5942859649658203,91.06534930699686,350113000.0,Bull / Normal,-0.006714986165234249,0
2019-11-13,56.209999084472656,56.560001373291016,56.16999816894531,56.209999084472656,6802300,-0.006714986165234249,-0.006737633124448432,2019,11,4,2,55.18549995422363,54.69499992370606,55.25960006713867,54.25605010986328,0.0060335867353127235,0.005918602289437604,0.008025953099658542,0.013061220898364851,0.009156163636402148,0.0059054761998871275,0.8352755108806966,0.006938324331932553,-0.006714986165234296,76.13942362269479,0.4756377212167351,0.34091208887046753,0.5735716138567238,77.46481143442031,343310700.0,Bull / Normal,-0.002134832482463267,0
2019-11-14,55.810001373291016,56.33000183105469,55.63999938964844,56.09000015258789,9056100,-0.002134832482463267,-0.002137114485702234,2019,11,4,3,55.236999893188475,54.73999992370605,55.259800071716306,54.28535011291504,0.005936934791189429,0.00530125025752702,0.007244265507364199,0.01305780276858171,0.0019649984146314914,0.018706842600925144,1.1179404249015517,0.012301701542684245,-0.007116130896578065,75.53195266932556,0.46333719012606167,0.36539710912158635,0.5935717991420196,70.88125461308564,334254600.0,Bull / Normal,0.005883366294521242,1
2019-11-15,56.400001525878906,56.560001373291016,56.27000045776367,56.41999816894531,7216900,0.005883366294521242,0.005866126879192443,2019,11,4,4,55.33049983978272,54.80519989013672,55.257400054931644,54.31340009689331,0.0048255900924515675,0.0049325663919485485,0.0069039001928239115,0.013070739349963242,-0.0012392194625862052,0.03428045752591524,0.9212985421400669,0.005140037662868377,0.005526856346009704,74.58565166076556,0.47474445407925003,0.3872665781131191,0.5907145908900665,83.52487229517924,341471500.0,Bull / Normal,-0.004076560611498414,0
2019-11-18,56.560001373291016,56.560001373291016,55.959999084472656,56.18999862670898,6923300,-0.004076560611498414,-0.004084892435875129,2019,11,4,0,55.383499717712404,54.83819984436035,55.25160003662109,54.33920009613037,0.0051327223458260286,0.004904231267301135,0.006683256296790541,0.012428015771751398,-0.004253086605863321,0.019227236315197516,0.8914041743409554,0.010678097588227353,0.002481446453196868,68.83470655736004,0.45992403410258476,0.40179806931101225,0.5800004686628064,74.71261847865003,334548200.0,Bull / Normal,0.0014237735008000296,1
2019-11-19,56.470001220703125,56.95000076293945,56.2599983215332,56.27000045776367,7199500,0.0014237735008000296,0.0014227608963415512,2019,11,4,1,55.491499710083005,54.85419982910156,55.2446000289917,54.36435009002685,0.00491408320170972,0.0048178645713182235,0.004865018058891147,0.012369709940452956,-0.00565470390460121,0.039918680891659175,0.9304258092197385,0.012262350022978348,0.004983139363542415,69.08606147614537,0.4494532068648027,0.4113290968217704,0.5821435110909599,74.90772933939556,341747700.0,Bull / Normal,-0.0005331220730909747,0
2019-11-20,56.220001220703125,56.619998931884766,55.810001373291016,56.2400016784668,9117000,-0.0005331220730909747,-0.00053326423319142,2019,11,4,2,55.59699974060059,54.853199844360354,55.226900062561036,54.389250106811524,0.0038091303448043934,0.00484317778123656,0.004884797958389163,0.01236272417615687,0.0005337590194416375,0.038980243279441495,1.1887880737838783,0.014402516614857825,-0.0008885593860635627,75.81121408670043,0.43373452840850035,0.4158101831391164,0.5964292798723498,70.4167236221799,332630700.0,Bull / Normal,-0.00017784736721115912,0
2019-11-21,56.220001220703125,56.59000015258789,56.119998931884766,56.22999954223633,8067100,-0.00017784736721115912,-0.0001778631839295067,2019,11,4,3,55.69549980163574,54.89999984741211,55.20460006713867,54.41930009841919,0.0036161318606772424,0.004634628308544762,0.004905564036593055,0.012299281933439252,0.002495977701329588,0.036306695201671735,1.0409094134876549,0.00835854925358999,-0.0003556269055256743,71.28024530192164,0.41567858965188975,0.4157838644416711,0.5828579493931366,57.39643901910506,324563600.0,Bull / Normal,0.002845453471717052,1
2019-11-22,56.41999816894531,57.060001373291016,56.25,56.38999938964844,6346900,0.002845453471717052,0.0028414128321403672,2019,11,4,4,55.8064998626709,54.95279983520508,55.17990005493164,54.44610010147095,0.002598278472130545,0.003654449911853041,0.004841581612208535,0.012295885558476083,-0.0005317047194337565,0.04098211732958501,0.8187387973109032,0.014364273489240511,0.003378954797363456,68.07688075413554,0.40955864153469435,0.4145388198602758,0.5885723658970429,56.774150677784235,330910500.0,Bull / Normal,0.003014754131630326,1
2019-11-25,56.459999084472656,56.68000030517578,56.27999877929688,56.560001373291016,7977700,0.003014754131630326,0.0030102188732329155,2019,11,4,0,55.902499961853025,55.02119987487793,55.15270008087158,54.47275011062622,0.0016498053885003986,0.003769601225200223,0.0045910198078507125,0.012289987929955391,0.006584850607313619,0.03513912893648974,1.0245000590734206,0.0070721625913501025,0.0012413494517091387,67.45099623168753,0.4136578872430263,0.41436263333682594,0.5892868041992188,65.75349266194812,338888200.0,Bull / Normal,-0.0008840709077745368,0
2019-11-26,56.75,56.86000061035156,56.41999816894531,56.5099983215332,12076900,-0.0008840709077745368,-0.0008844619289367992,2019,11,4,1,55.98799991607666,55.0939998626709,55.122500076293946,54.49920009613037,0.00191340323714156,0.0036667795780170424,0.00461807550352708,0.012278317322574069,0.0042651121701993144,0.031204363289775383,1.5145214426259113,0.007786275959569203,0.003359240136063827,65.75866245517363,0.4081666495552767,0.4131234365805161,0.6000011989048544,61.267444828003065,326811300.0,Bull / Normal,0.0017696388566383892,1
2019-11-27,56.900001525878906,56.90999984741211,56.380001068115234,56.61000061035156,5790000,0.0017696388566383892,0.001768074890628434,2019,11,4,2,56.07600002288818,55.17499984741211,55.09260009765625,54.5251501083374,0.0017679539405868207,0.002870286620605309,0.004615846644530224,0.012013815672050471,0.006578928179983068,0.03208755123413298,0.7283637289958581,0.009362281815626067,0.006901490283659979,63.17987891982301,0.40719031657682336,0.4119368125797776,0.5714296613420754,68.30984969576488,332601300.0,Bull / Normal,-0.008302441540994798,0
2019-11-29,56.33000183105469,56.4900016784668,56.09000015258789,56.13999938964844,6479400,-0.008302441540994798,-0.00833709876847886,2019,11,4,4,56.15849990844727,55.23039985656738,55.052500076293946,54.54845010757446,0.0047313963247728056,0.003993212096769704,0.004790613240189512,0.01190562120741174,-0.0016005718179009643,0.030280742528104643,0.8243233529658351,0.007125071788879675,-0.004946100976470845,42.55317422054705,0.3642920629726376,0.4024078626583496,0.5571438925606859,35.211218417977406,326121900.0,Bull / Normal,-0.012646937873026953,0
2019-12-02,56.22999954223633,56.459999084472656,55.380001068115234,55.43000030517578,14314000,-0.012646937873026953,-0.012727591124461155,2019,12,4,0,56.179999923706056,55.26959983825684,55.00690006256104,54.56700010299683,0.006777600007387131,0.005143218135855158,0.005382021375352317,0.011905944066862824,-0.017024279036415124,0.007818187366832374,1.743423035862945,0.019483998022936634,0.0016031377550119034,33.33337571875079,0.2698927400145834,0.3759048381295964,0.6035723005022317,2.976144522504439,311807900.0,Bull / Normal,-0.015154251271210173,0
2019-12-03,54.619998931884766,54.9900016784668,54.459999084472656,54.59000015258789,11963700,-0.015154251271210173,-0.015270250348491853,2019,12,4,1,56.136999893188474,55.28099983215332,54.954700050354006,54.579850101470946,0.007320821661008405,0.006665954465301653,0.006089930403675752,0.011610927801176998,-0.03483028947791733,-0.015509478783025554,1.4292489684157208,0.009708785354693123,-0.01461305013226532,22.82614554697261,0.12584889657873077,0.3258936498194233,0.642143794468471,5.000036679749111,299844200.0,Bull / Normal,-0.0032973127802280455,0
2019-12-04,54.900001525878906,54.900001525878906,54.18000030517578,54.40999984741211,11436800,-0.0032973127802280455,-0.003302760895403113,2019,12,4,2,56.07399997711182,55.302199859619144,54.90350006103515,54.59305009841919,0.006879458202467865,0.006493446815362665,0.006009011059681633,0.01140216107061862,-0.03716153842674752,-0.022633345841136965,1.3607956218666322,0.013232884078704335,0.0056787208724035825,24.13799529302416,-0.0027991406751013415,0.2601550917205184,0.6635723114013672,7.986092254710421,288407400.0,Bull / Normal,0.004962331529514197,1
2019-12-05,54.5,54.83000183105469,54.29999923706055,54.68000030517578,10557400,0.004962331529514197,0.004950059743446395,2019,12,4,3,56.022999954223636,55.3189998626709,54.864200057983396,54.60590009689331,0.008012807124556067,0.006971980348944107,0.006153221400341219,0.011252104660785101,-0.034092921469124016,-0.018312395759289446,1.2562710025036412,0.0096928052493806,0.0016541105098380419,30.578561032382893,-0.08202136536091587,0.19171980030423158,0.6521437508719308,17.361104672340144,298964800.0,Bull / Normal,0.0027432612480198237,1
2019-12-06,55.02999877929688,55.130001068115234,54.61000061035156,54.83000183105469,9088600,0.0027432612480198237,0.0027395053742097926,2019,12,4,4,55.965500068664554,55.33639991760254,54.832600059509275,54.6176501083374,0.008988509575260732,0.007152309757403812,0.006057788422930801,0.00979755221553304,-0.023334477606625992,-0.020543010371302017,1.0852960335215878,0.009483867233233492,0.006400849893337902,26.956656346749327,-0.13118940981262028,0.12713795828086122,0.6557151249476841,22.569489055929004,308053400.0,Bull / Normal,0.008754322929175329,1
2019-12-09,54.84000015258789,55.47999954223633,54.7599983215332,55.310001373291016,11996700,0.008754322929175329,0.00871622602448747,2019,12,4,0,55.906500053405765,55.3607999420166,54.80450008392334,54.6314001083374,0.009334327198140742,0.007852350397980148,0.006026890125109395,0.009849422652752578,-0.002164873375863241,-0.020888657640553476,1.3820032117373564,0.013017559262813738,0.00018235128942746564,38.10818445753133,-0.12992578417828327,0.07572520978903233,0.6642864772251674,39.2361336468095,320050100.0,Bull / Normal,0.009220725164897248,1
2019-12-10,55.400001525878906,55.90999984741211,55.22999954223633,55.81999969482422,10719700,0.009220725164897248,0.009178473805466944,2019,12,4,1,55.876000022888185,55.37659996032715,54.78730007171631,54.647500114440916,0.005110766950271442,0.008502610690436905,0.006448544072365056,0.009786924124378269,0.022531590745526353,-0.01080986367273884,1.1956284725920712,0.01218201914893297,0.0016271949078517172,44.55206034782946,-0.08677150158829505,0.04322586751356686,0.6585720607212606,56.94440213252094,330769800.0,Bull / Normal,0.0087782458105643,1
2019-12-11,55.79999923706055,56.5,55.650001525878906,56.310001373291016,12159600,0.0087782458105643,0.008739941013539703,2019,12,4,2,55.86200008392334,55.42680000305176,54.77440010070801,54.6671501159668,0.0028889783762734516,0.009082291273006068,0.006741719694054655,0.009807681586425681,0.034920079603148135,-0.004947849064179111,1.312496761825812,0.015094982301390343,-0.00035830272076347523,50.76252198224134,-0.012883864221720387,0.03200392116650941,0.6614292689732137,73.95834299148979,342929400.0,Bull / Normal,0.0028414108241880953,1
2019-12-12,56.29999923706055,56.65999984741211,55.7599983215332,56.470001220703125,15413200,0.0028414108241880953,0.002837381647012791,2019,12,4,3,55.875000190734866,55.49319999694824,54.764600105285645,54.68885011672974,0.0033603508398800243,0.009115915745454171,0.006594682618764897,0.00976725345704334,0.03273593462942803,0.0046255495546216885,1.5898050804407415,0.015937692693885515,-0.00017762628283672833,52.53165830358976,0.05791565560800649,0.037186268054808826,0.6921435764857696,79.51389118844995,358342600.0,Bull / Normal,-0.03470874547194702,0
2019-12-13,55.0,55.400001525878906,54.41999816894531,54.5099983215332,21427700,-0.03470874547194702,-0.0353254050173051,2019,12,4,4,55.79600009918213,55.50619995117187,54.72860008239746,54.69885011672974,0.01901484608923575,0.014153297251248906,0.01023353060688694,0.010639337685669157,-0.005836284859290997,-0.02816904665281572,2.077614956167121,0.01797841473325566,-0.02603154221580202,35.62693031191216,-0.04362815022109601,0.021023384399627858,0.7792865208217071,12.087841453888966,336914900.0,Bull / Normal,-0.009539472740379695,0
2019-12-16,54.59999847412109,54.97999954223633,53.70000076293945,53.9900016784668,19951000,-0.009539472740379695,-0.009585264965612354,2019,12,4,0,55.6745002746582,55.483199996948244,54.68560009002685,54.70860012054443,0.018413759657151706,0.013946923782482417,0.010238707491089438,0.010714453271430795,-0.0238654793355626,-0.043069772586700195,1.8219575518866589,0.02370807074465022,0.0016510760476822573,31.349803507303278,-0.16416928984496337,-0.016015150449290392,0.8421434674944196,9.034299010555188,316963900.0,Bull / Normal,-0.021300268385388232,0
2019-12-17,53.88999938964844,54.060001373291016,52.83000183105469,52.84000015258789,19778400,-0.021300268385388232,-0.02153039277681161,2019,12,4,1,55.50700035095215,55.44400001525879,54.62900009155273,54.71100011825561,0.017697933922057787,0.014680681797704672,0.011097740247816887,0.010983968948960263,-0.053385875287144446,-0.05961912361622168,1.7060544385803065,0.02327781110303588,-0.0018522371866908827,27.033819488076574,-0.34847749201531286,-0.08250761876249489,0.8985718318394252,0.2450570194671202,297185500.0,Bull / High Vol,0.010408766757613375,1
2019-12-18,53.060001373291016,53.61000061035156,52.95000076293945,53.38999938964844,14123100,0.010408766757613375,0.010354968538290295,2019,12,4,2,55.363000297546385,55.43080001831055,54.58230007171631,54.71620012283325,0.018157597592962513,0.015292915157628114,0.01146251762100813,0.010952997455694655,-0.05185583222215284,-0.05118182059154175,1.1829139949804197,0.012361862801221046,0.004163535580390233,30.92416890245225,-0.44503266862810165,-0.15501262873561628,0.9157148088727679,14.621353750108316,311308600.0,Bear / High Vol,-0.002809472052751616,0
2019-12-19,53.29999923706055,53.59999847412109,53.040000915527344,53.2400016784668,11910100,-0.002809472052751616,-0.002813426026815415,2019,12,4,3,55.21300029754639,55.405000076293945,54.53980007171631,54.719500122070315,0.017277252212903115,0.015108344621434167,0.01145262677789209,0.010893146692281962,-0.0571985031417378,-0.05334281490871007,0.9860252175280861,0.010518361024399384,-0.0016857118115146557,32.142868887616274,-0.5275753432921775,-0.22952517164692854,0.9185717446463444,10.704962395830325,299398500.0,Bear / High Vol,0.006761772808130617,1
2019-12-20,53.90999984741211,53.95000076293945,53.34999847412109,53.59999847412109,27423700,0.006761772808130617,0.00673901455553157,2019,12,4,4,55.08150024414063,55.36720001220703,54.51280006408692,54.7236501121521,0.012770579144904726,0.015317106420965341,0.011635894965936991,0.010925442248783727,-0.01669418226807462,-0.046772205042252546,2.101959648126389,0.011194072871253102,0.012584488125895323,38.223921353378536,-0.5575155822697582,-0.2951232537714945,0.8921432495117182,20.10436140639875,326822200.0,Bear / High Vol,0.0020522502515494256,1
2019-12-23,53.650001525878906,54.06999969482422,53.61000061035156,53.709999084472656,10591500,0.0020522502515494256,0.0020501472627499316,2019,12,4,0,54.947500228881836,55.303600006103515,54.49110004425049,54.7289001083374,0.012400542702325556,0.014928207219688329,0.011618675753843398,0.010924176045868749,-0.005186193467110356,-0.04752616304634594,0.7988183085249522,0.008564496226283498,0.0009328927832332282,43.74998984011319,-0.5658446030672337,-0.3492675236306424,0.856428963797433,22.976441493170892,337413700.0,Bear / High Vol,-0.0050270054434190525,0
2019-12-24,53.77999877929688,53.959999084472656,53.36000061035156,53.43999862670898,3331700,-0.0050270054434190525,-0.005039683341036812,2019,12,4,1,54.791500091552734,55.24319999694824,54.4671000289917,54.732100105285646,0.006432534945623727,0.01431776000832458,0.011561645713331632,0.010698635715922198,0.011355005154966902,-0.055162706344193624,0.25576011041970853,0.011227516645578996,0.001303289816001179,43.19774478006893,-0.5874603156724163,-0.39690608203899724,0.8478573390415737,15.92681753486746,334082000.0,Bear / High Vol,0.0024326547802391296,1
2019-12-26,53.45000076293945,53.65999984741211,53.27999877929688,53.56999969482422,6702000,0.0024326547802391296,0.0024297006655234514,2019,12,4,3,54.644500160217284,55.18760002136231,54.46520004272461,54.73465009689331,0.004655350028462806,0.013807511395571062,0.01161377288163067,0.010309364464174317,0.003371423623029335,-0.052026167298410475,0.5253209478194517,0.007093542473026034,0.00018716572768542045,42.060079044480815,-0.5873305430128966,-0.43499097423377714,0.837142944335937,19.321103055643814,340784000.0,Bear / High Vol,-0.0020533994955798107,0
2019-12-27,53.65999984741211,53.79999923706055,53.34000015258789,53.459999084472656,7262000,-0.0020533994955798107,-0.0020555106107943773,2019,12,4,4,54.48700008392334,55.13919998168945,54.46020004272461,54.73670009613037,0.004524013127832454,0.013588040705344601,0.011569392009879255,0.010191097111750232,0.00413218255203085,-0.05564390552758458,0.5659503184152456,0.008604547182011868,0.0016800476591487864,40.1438608046545,-0.5893106211793508,-0.4658549036228919,0.8328571319580073,16.449022968871855,333522000.0,Bear / High Vol,-0.014216205285232486,0
2019-12-30,53.400001525878906,53.4900016784668,52.619998931884766,52.70000076293945,5936100,-0.014216205285232486,-0.014318223560962089,2019,12,4,0,54.31500015258789,55.09199996948242,54.45380004882813,54.73550010681152,0.006804237282895228,0.009646832743307654,0.01179102893850679,0.010207010889138028,-0.016791002552288603,-0.06127535917542748,0.46360026084885214,0.01650859077774148,-0.0011222888069815954,31.95019258164939,-0.6447728206494077,-0.5016384870281951,0.8435715266636434,1.9802428941837211,327585900.0,Bear / High Vol,0.005313069738962506,1
2019-12-31,52.56999969482422,53.0,52.54999923706055,52.97999954223633,7094500,0.005313069738962506,0.0052990051792666856,2019,12,4,1,54.19250011444092,55.06059997558594,54.4371000289917,54.73310010910034,0.007566520742409058,0.00972744775790146,0.011708482155523193,0.009736418976690196,-0.013591501669702466,-0.04419990527603668,0.5701427466422896,0.008493785708335214,-0.0024668134010095845,29.714273569528658,-0.6585421874623805,-0.5330192271150322,0.8271429879324772,10.462292976131693,334680400.0,Bear / High Vol,0.01830881897101233,1
2020-01-02,53.27000045776367,53.959999084472656,53.22999954223633,53.95000076293945,13899600,0.01830881897101233,0.01814323064213326,2020,1,1,3,54.1605001449585,55.03699996948242,54.43760002136231,54.7326501083374,0.011795415513401478,0.008958507884105868,0.012141595177913897,0.010008961235953533,0.009543453393271228,-0.011723747716789412,1.1084060263935815,0.013531038589674976,0.005473781012326195,34.224585839917296,-0.5844463838841278,-0.5433046584688513,0.8364287785121368,34.06329240810386,348580000.0,Bear / High Vol,-0.003521824628717529,0
2020-01-03,52.9900016784668,54.04999923706055,52.95000076293945,53.7599983215332,11026700,-0.003521824628717529,-0.0035280408523330076,2020,1,1,4,54.12800006866455,55.02999992370606,54.44270000457764,54.73825010299683,0.01203357043222902,0.008601899445915483,0.012144402822668376,0.00986196271036698,0.003546735631722253,-0.011946361472188527,0.8807504034652684,0.020461281779476856,-0.01779423671727027,31.957366811923222,-0.5348906483850229,-0.5416218564520857,0.8507142748151502,42.456074130885504,337553300.0,Bear / High Vol,0.005208381747325852,1
2020-01-06,53.36000061035156,54.20000076293945,53.34999847412109,54.040000915527344,10982400,0.005208381747325852,0.005194865040245661,2020,1,1,0,54.09600009918213,55.028199920654295,54.44340000152588,54.73825010299683,0.012046420463806443,0.008609611333754723,0.012150382581011246,0.009816943888292833,0.010849267508183491,-0.01170445109869278,0.8757255750477537,0.015729131650960702,-0.007440433848031283,45.96914608986855,-0.46763292050003713,-0.526824069261676,0.7649999346051898,61.31693380009733,348535700.0,Bear / High Vol,0.002220557547220281,1
2020-01-07,53.88999938964844,54.33000183105469,53.61000061035156,54.15999984741211,12015400,0.002220557547220281,0.0022180957530069222,2020,1,1,1,54.0625,55.026199951171876,54.461800003051756,54.745200099945066,0.00800521270412621,0.008420439058191124,0.012143559551226165,0.009543704494427886,0.027703967046227795,-0.012219623586864459,0.9470448887485906,0.013293966446300282,-0.0027757498767141254,51.565360583711865,-0.40003640499249826,-0.5014665364078404,0.7250001089913505,90.44934067982949,360551100.0,Bear / High Vol,-0.0005538917906461327,0
2020-01-08,53.93999862670898,54.59999847412109,53.70000076293945,54.130001068115234,11856700,-0.0005538917906461327,-0.0005540452453714966,2020,1,1,2,54.00349998474121,55.02540000915528,54.47720001220703,54.75215009689331,0.00845772135095531,0.008427047545820188,0.011945199751856182,0.008932911871457,0.021706333254346566,-0.021334302583214115,0.9350521736353093,0.01662659695958825,-0.004062060955002833,64.9652163138143,-0.3449104176300253,-0.47015531265227745,0.7014285496303009,77.07328873547418,348694400.0,Bear / High Vol,0.004618510900921802,1
2020-01-09,54.25,54.79999923706055,54.02999877929688,54.380001068115234,10671000,0.004618510900921802,0.00460787830472274,2020,1,1,3,53.93150005340576,55.02020004272461,54.48510002136231,54.7576501083374,0.00365339212719139,0.008234380337532515,0.011780959341896118,0.008914814936651635,0.007970348454029441,-0.025797180841663492,0.841706223940709,0.014159625646185232,0.0022168655000350604,62.34416574628728,-0.2778469184984047,-0.43169363382150294,0.7014285496303003,81.33341471354167,359365400.0,Bear / High Vol,0.0012872323179349277,1
2020-01-10,54.54999923706055,54.650001525878906,54.220001220703125,54.45000076293945,9734800,0.0012872323179349277,0.0012864045446962554,2020,1,1,4,53.838500022888184,55.01320007324219,54.49090003967285,54.765850105285644,0.0023813231639482684,0.008232192314263795,0.011562770453430668,0.008916220606351782,0.012834867242357717,-0.03303144317154638,0.7752747961626494,0.007897158845743383,0.003126115586727856,65.39438919227426,-0.21655392308452548,-0.38866569167410747,0.6921430315290173,84.44451226128473,369100200.0,Bear / High Vol,0.002387531061408543,1
2020-01-13,54.459999084472656,54.790000915527344,54.36000061035156,54.58000183105469,10858900,0.002387531061408543,0.002384685437567471,2020,1,1,0,53.74400005340576,55.00780014038086,54.50690006256104,54.77280012130737,0.0018765330652717911,0.008128678311230327,0.011554008094884771,0.008864394915236424,0.009992614847868841,-0.033469087104526674,0.8807704521056886,0.00787834904269134,0.0001836239006998936,63.2432722226461,-0.155694038929596,-0.3420713611252052,0.6721431187220978,90.22233751085069,379959100.0,Bear / High Vol,0.0054965047086139585,1
2020-01-14,54.52000045776367,55.18000030517578,54.5,54.880001068115234,12627200,0.0054965047086139585,0.005481454052090149,2020,1,1,1,53.76250019073486,55.01560012817383,54.52330005645752,54.77865013122559,0.0024580750951785973,0.005782459794296659,0.008622776312557931,0.008692896205410113,0.01329396644630032,0.006787795963586918,1.062105302115261,0.012390675873562528,-0.0010993288984625191,65.03857352013888,-0.08230593939677533,-0.29011827677951924,0.687143053327287,88.59318953525982,392586300.0,Bear / Normal,-0.002186638925773532,0
2020-01-15,54.880001068115234,55.18000030517578,54.68000030517578,54.7599983215332,9090800,-0.002186638925773532,-0.0021890331114525034,2020,1,1,2,53.80100002288818,55.01080009460449,54.539000053405765,54.77955011367798,0.0030312660923355263,0.006082804988928282,0.00832963609641612,0.00861297048148787,0.011638596729846684,0.014261837731587068,0.8012459203072847,0.009130752653865324,0.0,67.64702882438145,-0.033443049867386776,-0.23878323139709276,0.6800003051757803,84.03034931299216,383495500.0,Bear / Normal,0.012235244780478993,1
2020-01-16,54.97999954223633,55.45000076293945,54.93000030517578,55.43000030517578,9866000,0.012235244780478993,0.012160999168401737,2020,1,1,3,53.93050003051758,55.01040008544922,54.57750003814697,54.785950107574465,0.005435318053640391,0.004524156044534324,0.006914203145306031,0.008648599306406022,0.01930855491792549,0.04901589979388077,0.909291156576693,0.009381209722185709,0.004017553459577339,71.72894655688435,0.0586684098535315,-0.17929290314696794,0.7021432604108533,99.31032940551263,393361500.0,Bear / Normal,-0.0054122178496999185,0
2020-01-17,55.630001068115234,55.68999862670898,54.84999847412109,55.130001068115234,11166600,-0.0054122178496999185,-0.005426916961245204,2020,1,1,4,54.01750011444092,54.999600143432616,54.60750003814697,54.79130010604858,0.006861748555621661,0.004842221162759429,0.006856680188275204,0.008329935423124121,0.012488527009142159,0.03259040453939699,1.043374911293137,0.01523671569587017,0.003608168173161241,68.68009063096045,0.10623535898784553,-0.12218725072000525,0.7292861938476557,82.16567938070705,382194900.0,Bear / Normal,0.001632507724363963,1
2020-01-21,54.97999954223633,55.36000061035156,54.91999816894531,55.220001220703125,8773000,0.001632507724363963,0.001631176632110922,2020,1,1,1,54.11650009155274,54.99000015258789,54.63580005645752,54.79830011367798,0.006873252917492168,0.004753687419928779,0.006776886240568466,0.008331592274711488,0.011725895349536053,0.037190072874042635,0.831916461287389,0.007968171526249151,-0.002720869272133218,83.15784084509446,0.14947175171845828,-0.06785545023231254,0.6985718863350999,85.03192683555027,390967900.0,Bear / Normal,-0.009054690129426168,0
2020-01-22,55.40999984741211,55.650001525878906,54.59999847412109,54.720001220703125,6380500,-0.009054690129426168,-0.009095932985719802,2020,1,1,2,54.17250022888184,54.96480018615723,54.66350006103516,54.802250118255614,0.008168155719082389,0.0059321443773409505,0.007089097439221842,0.008415024669569794,-0.002915449057909525,0.0208955742251149,0.6721006344427742,0.01918865183359233,0.0034407573797327253,71.6417683838147,0.14175699671574193,-0.025932960842701646,0.741429192679269,64.59860721674475,384587400.0,Bear / Normal,0.00475143120857302,1
2020-01-23,54.40999984741211,55.0,54.27999877929688,54.97999954223633,6583200,0.00475143120857302,0.004740178788630203,2020,1,1,3,54.23600025177002,54.93460014343262,54.6917000579834,54.80855010986328,0.008407937194638915,0.006009986743290841,0.007134561448665913,0.008432013209442677,0.004017553459577439,0.02364551255654046,0.7084076055463521,0.013095693464857233,-0.005665229648674198,65.55886956060749,0.15483781549157527,0.010221194424153736,0.7228578839983254,74.08760445178322,391170600.0,Bear / Normal,-0.016551470625477793,0
2020-01-24,55.060001373291016,55.20000076293945,53.880001068115234,54.06999969482422,6426000,-0.016551470625477793,-0.01668997666126957,2020,1,1,4,54.26750030517578,54.88740013122558,54.71180004119873,54.80975009918213,0.008501481513111418,0.008162186276471773,0.008067746222864608,0.008632964399858176,-0.024535460993395874,0.011788942445825068,0.6801677027245872,0.024412792718224743,0.0014551078887010372,53.846168408836846,0.09072920630026715,0.026322796799376418,0.7385722569056915,30.769280929612624,384744600.0,Bear / Normal,-0.02552249076944868,0
2020-01-27,53.18000030517578,53.52000045776367,52.630001068115234,52.68999862670898,8259100,-0.02552249076944868,-0.025853839592231333,2020,1,1,0,54.22350025177002,54.80940010070801,54.719800033569335,54.803350086212156,0.012571390608289962,0.01129613210387544,0.009940850884773443,0.00922289528581146,-0.04425906755183151,-0.01642712475505692,0.8670493227407413,0.016891239568134847,-0.01646013306217258,36.842085694590736,-0.07061784287363793,0.006934668864773551,0.780714852469307,1.9607060935471943,376485500.0,Bear / High Vol,0.01461378777439104,1
2020-01-28,52.86000061035156,53.68000030517578,52.65999984741211,53.459999084472656,8620300,0.01461378777439104,0.014508035427712871,2020,1,1,1,54.22350025177002,54.75440010070801,54.72470001220703,54.801700077056886,0.016137625991491492,0.012561556181420769,0.010510818840219954,0.009428606122489558,-0.03187254794138994,0.0,0.8985619339882253,0.019079694635833408,0.003226456406783998,43.94463279595406,-0.13480004895325237,-0.021412274698831633,0.8021433694022032,27.124139822479368,385105800.0,Bear / High Vol,-0.004863417994496744,0
2020-01-29,53.77999877929688,53.93999862670898,53.18000030517578,53.20000076293945,6332500,-0.004863417994496744,-0.00487528289674233,2020,1,1,2,54.24850025177002,54.696600112915036,54.71830001831054,54.79520008087158,0.016070902551511224,0.012299083528032705,0.010040081853490368,0.009412262390498706,-0.027777785523670384,0.009487665896802389,0.6587255519979694,0.014285682530715887,0.005985778157582668,42.26289538593172,-0.20428967709858625,-0.05798775517878256,0.7921434129987434,18.62745586915333,378773300.0,Bear / High Vol,0.0020676806160535577,1
2020-01-30,52.81999969482422,53.33000183105469,52.27999877929688,53.310001373291016,7176200,0.0020676806160535577,0.0020655459065803505,2020,1,1,3,54.265000343322754,54.63440017700195,54.719800033569335,54.78860008239746,0.015682439348688404,0.012404844835808128,0.009984617247589011,0.009331428310503683,-0.030374648651322667,0.006228800186976358,0.746172670315976,0.019696173789330838,-0.007142877117775406,40.885867170613736,-0.24763005300094676,-0.0959162147432154,0.8121435982840391,30.20535601418925,385949500.0,Bear / High Vol,-0.016132068808807687,0
2020-01-31,53.34000015258789,53.4900016784668,52.290000915527344,52.45000076293945,8884700,-0.016132068808807687,-0.016263607206806585,2020,1,1,4,54.19000034332275,54.55960021972656,54.698900032043454,54.77790008544922,0.015613204779333744,0.01186449211497201,0.009691412658022744,0.009475855334605383,-0.029961141872169028,-0.027803521386239094,0.9485512352401084,0.0228789465297274,0.000562723288765563,34.98499324123081,-0.34736823035418496,-0.14620661786540934,0.8671436309814443,4.98539563782058,377064800.0,Bear / High Vol,0.01220208542114376,1
2020-02-03,52.72999954223633,53.40999984741211,52.68999862670898,53.09000015258789,8892500,0.01220208542114376,0.012128240081376904,2020,2,1,0,54.15650043487549,54.49600021362305,54.675100021362304,54.770950088500975,0.01263112369591179,0.013112172205116037,0.010134790185617214,0.009606023083896045,0.007591602510996331,-0.012462763948356548,0.9603245826894272,0.013561899013632521,0.005338394189208836,39.60947513078771,-0.37049798232162345,-0.19106489075665217,0.9050006866455068,23.753707024524704,385957300.0,Bear / High Vol,0.01789415634223057,1
2020-02-04,53.75,54.560001373291016,53.75,54.040000915527344,9769800,0.01789415634223057,0.01773594056394234,2020,2,1,1,54.15650043487549,54.45200019836426,54.6526000213623,54.768550090789795,0.013530675435402126,0.014750981630325379,0.010885169960603862,0.009902070445554766,0.010849267508183491,0.0,1.0620202059730892,0.014988922271803247,0.01243171681136146,44.62915744497351,-0.30861384699242933,-0.2145746820038076,0.9614293234688885,51.61296818139614,395727100.0,Bear / High Vol,0.01295338177424643,1
2020-02-05,54.66999816894531,55.02999877929688,54.58000183105469,54.7400016784668,9612900,0.01295338177424643,0.012870204241402136,2020,2,1,2,54.18550052642822,54.422200241088866,54.66110004425049,54.76915010452271,0.013540420901850743,0.015225495903235596,0.011255730578611355,0.01002852237055137,0.02894738521507967,0.010709044178152771,1.0587902922470036,0.008220623574061945,0.011657980065595286,49.880972384321595,-0.20077164196165143,-0.21181407399537638,0.9964291708809984,72.14085071108877,405340000.0,Bear / High Vol,-0.0005480926758163474,0
2020-02-06,55.0,55.34999847412109,54.709999084472656,54.709999084472656,8832000,-0.0005480926758163474,-0.0005482429335129261,2020,2,1,3,54.214500427246094,54.388600234985354,54.670700035095216,54.76800010681152,0.013769133624296775,0.015139187803268343,0.011255699549220911,0.009951749223828046,0.026261445790978,0.010714908644239074,0.9892583922310958,0.01169803327286236,0.004749695169181539,45.36081815402132,-0.1163852592850887,-0.19272831105331883,0.9928575243268684,71.26100920561451,396508000.0,Bear / High Vol,0.00018282099063871016,1
2020-02-07,54.27000045776367,54.970001220703125,54.18999862670898,54.720001220703125,7864800,0.00018282099063871016,0.00018280428091796189,2020,2,1,4,54.231500434875485,54.351800231933595,54.68650005340576,54.76570011138916,0.008258705553803914,0.014038997479820051,0.011215844979498776,0.009951822174085148,0.04327932173010818,0.00625230132235588,0.8949894112037544,0.01425443305178576,-0.008042380443648392,47.2556922955934,-0.0481463530524735,-0.1638119194531498,0.9885719844273153,72.40357426654859,404372800.0,Bear / High Vol,0.004934218781806665,1
2020-02-10,54.720001220703125,55.06999969482422,54.45000076293945,54.9900016784668,7198200,0.004934218781806665,0.0049220854203848325,2020,2,1,0,54.258500480651854,54.321400299072266,54.70770008087158,54.76560012817383,0.008090206883976644,0.010412430145817858,0.011261069431016176,0.009967291729138862,0.03578831268446114,0.009917372047033801,0.8311279841491971,0.011274757464274587,0.0,48.49673606751361,0.027404351914945835,-0.12556866517953066,1.0014288766043522,80.41545075648665,411571000.0,Bear / High Vol,0.0029096170672560095,1
2020-02-11,55.16999816894531,55.540000915527344,55.11000061035156,55.150001525878906,8466600,0.0029096170672560095,0.002905392324455551,2020,2,1,1,54.287000465393064,54.292200317382814,54.73360008239746,54.76430013656616,0.00541856604615869,0.009765821381861547,0.011266147389520727,0.009941822968762485,0.020540351434979787,0.010443379913921191,0.9912722474562836,0.007796922815568834,0.003273258501263137,52.94117647058823,0.09904771996599493,-0.08064538815042555,0.9657143184116899,88.03683637767817,420037600.0,Bear / High Vol,0.010516736179694508,1
2020-02-12,55.54999923706055,55.88999938964844,55.25,55.72999954223633,7541100,0.010516736179694508,0.010461820000184295,2020,2,1,2,54.329500389099124,54.28400032043457,54.75720008850098,54.76755012512207,0.004443584941881657,0.00957097259932476,0.011436094416918754,0.010035290571701183,0.01808545548801055,0.015488310087058865,0.9100091228984751,0.011483929569448471,0.007252904807154781,54.91480681545475,0.20031746296366748,-0.024452817927606944,0.9671426500592908,95.56787201217321,427578700.0,Bull / High Vol,-0.007536303111343234,0
2020-02-13,55.310001373291016,55.63999938964844,55.0099983215332,55.310001373291016,8480100,-0.007536303111343234,-0.007564844531921954,2020,2,1,3,54.357000541687015,54.281600341796874,54.775600090026856,54.76745012283325,0.006633479644763443,0.010317022716725664,0.011572146475031103,0.010050174870038946,0.010966958487642398,0.010043883648943375,1.0271059511488492,0.01139036435496202,-0.007536303111343232,58.683481246283456,0.2438729066731753,0.029212326992549505,0.9242856161934984,83.93357567047782,419098600.0,Bull / High Vol,0.0028927832840259793,1
2020-02-14,55.380001068115234,55.84000015258789,55.2400016784668,55.470001220703125,7496800,0.0028927832840259793,0.0028886072381205485,2020,2,1,4,54.35900058746338,54.29920036315918,54.79010009765625,54.77040012359619,0.0065373290003079825,0.007657109959870264,0.011260577452520935,0.01004583858544472,0.013706140045118165,0.0007216473986491057,0.92122668839232,0.010816629906565707,0.0012655883761742471,73.47974377099456,0.2879818842257649,0.08096623843919258,0.8642856052943634,88.36570365830461,426595400.0,Bull / High Vol,-0.00036056349961299805,0
2020-02-18,55.41999816894531,55.7599983215332,55.09999847412109,55.45000076293945,7185700,-0.00036056349961299805,-0.00036062851826099514,2020,2,1,1,54.37500057220459,54.320000381469725,54.81110012054443,54.77465013504028,0.0065225522416815585,0.007489617306741531,0.011186924300695678,0.010043696601502769,0.008365140397018411,0.0058044565322763475,0.9051367964931728,0.011902612052861031,-0.0009014431342602858,69.24565681756974,0.3176628770254126,0.1283055661564366,0.838571275983538,87.81167445104295,419409700.0,Bull / High Vol,-0.0001803811739018446,0
2020-02-19,55.59000015258789,55.77000045776367,55.38999938964844,55.43999862670898,6819200,-0.0001803811739018446,-0.00018039744454243463,2020,2,1,2,54.38600044250488,54.33520034790039,54.827100105285645,54.77790012359619,0.006523835504160632,0.005873529764037662,0.011183322021651839,0.01004359838339909,0.005258333505104185,0.003984016681321201,0.8696727886740525,0.006854276290190304,0.002524786072537035,72.7641791044775,0.33649923513750934,0.16994429995265115,0.8114286150251121,87.53460701227867,412590500.0,Bull / High Vol,0.0012626207892887376,1
2020-02-20,55.400001525878906,55.869998931884766,54.880001068115234,55.5099983215332,6114600,0.0012626207892887376,0.0012618243539866546,2020,2,1,3,54.425500297546385,54.34880027770996,54.84260009765625,54.781200122833255,0.003995142136317587,0.004605100453165341,0.010966979971907318,0.010045346507343999,-0.003947626458105202,0.014437081198952706,0.7811375204958216,0.017834586447564266,-0.0007214484455416611,72.54092978462609,0.3530063376883774,0.2065567074997964,0.8071425301688068,89.4444103005347,418705100.0,Bull / High Vol,-0.014952225571144617,0
2020-02-21,55.08000183105469,55.34000015258789,54.43999862670898,54.68000030517578,9078600,-0.014952225571144617,-0.0150651370280013,2020,2,1,4,54.41050033569336,54.33620025634766,54.84850009918213,54.78460012435913,0.0072108427206916455,0.006943634007580612,0.011464622290776643,0.01021626903141915,-0.01139036435496199,-0.005456515815902896,1.141591067558536,0.016459427960056595,-0.007746289019643389,72.98967515311867,0.2957057205736504,0.22438651011456723,0.7978567395891477,62.187537625423126,409626500.0,Bull / High Vol,-0.03712506890942213,0
2020-02-24,53.09999847412109,53.52999877929688,52.5099983215332,52.650001525878906,10992500,-0.03712506890942213,-0.03783174987533157,2020,2,1,0,54.339500427246094,54.27280029296875,54.82470012664795,54.77790012359619,0.016402108387310883,0.013623951806740926,0.013710912848189372,0.01124702735266842,-0.05083828434767923,-0.026262218919177127,1.3436769259165544,0.019373227506219937,-0.02889542469342558,46.47437092663496,0.08550498436522957,0.19661020496469972,0.884285518101285,4.142105328498375,398634000.0,Bull / High Vol,-0.032098810872314365,0
2020-02-25,53.06999969482422,53.220001220703125,50.79999923706055,50.959999084472656,12202600,-0.032098810872314365,-0.03262527426323923,2020,2,1,1,54.25300045013428,54.16580024719238,54.79630012512207,54.761450119018555,0.017698037281444774,0.01584850905715304,0.014386148387635323,0.011936258923383014,-0.08097387947139101,-0.03283354692211682,1.4564903554929318,0.047488265838292465,0.007977172968150285,27.936960245189866,-0.21497162746996423,0.11429383847776695,0.9521427154541031,3.1434153755528125,386431400.0,Bull / High Vol,0.021389328339293634,1
2020-02-26,51.310001373291016,53.13999938964844,51.2400016784668,52.04999923706055,16413100,0.021389328339293634,0.021163787104858712,2020,2,1,2,54.18250045776367,54.07740020751953,54.78530010223389,54.74845010757446,0.024156917584398096,0.018109072565540348,0.014859273353014724,0.01229490047893425,-0.061147176652620816,-0.026374857305630606,1.871990738760625,0.036503318713380646,0.006868176905540878,31.750329451004745,-0.36098637810340506,0.019237795161532553,1.0371428898402633,24.55795604179829,402844500.0,Bull / High Vol,-0.024399624906418893,0
2020-02-27,50.880001068115234,53.459999084472656,50.7599983215332,50.77999877929688,16161100,-0.024399624906418893,-0.02470222816568036,2020,2,1,3,54.06150035858154,54.00280021667481,54.75450008392334,54.73520009994507,0.02326330144726349,0.018018102270980395,0.015727490698610798,0.012621066254599626,-0.08520986642511719,-0.04548875843867295,1.7454184534117854,0.05317055588509091,-0.022478351317866158,27.17770019405782,-0.5725821722035889,-0.09912619831149173,1.1842858450753364,0.3898723898517074,386683400.0,Bull / High Vol,-0.02599448063323684,0
2020-02-28,49.2400016784668,49.88999938964844,47.900001525878906,49.459999084472656,24426000,-0.02599448063323684,-0.02633830865466877,2020,2,1,4,53.86900024414062,53.912200164794925,54.697700080871584,54.71185009002686,0.023491427565264955,0.018768698462467304,0.01655605612550574,0.012933001056221775,-0.09546454264026438,-0.07221913692816484,2.413244092239947,0.040234490509609935,-0.030326843990747504,23.48788756485375,-0.8371363207614664,-0.24672822280148668,1.3342854636056098,19.52438017120786,362257400.0,Bear / High Vol,0.02911448580795306,1
2020-03-02,49.72999954223633,50.900001525878906,48.66999816894531,50.900001525878906,17328500,0.02911448580795306,0.028698709951641067,2020,3,1,0,53.7915002822876,53.87340019226074,54.65870010375976,54.69355009078979,0.029162838066232898,0.0223991749081451,0.017799524378226343,0.013412916377076096,-0.03323836560840032,-0.029551939266238447,1.6434722280839942,0.04381145953011025,0.005458966088991197,31.55996349723462,-0.9199960848953523,-0.38138179522025983,1.449285779680526,37.54694370574783,379585900.0,Bear / High Vol,-0.04027510786449673,0
2020-03-03,50.619998931884766,51.84000015258789,48.25,48.84999847412109,21830500,-0.04027510786449673,-0.04110860628166638,2020,3,1,1,53.57950019836426,53.78260017395019,54.60670009613037,54.66460008621216,0.031127334545527612,0.02429634458453902,0.019485146792088997,0.014334546550336478,-0.04140503626881897,-0.07986441262536192,1.950765521656978,0.07349028177533597,-0.00550103311591808,25.731889744109722,-1.1379634246288504,-0.532698121101978,1.6664287022181934,11.889827312093793,357755400.0,Bear / High Vol,0.034595752184138906,1
2020-03-04,49.84999847412109,50.59000015258789,48.83000183105469,50.540000915527344,14813700,0.034595752184138906,0.03401077282216904,2020,3,1,2,53.40450019836426,53.72860015869141,54.566800117492676,54.64480009078979,0.03461322404246945,0.028374485713660712,0.020786016254867666,0.015059888056825045,-0.02901053494075856,-0.06476683828098051,1.2945722817495169,0.03482386801842105,0.020470829708004245,31.582697798983205,-1.1609523031725004,-0.6583489575160826,1.7392858777727416,33.12421893210459,372569100.0,Bear / High Vol,-0.05025723920687508,0
2020-03-05,49.22999954223633,49.68000030517578,47.75,48.0,15843000,-0.05025723920687508,-0.05156410916706296,2020,3,1,3,53.06750011444092,53.61660018920898,54.49190010070801,54.61650009155274,0.03971834699751935,0.030899553266968905,0.02290814802874273,0.016325898662763925,-0.054745940254537606,-0.12312753876144156,1.3478316907618273,0.04020833969116211,-0.025920090019004045,27.452200415262865,-1.368354462778143,-0.8003500585684947,1.8871429988316142,3.078818138981842,356726100.0,Bear / High Vol,-0.013125022252400753,0
2020-03-06,46.56999969482422,48.29999923706055,46.459999084472656,47.369998931884766,24581400,-0.013125022252400753,-0.013211916520578588,2020,3,1,4,52.700500106811525,53.489800186157225,54.396700096130374,54.58250009536743,0.03887642379399649,0.03089870117276068,0.022914667599095495,0.016324096357527795,-0.04225637265011639,-0.134161949833976,1.959941492141744,0.03884315376983016,-0.02979167302449544,25.719434702514462,-1.5655117446803146,-0.9533823957908587,1.9757145472935282,9.67056176586839,332144700.0,Bear / High Vol,-0.028710167638111295,0
2020-03-09,44.95000076293945,47.56999969482422,44.65999984741211,46.0099983215332,25949300,-0.028710167638111295,-0.02913036670041395,2020,3,1,0,52.26499996185303,53.34120018005371,54.29220008850098,54.5415500831604,0.03327692905974644,0.030302249015836325,0.0233495985815367,0.016596777672698345,-0.09607078698925964,-0.15917402603921216,1.9298712715108362,0.06324711918214082,-0.05108714848030978,23.80689176893877,-1.8106291880826575,-1.1248317542492186,2.1364288330078134,12.042806283463678,306195400.0,Bear / High Vol,0.05585750061457162,1
2020-03-10,47.45000076293945,48.90999984741211,46.15999984741211,48.58000183105469,27067700,0.05585750061457162,0.05435323357866046,2020,3,1,1,51.94449996948242,53.24140022277832,54.21450012207031,54.5190500831604,0.04426827049913154,0.03630547846800447,0.027316256106819158,0.018202124793310688,-0.005527055301945083,-0.1165666421487338,1.8745457372275764,0.05660765533858146,0.0312975982164362,33.33335186926537,-1.7770242932584779,-1.2552702620510705,2.3164288657052188,34.968798428113196,333263100.0,Bear / High Vol,-0.07945657605727108,0
2020-03-11,46.810001373291016,47.47999954223633,44.27000045776367,44.720001220703125,24139200,-0.07945657605727108,-0.08279110512213422,2020,3,1,2,51.422999954223634,53.06660026550293,54.10290012359619,54.4788000869751,0.050692289938247814,0.04197681942815565,0.03177526457911048,0.020733352170082864,-0.11515630370786456,-0.1891205805367303,1.58568136141891,0.07177994179004152,-0.03643475485898812,27.86214440334774,-2.03836495946976,-1.4118892015348086,2.553571973528182,4.065047654426324,309123900.0,Bear / High Vol,-0.11001793044148811,0
2020-03-12,41.119998931884766,43.400001525878906,39.709999084472656,39.79999923706055,24123800,-0.11001793044148811,-0.11655396302236605,2020,3,1,3,50.62649993896484,52.80860023498535,53.95030010223389,54.4190500831604,0.06398671386854785,0.05184521380145473,0.03842549490608206,0.02456915909940271,-0.17083334922790527,-0.28584246251613277,1.5028185869127113,0.09271363095832003,-0.08050094343807258,23.85806118336231,-2.6123686030943105,-1.651985081846709,2.8350007193429136,0.6512312197922615,285000100.0,Bear / High Vol,0.20427138753673213,1
2020-03-13,44.45000076293945,47.9900016784668,43.41999816894531,47.93000030517578,28339400,0.20427138753673213,0.18587472641759528,2020,3,1,4,50.257499885559085,52.70760025024414,53.884100112915036,54.400250091552735,0.12623050636277708,0.08847641713330152,0.06251121359118492,0.03649781045230826,0.011821857418579773,-0.13342977553565938,1.6625897936297527,0.0953474542128886,0.11683421143257125,43.17129857030618,-2.3837688813767812,-1.7983418417527235,3.2650007520403186,59.78182705965909,313339500.0,Bear / High Vol,-0.10870016798038806,0
2020-03-16,42.5099983215332,47.56999969482422,41.2599983215332,42.720001220703125,27493700,-0.10870016798038806,-0.11507439631220376,2020,3,1,0,49.61999988555908,52.48300025939941,53.76000011444092,54.35525009155273,0.13673915202490972,0.0940310340647874,0.06658184343805519,0.038967758577346655,-0.07150613390242877,-0.22985397006339536,1.5236035329101731,0.1477060204350612,-0.11308161796646791,39.18067992941211,-2.593113540543179,-1.9572961815108147,3.568572180611747,21.890924627130683,285845800.0,Bear / High Vol,0.09691009530313632,1
2020-03-17,43.619998931884766,47.709999084472656,41.65999984741211,46.86000061035156,25588900,0.09691009530313632,0.09249722287820056,2020,3,1,1,49.19049987792969,52.34500030517578,53.687500114440915,54.336550102233886,0.1426092363548718,0.09954923672019536,0.0708147543350712,0.041011803898982346,-0.03540554046672795,-0.15491433786109343,1.349245518403572,0.1291079632577742,0.02106736155113873,43.69074086251449,-2.3973224983734625,-2.045301444883344,3.8450006757463733,52.00001109730113,311434700.0,Bear / High Vol,0.008749463125733214,1
2020-03-18,43.66999816894531,47.79999923706055,42.560001373291016,47.27000045776367,29557000,0.008749463125733214,0.008711408384515031,2020,3,1,2,48.78199996948242,52.20960029602051,53.6189001083374,54.32170009613037,0.1355088874105856,0.09888849410482203,0.07088212601926358,0.04103208432858625,0.057021448288333776,-0.14736649298922055,1.4703343857870494,0.11085250291993405,-0.06807516858421819,45.641920844731075,-2.1838985031663256,-2.0730208565399404,4.0264290400913785,62.32482034286986,340991700.0,Bear / High Vol,-0.04654116229394123,0
2020-03-19,46.470001220703125,47.970001220703125,44.869998931884766,45.06999969482422,20159100,-0.04654116229394123,-0.04765902455776022,2020,3,1,3,48.26000003814697,52.02780029296875,53.52700012207031,54.28695009231567,0.12287285126191036,0.09869566583048855,0.07144061405690127,0.04143229706022598,0.13241207434135838,-0.18807420180841805,0.9689799612631045,0.06878194607963042,-0.01692403700684023,44.66585953947399,-2.1672968754389146,-2.0918760603197355,4.042143685477121,44.187964867050106,320832600.0,Bear / High Vol,0.01286891135970647,1
2020-03-20,45.02000045776367,46.70000076293945,44.5099983215332,45.650001525878906,26340800,0.01286891135970647,0.012786810535177056,2020,3,1,4,47.808500099182126,51.858200302124025,53.44180015563965,54.254700107574465,0.07639693717332816,0.0987146417830298,0.07156964680983656,0.04147404240453251,-0.04756934622949849,-0.1651426248884299,1.2156788268547942,0.047973764911371175,-0.001109368480122016,43.484738281953454,-2.083323409922322,-2.090165530240253,4.0392864772251675,48.969512929558306,347173400.0,Bear / High Vol,-0.03198253779558491,0
2020-03-23,45.0,46.4900016784668,43.88999938964844,44.18999862670898,23063700,-0.03198253779558491,-0.03250515240089831,2020,3,1,0,47.38549995422363,51.6544002532959,53.33730014801026,54.21270009994507,0.055907545886082564,0.09882767632129166,0.07146354585434431,0.041654222277661586,0.03441005065546343,-0.16068381109184982,1.035587560125499,0.05883689453764513,-0.014238806224582961,44.130984928492715,-2.110258123654525,-2.0941840489231076,3.968572344098772,41.176462338458215,324109700.0,Bear / High Vol,0.08259790991875726,1
2020-03-24,45.33000183105469,48.0099983215332,45.29999923706055,47.84000015258789,19323700,0.08259790991875726,0.07936362476623805,2020,3,1,1,47.2295000076294,51.52220024108887,53.26770015716553,54.18560010910034,0.05030287626290219,0.10084231864055303,0.07385401298192684,0.04307139182871995,0.020913348900380546,-0.061224469935978076,0.8540039015025293,0.05664713787267953,0.02579776510010295,46.759481776402964,-1.8161440810822356,-2.0385760553549335,4.1157152993338455,81.54463463086591,343433400.0,Bear / High Vol,-0.03971575083233214,0
2020-03-25,47.09999847412109,48.7400016784668,45.47999954223633,45.93999862670898,25625800,-0.03971575083233214,-0.040525945464114456,2020,3,1,2,46.92399997711182,51.349400177001954,53.17860015869141,54.14525011062622,0.053968992129854,0.09797987980307521,0.07415735619391543,0.04336045113598455,-0.02813627709276345,-0.1173871412086619,1.1099274660681402,0.07096217313195873,-0.01546826246042087,47.48902902972347,-1.7165831257913666,-1.9741774694422203,4.149286815098354,67.71738071297509,317807600.0,Bear / High Vol,0.09882457664872124,1
2020-03-26,46.380001068115234,50.7400016784668,46.18999862670898,50.47999954223633,22417900,0.09882457664872124,0.0942410417969311,2020,3,1,3,46.90900001525879,51.26140014648438,53.1385001373291,54.12795011520386,0.06393107626737479,0.09240171891859719,0.07739616173210705,0.04522020254194018,0.12003549776001865,-0.005907822849000599,0.9580030986312136,0.09013476808673221,0.009577763486271523,53.460938719155344,-1.2568520122787632,-1.830712378009529,4.360715593610492,97.64277357131321,340225500.0,Bear / High Vol,-0.012876341463469942,0
2020-03-27,49.09000015258789,51.59999847412109,48.560001373291016,49.83000183105469,20025300,-0.012876341463469942,-0.012959960125396377,2020,3,1,4,46.92750015258789,51.1628002166748,53.08680015563965,54.10900012969971,0.0661037706364947,0.06880620814920636,0.07719774228555383,0.04524668093991643,0.09156626868470408,0.007480848229497683,0.863881121385019,0.06100736482284266,-0.027535645844953563,54.319315259448935,-0.9341923873443037,-1.651408379876484,4.370001111711775,85.11356825966385,320200200.0,Bear / High Vol,0.010636138065854395,1
2020-03-30,50.400001525878906,51.59000015258789,49.59000015258789,50.36000061035156,20611900,0.010636138065854395,0.010579972256572482,2020,3,1,0,46.90050010681152,51.06140022277832,53.03590015411377,54.09160013198853,0.060321632543621335,0.0558238065321436,0.0769803626236299,0.045204743022095525,0.1396243986283665,-0.01060905499684106,0.8829336224485206,0.03971405829548178,0.011438885688922205,52.110002897650006,-0.6284712129093606,-1.4468209464830595,4.30571528843471,89.57108555573956,340812100.0,Bear / High Vol,-0.04030974493037642,0
2020-03-31,51.119998931884766,51.18000030517578,48.0,48.33000183105469,15802000,-0.04030974493037642,-0.04114469755242027,2020,3,1,1,46.8745002746582,50.925400238037106,52.962500190734865,54.066850147247315,0.057429525655431655,0.050905644272684396,0.0769813684670825,0.04549941606101249,0.010242509968727331,-0.0106447627289461,0.68575054033992,0.06579764503821012,0.015091308822918967,54.47335819614291,-0.543721235698726,-1.2662010043261929,4.225000926426479,72.49792421424937,325010100.0,Bear / High Vol,0.007862554086927487,1
2020-04-01,46.54999923706055,48.9900016784668,46.040000915527344,48.709999084472656,17918200,0.007862554086927487,0.007831805279486247,2020,4,2,2,46.78300018310547,50.7952001953125,52.89260017395019,54.0447501373291,0.05222356798400997,0.05089765788220508,0.0766201564147862,0.04550663571131519,0.060296050077660146,-0.036208978985049045,0.7723831491482888,0.06056252963223373,-0.03683017849278025,62.44065834364593,-0.4408122562929577,-1.1011232547195458,4.077857971191407,72.05029645067148,342928300.0,Bear / High Vol,0.022377338802606284,1
2020-04-02,48.18000030517578,49.88999938964844,48.09999847412109,49.79999923706055,16434400,0.022377338802606284,0.022130639687556585,2020,4,2,3,46.873000144958496,50.69680015563965,52.830800170898435,54.02925012588501,0.024678232789589676,0.04784776452564448,0.07578738789785443,0.045603199774755326,-0.013470687625637301,0.037499984105427986,0.7075205268088389,0.03594379403514637,-0.01088069778810206,53.249911195917505,-0.2682104824062961,-0.9345407002568958,3.6207150050571997,82.59188384431467,359362700.0,Bear / High Vol,-0.008032082676900254,0
2020-04-03,49.29999923706055,50.04999923706055,48.95000076293945,49.400001525878906,13362500,-0.008032082676900254,-0.008064513628424455,2020,4,2,4,46.974500274658205,50.5852001953125,52.75990016937256,54.01285013198853,0.024258682704155203,0.048213532607561047,0.07573367259443205,0.04561382016696147,-0.008629345562411794,0.042854182811217,0.5895077979363588,0.02226717490170205,-0.010040160796386241,63.93990100255213,-0.16183329199213148,-0.7799992186039431,3.222857611519951,77.86723086328459,346000200.0,Bear / High Vol,0.04230769408970603,1
2020-04-06,50.400001525878906,51.880001068115234,50.34999847412109,51.4900016784668,13845800,0.04230769408970603,0.041437191573854226,2020,4,2,0,47.248500442504884,50.53360023498535,52.71050018310547,53.985350131988525,0.03132376158354285,0.04691364898328662,0.07574811455587276,0.04594428878335884,0.02243846414654249,0.1191046197967125,0.6275847564413808,0.029714557081360463,0.02024291435448915,60.565954131355454,0.09007857354725246,-0.605983660173704,2.967857633318221,95.8154570555939,359846000.0,Bear / High Vol,-0.014177574929831183,0
2020-04-07,52.150001525878906,52.33000183105469,50.709999084472656,50.7599983215332,14063000,-0.014177574929831183,-0.014279036876502896,2020,4,2,1,47.35750026702881,50.495000228881835,52.65220016479492,53.958550128936764,0.02297412992999875,0.041389674889078236,0.07504856598390162,0.04598084782178824,0.05027925508823605,0.044874359989936385,0.6567872255515124,0.03191494878152508,0.012818019535783437,57.849746596374196,0.22818499729369535,-0.4391499286802241,2.7092865535191137,81.39806806430384,345783000.0,Bear / High Vol,0.026989810714805662,1
2020-04-08,50.97999954223633,52.68000030517578,50.880001068115234,52.130001068115234,15710700,0.026989810714805662,0.02663200949000375,2020,4,2,2,47.728000259399415,50.46840026855469,52.61140018463135,53.93550012588501,0.024080966152242027,0.03834291865296666,0.0724911724594676,0.04611348599246241,0.07021149759645096,0.1656976664835521,0.7484714426322916,0.03452904661767785,0.004334145547238857,66.49532619486001,0.4430756054002245,-0.26270482186413446,2.6250008174351294,93.74289897866808,361493700.0,Bear / High Vol,0.020141937762260476,1
2020-04-09,52.2400016784668,53.619998931884766,52.02999877929688,53.18000030517578,15521200,0.020141937762260476,0.0199417722839497,2020,4,2,3,48.397000312805176,50.46800025939942,52.58230018615723,53.92105012893677,0.023904171729495494,0.02439115736815618,0.06675537472527379,0.046180457892353956,0.06787150843166834,0.3361809378040437,0.7549129995987403,0.029898460764640793,0.002110121007053714,67.21535855882254,0.6901485211990632,-0.07213415325149494,2.5821435110909605,95.47791729281155,377014900.0,Bear / High Vol,-0.003948835713944443,0
2020-04-13,52.70000076293945,53.13999938964844,52.400001525878906,52.970001220703125,12694800,-0.003948835713944443,-0.003956652951803997,2020,4,2,0,48.649000358581546,50.46120025634766,52.5478002166748,53.902600135803226,0.0230411357597917,0.023800375528622884,0.050109069686772305,0.04618274986277999,0.07226719806787907,0.1051533670652427,0.6418640490807472,0.01397013114434866,-0.009025940945502624,71.29001709213863,0.8591071633490657,0.11411411006861719,2.452143260410854,92.18752722327626,364320100.0,Bear / High Vol,0.019444945357001586,1
2020-04-14,53.709999084472656,54.09999847412109,53.45000076293945,54.0,11674600,0.019444945357001586,0.019258307962660547,2020,4,2,1,49.21300029754639,50.49220024108887,52.525900230407714,53.88875013351441,0.017743762180829934,0.024135856769102546,0.04221499334688901,0.04622326465337056,0.048747295391580625,0.26404490770075917,0.6148712294396211,0.012036994651511732,0.01397013114434866,67.11111431357368,1.063856917645829,0.30406267158405953,2.2600002288818355,98.83992475044052,375994700.0,Bear / Normal,-0.015555558381257217,0
2020-04-15,53.209999084472656,53.45000076293945,52.810001373291016,53.15999984741211,10398100,-0.015555558381257217,-0.01567781558958138,2020,4,2,2,49.52800025939941,50.49360023498535,52.4948002243042,53.86970012664795,0.018211684838887757,0.019547579777831465,0.03763645833667589,0.046264088754781565,0.04728135550116419,0.1344430037345934,0.5704614312694675,0.01203911571643079,-0.014629646583839698,71.31051780365249,1.145141107071943,0.47227835868163626,2.1121428353445864,88.3374824883572,365596600.0,Bear / Normal,0.010158030795284656,1
2020-04-16,53.150001525878906,53.869998931884766,53.06999969482422,53.70000076293945,14098300,0.010158030795284656,0.01010678474756445,2020,4,2,3,49.849500274658205,50.48680023193359,52.46940021514892,53.84815013885498,0.015505321978703789,0.019536544689536247,0.03764125530213818,0.04628098843063977,0.030117008683210766,0.13602708362402205,0.807713042815672,0.014897564724294357,-0.00018807978859860464,62.442049890600096,1.2388522560709703,0.625593138159503,1.8264282771519242,95.03724773768514,379694900.0,Bear / Normal,0.0171321816736405,1
2020-04-17,54.52000045776367,54.720001220703125,53.970001220703125,54.619998931884766,13608800,0.0171321816736405,0.01698708076791431,2020,4,2,4,50.32700023651123,50.48440017700195,52.45330020904541,53.82895013809204,0.01486664841053687,0.019234514158070842,0.03550158894033342,0.04631229850831827,0.027077822836507837,0.21189259600011168,0.7945781751992095,0.013731234248746622,0.015270012722050719,68.13019990926735,1.3715448648485165,0.7747834834973057,1.6821428026471814,98.84789993891211,393303700.0,Bear / Normal,-0.012998884993719595,0
2020-04-20,54.04999923706055,54.58000183105469,53.79999923706055,53.90999984741211,10358900,-0.012998884993719595,-0.013084109857013524,2020,4,2,0,50.74000015258789,50.468400192260745,52.428500213623046,53.804200134277345,0.016730525025508147,0.019792035252473163,0.03586995891382739,0.04634455302392772,0.0177458675674258,0.18094190680038924,0.6344263038048797,0.014468606867035334,-0.010435732441793914,63.256162846317785,1.4032380659573391,0.9004743999893126,1.597857066563197,90.66818727174443,382944800.0,Bull / Normal,-0.048228500862181,0
2020-04-21,53.22999954223633,53.34000015258789,51.119998931884766,51.310001373291016,14111700,-0.048228500862181,-0.049430294914697116,2020,4,2,1,51.096000289916994,50.4002001953125,52.376000213623044,53.76435014724731,0.02570858729105016,0.023243574130504138,0.037011331889872254,0.046723238044850755,-0.0498147893834997,0.1611224930493349,0.8886248313957222,0.04326644243394481,-0.012613620981273735,60.67335441254872,1.2046703188510932,0.9613135837616688,1.5699999673025944,60.7142888534374,368833100.0,Bull / Normal,0.018709784813460972,1
2020-04-22,52.02999877929688,52.58000183105469,51.77000045776367,52.27000045776367,9668300,0.018709784813460972,0.01853690976404436,2020,4,2,2,51.317500305175784,50.345800170898436,52.333600234985354,53.72805015563965,0.02826366006129683,0.023357427786723575,0.032758689768568466,0.04665993976306812,-0.016741899778085934,0.0926003405318998,0.6279091365478149,0.015496486822217083,0.014032301437057746,62.24209794748782,1.1119499844796152,0.9914408639052581,1.4499999455043242,62.990940385872065,378501400.0,Bull / Normal,-0.005739415236909351,0
2020-04-23,52.22999954223633,52.9900016784668,51.45000076293945,51.970001220703125,10330200,-0.005739415236909351,-0.0057559489735440105,2020,4,2,3,51.61900043487549,50.28220016479492,52.28720024108887,53.68990016937256,0.027284229989927865,0.021898623842093273,0.031163318206271398,0.04663255959014733,-0.032216005915409074,0.13125822320961889,0.7059605011470782,0.02963249719751514,-0.0007652748264210587,57.890918493352295,1.0027024900984998,0.9936931891439065,1.432142802647181,52.33969182273096,368171200.0,Bull / Normal,0.02001148886669224,1
2020-04-24,52.40999984741211,53.04999923706055,51.959999084472656,53.0099983215332,9403500,0.02001148886669224,0.01981389082754222,2020,4,2,4,51.74550037384033,50.22780014038086,52.25590023040772,53.65420015335083,0.027923350284389914,0.021885268490652584,0.022735869166643205,0.046694011745429705,-0.02947639402848312,0.050118835226613756,0.6725379788887371,0.020562161612918246,0.008466396312757897,62.543425662820425,0.9886456465316655,0.9926836806214584,1.4314286368233806,60.86952346866631,377574700.0,Bull / Normal,0.006791183206005247,1
2020-04-27,53.36000061035156,53.63999938964844,53.060001373291016,53.369998931884766,9123200,0.006791183206005247,0.006768226995948275,2020,4,2,0,51.92250022888184,50.189000091552735,52.2353002166748,53.62110013961792,0.0280234996402129,0.021938947036420863,0.02245045643360673,0.04669985837628296,-0.010016711501683817,0.07104148044850978,0.678960824975506,0.01086749162385526,0.006602571211102734,57.42495198481834,0.9950838303574159,0.9931637105686499,1.299285888671874,66.33412544544414,386697900.0,Bull / Normal,-0.003185275854366787,0
2020-04-28,53.900001525878906,54.150001525878906,53.130001068115234,53.20000076293945,8350500,-0.003185275854366787,-0.0031903596438860983,2020,4,2,1,52.06450023651123,50.14360008239746,52.22140022277832,53.58805013656616,0.011958154666619224,0.020967437453242373,0.02243774011405292,0.046648964575522575,0.03683491208464984,0.05639396580952627,0.6511651844773074,0.019172940660448855,0.00993072146526692,60.08266234544159,0.9752268973095042,0.9895763479168208,1.2564285823277055,60.41665631863847,378347400.0,Bull / Normal,0.012781960440299223,1
2020-04-29,53.95000076293945,54.27999877929688,53.68999862670898,53.880001068115234,9064100,0.012781960440299223,0.012700960677562267,2020,4,2,2,52.34200019836426,50.11220008850098,52.216100234985355,53.559800148010254,0.010782379568421721,0.020738963496765156,0.020060342271694283,0.04665132692810156,0.030801618447516832,0.11483548576020053,0.7258805929988211,0.010950262451591735,0.01409774415872697,57.668719450629546,1.0028008128864485,0.9922212409107464,1.1964282989501949,76.66667726304122,387411500.0,Bull / Normal,-0.016889380649077634,0
2020-04-30,53.470001220703125,53.59999847412109,52.79999923706055,52.970001220703125,11808800,-0.016889380649077634,-0.01703363276451409,2020,4,2,3,52.55500030517578,50.06280014038086,52.19900024414063,53.53160015106201,0.01439815697316717,0.021248092531574846,0.020670390130536523,0.04665754123503637,0.019241869857829386,0.08745641996097753,0.9693988541706857,0.015102873676126387,-0.007609499615521286,49.06832613493278,0.9403837980846745,0.9818537523455321,1.1599998474121094,51.38891979498135,375602700.0,Bull / Normal,-0.022276765678355015,0
2020-05-01,52.380001068115234,52.43999862670898,51.310001373291016,51.790000915527344,8702400,-0.022276765678355015,-0.022528640488128283,2020,5,2,4,52.65450038909912,49.98840019226074,52.16860023498535,53.50060014724731,0.014978151901127362,0.021132447886131094,0.02103531725612243,0.04672241254574246,-0.023014477355874252,0.039959873673770296,0.7378060308758734,0.021818830535667612,-0.011138382839177495,45.17973346963199,0.7866338755554736,0.9428097769875204,1.2228570665631975,18.61115437964055,366900300.0,Bull / Normal,-0.0007723675385251649,0
2020-05-04,51.709999084472656,51.790000915527344,51.09999847412109,51.75,7567900,-0.0007723675385251649,-0.0007726659680071729,2020,5,2,0,52.772000312805176,49.92980018615722,52.133000221252445,53.46875015258789,0.013887955155156008,0.020977947790154224,0.02091224780595432,0.04672247563839333,-0.030354112128657573,0.04757081784481354,0.6577785426466549,0.013333380510265837,-0.0015447350770504016,39.999993218311374,0.6540190897078375,0.8850516395315838,1.1914288657052186,17.955829632798945,359332400.0,Bull / Normal,0.005797086706484045,1
2020-05-05,52.220001220703125,52.86000061035156,51.9900016784668,52.04999923706055,7271800,0.005797086706484045,0.005780348257680872,2020,5,2,1,52.80000019073486,49.91780014038086,52.09530021667481,53.44130014419556,0.014898333654193642,0.014124916559886035,0.018738125948417273,0.04672823853353797,-0.021616569725315227,0.010875850462983117,0.6506306960830454,0.016714677130394855,0.009082149192330918,44.81792018692388,0.5665969705362315,0.8213607057325134,1.1857147216796886,26.243095087053156,366604200.0,Bull / Normal,-0.0036503098846100146,0
2020-05-06,52.43000030517578,52.5,51.70000076293945,51.86000061035156,7050000,-0.0036503098846100146,-0.00365698852342465,2020,5,2,2,52.85500030517578,49.93580017089844,52.05080020904541,53.412600154876706,0.011655362694771586,0.012810551134363838,0.01844347846830265,0.04672666129138111,-0.03749072787155261,0.021670652584551364,0.6512166667128523,0.015426132426632913,0.007300693058313566,41.119681096866536,0.4764903260855462,0.75238662980312,1.1857147216796886,20.994518220961584,359554200.0,Bull / Normal,0.01426914491053477,1
2020-05-07,52.400001525878906,52.91999816894531,52.27000045776367,52.59999847412109,7154700,0.01426914491053477,0.014168298854824356,2020,5,2,3,52.87850017547608,49.94680015563965,52.01210018157959,53.38835014343262,0.013588509988197616,0.013483177736753662,0.01771348079811145,0.046761387121236286,-0.006985137588356838,0.009015871789293417,0.6880782913015756,0.012357371293488458,0.010412666972077829,40.0785723573543,0.4594950316618096,0.693808310174858,1.1885716574532654,43.103406696760274,366708900.0,Bull / Normal,0.01844108838102665,1
2020-05-08,53.18999862670898,53.77999877929688,52.77000045776367,53.56999969482422,8130800,0.01844108838102665,0.018273113461543547,2020,5,2,4,52.898000144958495,50.00260017395019,52.0027001953125,53.36565013885498,0.00947176321248522,0.013247962151999727,0.01761854855754244,0.046802039747449856,0.03436954523712332,0.007333572534983235,0.8107636482569299,0.018853804877486183,0.011216733264320673,48.37164537462076,0.5183222341874867,0.6587110949773838,1.2142859867640925,77.67298690767221,374839700.0,Bull / Normal,-0.0007467036728618925,0
2020-05-11,53.130001068115234,53.83000183105469,53.060001373291016,53.52999877929688,8138600,-0.0007467036728618925,-0.0007469825949061452,2020,5,2,0,52.92600002288818,50.08400016784668,51.9981001663208,53.34185012817383,0.009466627949961406,0.0131037617687658,0.01759037997598056,0.0467907686993681,0.03439611167723444,0.010571975565197622,0.830404989000853,0.014384466193215666,-0.00821352677273761,64.0862896858343,0.555314160463972,0.6380317080747014,1.070000239780973,76.41509660300052,366701100.0,Bull / Normal,-0.02353817205802966,0
2020-05-12,53.79999923706055,53.83000183105469,52.25,52.27000045776367,8598800,-0.02353817205802966,-0.023819620118690814,2020,5,2,1,52.83950004577637,50.11140014648438,51.99240016937256,53.31070013046265,0.016636179651253424,0.015140793170582811,0.017800902371353254,0.046892153380800015,0.004226728605722707,-0.03203702855993196,0.8913472313068248,0.030227698818013106,0.00504390928303345,50.0,0.47745538576666746,0.6059164436130947,1.0921431950160456,36.792511678010854,358102300.0,Bull / Normal,-0.011861467887029242,0
2020-05-13,52.43000030517578,52.4900016784668,51.27999877929688,51.650001525878906,10274300,-0.011861467887029242,-0.011932376374188335,2020,5,2,2,52.76400012969971,50.167400207519535,51.97500019073486,53.27865013122559,0.017582792703117474,0.014522163994952535,0.017665757441706394,0.04691739246330208,-0.004049345969940887,-0.02840478415852954,1.065712525335087,0.02342696734604452,0.0030610263250599335,48.117647164420774,0.36155522999003864,0.5570442008884835,1.068571908133372,17.295691791684106,347828000.0,Bull / Normal,0.02439493290047423,1
2020-05-14,51.13999938964844,53.02999877929688,50.86000061035156,52.90999984741211,13794000,0.02439493290047423,0.02410212892380929,2020,5,2,3,52.72450008392334,50.21480018615723,51.97170017242431,53.25575012207031,0.02013413559785015,0.016254483201781533,0.0184219804846886,0.04702412827370534,0.0058935624008342735,-0.014711376244012198,1.433058734734013,0.04101300652435093,-0.009874194020593308,49.42661383248742,0.3671426637347537,0.5190638934577375,1.1457146235874742,59.94153025212696,361622000.0,Bull / Normal,0.00018896846649107957,1
2020-05-15,52.70000076293945,53.9900016784668,52.52000045776367,52.91999816894531,39055700,0.00018896846649107957,0.00018895061419939361,2020,5,2,4,52.639500045776366,50.31320014953613,51.964900169372555,53.238850116729736,0.017774335267332377,0.014263125750244843,0.017948177946484633,0.047023950684524196,-0.012133685450472553,-0.031124144931959474,3.5837789080658586,0.027777801805854103,-0.003968986676966085,47.311820606040726,0.36813390768855925,0.4888778963039019,1.2057146344866092,60.23387899149154,400677700.0,Bull / Normal,0.004346246502112683,1
2020-05-18,53.90999984741211,53.95000076293945,53.06999969482422,53.150001525878906,9901900,0.004346246502112683,0.0043368288505471865,2020,5,2,0,52.60150012969971,50.42880020141602,51.95930019378662,53.22520011901855,0.018030581089369415,0.014234338767836058,0.01777774676143578,0.04698413404296114,-0.007098771942526949,-0.014097538929406683,0.9105145167015171,0.01655693401413656,0.018707515357544984,49.7034444965842,0.38306311125176506,0.4677149392934746,1.2064290727887854,66.95912694694654,410579600.0,Bull / Normal,-0.015239912512450715,0
2020-05-19,53.18000030517578,53.25,52.31999969482422,52.34000015258789,9805100,-0.015239912512450715,-0.015357233479552338,2020,5,2,1,52.653000068664554,50.55540023803711,51.948300209045414,53.207700119018554,0.015702856385763957,0.015254277159568239,0.014315202154049805,0.046770926669410386,0.001339194455924675,0.020074035309479266,0.9198262995404198,0.017768442920606267,0.0005644172800685339,41.004664983921224,0.32577889496322854,0.43932773042742534,1.195714950561525,47.28431428707233,400774500.0,Bull / Normal,0.010699300184532579,1
2020-05-20,53.09000015258789,53.27000045776367,52.650001525878906,52.900001525878906,9115900,0.010699300184532579,0.010642467691524549,2020,5,2,2,52.68450012207031,50.641800231933594,51.941600227355956,53.20340013504028,0.0145068810224691,0.015477020391384422,0.013902431454372264,0.0465844298677804,0.02420135456092276,0.012052823083946729,0.8573933113935052,0.011720206313821362,0.014329384749971521,49.573692432215935,0.32185799294884276,0.41583378293170886,1.1850005558558887,65.17572585864175,409890400.0,Bull / Normal,-0.012854447742182473,0
2020-05-21,52.7599983215332,52.93999862670898,52.119998931884766,52.220001220703125,7464000,-0.012854447742182473,-0.012937781061701657,2020,5,2,3,52.697000122070314,50.79180023193359,51.92920024871826,53.194700145721434,0.011155909074499011,0.015483214130286218,0.014164212308391782,0.04654834451005282,-0.013040987123395964,0.004810467464457346,0.7116162001372893,0.01570278965254246,-0.0026465633328424947,52.788588561844115,0.2608731252261194,0.384841651390591,1.1250005449567533,43.45048390576117,402426400.0,Bull / Normal,0.0076598564119347845,1
2020-05-22,52.34000015258789,52.63999938964844,52.08000183105469,52.619998931884766,7211700,0.0076598564119347845,0.007630668666347927,2020,5,2,4,52.67750015258789,51.04820022583008,51.92840023040772,53.19110013961792,0.012080168372636941,0.014342016905461438,0.013515571157637065,0.046434693421804875,-0.0056689200196645695,-0.007357091152557449,0.6948216675450251,0.010642295134187525,0.002297949618530282,55.3903307065324,0.24202869442393649,0.3562790599972602,1.115714481898717,56.22995913522183,409638100.0,Bull / Normal,0.0030406661090820464,1
2020-05-26,53.650001525878906,53.68000030517578,52.650001525878906,52.77999877929688,11200600,0.0030406661090820464,0.0030360526335485227,2020,5,2,1,52.648000144958495,51.1452001953125,51.92640022277832,53.18175012588501,0.011946991971010543,0.0144196430486309,0.013438059839176845,0.046293097379149314,-0.006961481391526747,-0.011054902836720837,1.0684455331829958,0.019514945114036175,0.019574356041463483,54.602773425642994,0.2372698980684973,0.3324772276115076,1.1121431078229638,61.34177360206041,420838700.0,Bull / Normal,0.007957597448966292,1
2020-05-27,53.0,53.25,52.56999969482422,53.20000076293945,9228100,0.007957597448966292,0.00792610274152602,2020,5,2,2,52.648000144958495,51.35480018615723,51.91890022277832,53.17825012207031,0.00944040040603386,0.012312309391927121,0.013550075026547044,0.046164276990343936,0.016431039507917244,0.0,0.876615851109912,0.012781960440299237,0.004168268772098078,58.21078540223786,0.2643419976467669,0.3188501816185595,1.1035717555454805,74.76036274955484,430066800.0,Bull / Normal,0.007894702310566437,1
2020-05-28,53.7599983215332,54.150001525878906,53.220001220703125,53.619998931884766,9465400,0.007894702310566437,0.007863702199157151,2020,5,2,3,52.63500003814697,51.49000015258789,51.917500228881835,53.18010011672973,0.008962093311951047,0.011423683714534734,0.013351707242200698,0.0458387037568801,0.013610536582945754,-0.00482557778537851,0.8974473844520138,0.017344280561385147,0.01052626974742187,56.505104833620365,0.31604401509380153,0.31828894831360793,1.0957148415701734,83.89050314567501,439532200.0,Bull / Normal,0.0027974921459708035,1
2020-05-29,53.619998931884766,53.93999862670898,52.9900016784668,53.77000045776367,14734800,0.0027974921459708035,0.0027935864472295475,2020,5,2,4,52.675,51.62000015258789,51.9148002243042,53.17910011291504,0.002697522163499961,0.008851198846247523,0.012766055586522029,0.045645397982960384,0.02968209882856221,0.015102873676126505,1.3779437172254654,0.01766778761678462,0.0,51.42450676565316,0.3649155862110831,0.327614275893103,1.0792860303606295,88.44981877294325,454267000.0,Bull / Normal,-0.013204371925389147,0
2020-06-01,53.27999877929688,53.38999938964844,52.790000915527344,53.060001373291016,7363200,-0.013204371925389147,-0.013292324743508057,2020,6,2,0,52.73850002288818,51.779800186157225,51.90380023956299,53.18280012130737,0.008698764293669987,0.010031326239436698,0.012042567112518257,0.04517428193189352,0.008361886171374122,0.024522116920505876,0.6929180392354299,0.011307924210177591,-0.00911291936572859,46.94409954526217,0.34240859289818815,0.33057313929412,1.0942859649658192,66.86930549339444,446903800.0,Bull / Normal,0.0041462005335832774,1
2020-06-02,53.2400016784668,53.290000915527344,52.63999938964844,53.27999877929688,8756300,0.0041462005335832774,0.004137628729594631,2020,6,2,1,52.814999961853026,51.932400131225585,51.895300216674805,53.18625011444092,0.008755315871400233,0.010022577773862628,0.012048648757379746,0.045127106481614394,0.009473285554453703,0.029565193802838285,0.819434416844434,0.012199728618077197,0.0033923916418590327,57.593974956073644,0.3384224670734781,0.33214300484999165,1.0278573717389778,73.55615487898507,455660100.0,Bull / Normal,0.00394149594559523,1
2020-06-03,53.33000183105469,53.619998931884766,52.9900016784668,53.4900016784668,9188700,0.00394149594559523,0.003933748601195815,2020,6,2,2,52.88700008392334,52.118400192260744,51.88640022277832,53.18575012207031,0.008231294119550318,0.008429065946806112,0.012021148907047158,0.044935545308401395,0.005451144950534781,0.02766575336241206,0.8522551784841439,0.011777850694508084,0.0009384957376769908,64.74358700044444,0.34819513575344274,0.3353534310306819,0.9864283970424103,79.93921994680296,464848800.0,Bull / Normal,-0.011964912773658631,0
2020-06-04,53.22999954223633,53.68999862670898,52.630001068115234,52.84999847412109,9696000,-0.011964912773658631,-0.012037068477869445,2020,6,2,3,52.936499977111815,52.21860015869141,51.870400199890135,53.1806501197815,0.008905894494044395,0.00892461116016519,0.01234563281645487,0.044445889647529206,-0.01436032213916738,0.019089815891207618,0.8884059179415664,0.02005671881169096,-0.0048607614146913836,49.46618057615431,0.30082936259759663,0.32844861734406483,0.9071426391601547,37.19791094615529,455152800.0,Bull / Normal,0.02138128856651833,1
2020-06-05,53.09000015258789,54.27000045776367,52.7400016784668,53.97999954223633,12210100,0.02138128856651833,0.021155915665247424,2020,6,2,4,53.00550003051758,52.379400177001955,51.864400177001954,53.18565011978149,0.014174827696745012,0.009975318378643919,0.012839934445238855,0.04318903614029608,0.003905506466149511,0.026235762512316407,1.0934385270491729,0.028343808674909984,0.004541186100210106,57.86350081189549,0.35043370686819486,0.3328456352488908,0.9114281790597083,86.75794075893363,467362900.0,Bull / Normal,0.020748405731430664,1
2020-06-08,53.34999847412109,55.119998931884766,53.27999877929688,55.09999847412109,11519500,0.020748405731430664,0.02053608935635353,2020,6,2,0,53.081999969482425,52.47180015563965,51.86660015106201,53.194950103759766,0.013882461357002933,0.011363532036110763,0.013010583456716953,0.04055569468614416,0.03844698545102099,0.028560738995947688,1.0161752660849575,0.03339383309515117,-0.011671009141493247,62.7784777217822,0.47464860698134004,0.36120622959538073,0.96928514753069,99.34208957770987,478882400.0,Bull / Normal,-0.016696881931446916,0
2020-06-09,55.0,55.060001373291016,53.880001068115234,54.18000030517578,8852500,-0.016696881931446916,-0.01683784617638921,2020,6,2,1,53.11450004577637,52.55880012512207,51.860800170898436,53.1999001121521,0.017780036731972204,0.01323821408493375,0.013629011828465749,0.03122400721755977,0.016891920917772474,0.01214275248835417,0.7784587001388519,0.021779259847347333,-0.001814854390024223,61.886303317652334,0.49316870490931564,0.3875987246581677,0.9899992261614093,69.07896305386885,470029900.0,Bull / Normal,-0.0012919840241775171,0
2020-06-10,54.5,54.65999984741211,53.900001525878906,54.11000061035156,7436700,-0.0012919840241775171,-0.001292819355103874,2020,6,2,2,53.20650005340576,52.63380012512207,51.8476001739502,53.21255010604858,0.017899856729918364,0.013152916105941116,0.012399801185979012,0.027609045662553903,0.011590931247518643,0.0352018392285014,0.657316666261554,0.014045431767890443,0.005906232798482457,58.34482127222521,0.49647457572264386,0.40937389487106296,0.9778562273297966,66.77633931764538,462593200.0,Bull / Normal,-0.05174642774860527,0
2020-06-11,53.25,53.560001373291016,51.22999954223633,51.310001373291016,12805700,-0.05174642774860527,-0.053133331216011895,2020,6,2,3,53.18950004577637,52.693400115966796,51.809400177001955,53.208450107574464,0.030386633126828266,0.021156548666225992,0.017049034205148528,0.025767256100935162,-0.02913901883240655,-0.006582771394837872,1.1193505062587985,0.0454102858837098,-0.01589356127612091,45.14407710167655,0.270045053024873,0.381508126501825,1.1249991825648695,2.05660266342401,449787500.0,Bull / Normal,0.01071914290274889,1
2020-06-12,52.45000076293945,53.0,50.97999954223633,51.86000061035156,11537200,0.01071914290274889,0.010662100161273507,2020,6,2,4,53.13700008392334,52.756400146484374,51.775800170898435,53.20580011367798,0.02833134384435987,0.021591052359637316,0.01626743348099025,0.02577746801840677,-0.039273785658815785,-0.01984500548268109,1.0185165158457923,0.03895103035074913,0.022217878759244285,46.008412368754584,0.1334401518388475,0.3318945315692295,1.2292851039341497,21.256067580965578,461324700.0,Bull / Normal,0.026802918883324978,1
2020-06-15,50.959999084472656,53.43000030517578,50.90999984741211,53.25,16038100,0.026802918883324978,0.02645001270979982,2020,6,2,0,53.153500175476076,52.82540016174316,51.761100158691406,53.21230010986328,0.02993286612072972,0.023217183429512567,0.017407528340168447,0.02517496490518696,-0.03357529084125077,0.006235862480591381,1.5759820961374529,0.04732395225847271,-0.017354444953463048,52.186052189316825,0.13577597655863372,0.2926708205671103,1.3335707528250538,55.58196345501103,477362800.0,Bull / Normal,0.02516432211432651,1
2020-06-16,54.459999084472656,55.0,53.77999877929688,54.59000015258789,19380200,0.02516432211432651,0.02485291399929361,2020,6,2,1,53.22550010681152,52.929200134277345,51.757200164794924,53.22445011138916,0.03212197428137996,0.02448997010349764,0.018254173677001665,0.025305620215683985,0.00756736517354617,0.02709310602762338,1.819653368061,0.022348437759535024,0.02272298750183392,55.9554396218644,0.24295333315171064,0.28272732308403037,1.4099993024553552,87.41095262344308,496743000.0,Bull / Normal,-0.056237400370820145,0
2020-06-17,53.02999877929688,53.7400016784668,51.5,51.52000045776367,28692600,-0.056237400370820145,-0.05788062790756559,2020,6,2,2,53.18450012207031,52.92980010986328,51.73170017242432,53.22175010681153,0.04152260193967754,0.030747075885717453,0.02212433592832977,0.02606116219012802,-0.04786546152971971,-0.01566678816266065,2.4745954351344324,0.043478293062189706,-0.02857668746896047,42.66760293689074,0.07925523707025661,0.24203290588127563,1.5628564017159579,14.48932881247814,468050400.0,Bull / Normal,0.04211952930249452,1
2020-06-18,51.59999847412109,54.0,51.31999969482422,53.68999862670898,19259500,0.04211952930249452,0.04125664817506249,2020,6,2,3,53.223999977111816,52.9884001159668,51.741700172424316,53.23075010299683,0.03850798441264155,0.03367342982030156,0.02400126556470351,0.02443607661506432,0.04638466555677878,0.014933782193628176,1.5914252508563635,0.04991619247020377,0.001552756514880032,49.755196300536554,0.12320381644287437,0.21826708799359537,1.6864280700683578,66.03323952135943,487309900.0,Bull / Normal,0.013224118408092567,1
2020-06-19,54.209999084472656,54.459999084472656,52.97999954223633,54.400001525878906,33051200,0.013224118408092567,0.013137443054816093,2020,6,2,4,53.3329999923706,53.03380012512207,51.75110019683838,53.23790010452271,0.038540616830663454,0.033250501011326886,0.023916135635598298,0.02384498645673734,0.04897803481746088,0.0417464621642234,2.4699349582498997,0.027205873175063604,0.009685238797994607,54.100367625687156,0.21287083991425249,0.2171878383777268,1.7221423557826436,82.89792012873926,520361100.0,Bull / High Vol,0.013235246062692552,1
2020-06-22,54.09000015258789,55.38999938964844,53.880001068115234,55.119998931884766,16705900,0.013235246062692552,0.013148425416264039,2020,6,2,0,53.4579999923706,53.07260009765625,51.77030017852783,53.24430009841919,0.03754548862080717,0.03284413581588438,0.024013913209908457,0.02032094794183561,0.03511735083351675,0.04751045326390413,1.2056698432424962,0.027394745116000502,-0.005698554496244697,55.46318330141203,0.3381325933704815,0.24137678937627774,1.783570698329379,93.97320345196079,537067000.0,Bull / High Vol,0.0012699509466738146,1
2020-06-23,55.29999923706055,55.970001220703125,55.130001068115234,55.18999862670898,18695000,0.0012699509466738146,0.0012691452410359529,2020,6,2,1,53.578499984741214,53.117000045776365,51.78910015106201,53.25445009231567,0.03623295284370274,0.03228374776060887,0.02401547320619449,0.020231164221164163,0.01099099601472786,0.04566123348144946,1.3136966312939473,0.015220151721137677,0.003265607922057816,55.089812152394195,0.4380028021512814,0.2807019919312785,1.7992853437151213,84.5849331561182,555762000.0,Bull / High Vol,-0.013589418711038692,0
2020-06-24,55.119998931884766,55.68000030517578,54.33000183105469,54.43999862670898,18287400,-0.013589418711038692,-0.013682600010948145,2020,6,2,2,53.640499877929685,53.12580001831055,51.809000129699704,53.25395008087158,0.020477818902506145,0.03266879235333601,0.024240622274339086,0.02029564293814262,0.0566769825892981,0.02330823018772099,1.2454133126302456,0.024797915286110365,-0.0012683402168148555,54.729329995037034,0.4514281474678512,0.314847223038593,1.8199996948242176,69.76280279151315,537474600.0,Bull / High Vol,0.001653199023846863,1
2020-06-25,54.400001525878906,54.59000015258789,53.540000915527344,54.52999877929688,16008700,0.001653199023846863,0.0016518339945769305,2020,6,2,3,53.68599987030029,53.153199996948246,51.8234001159668,53.24925006866455,0.011058738793207162,0.02693214738622944,0.024193222201396244,0.019539268800735185,0.015645374819772018,0.016971276865710427,1.0664670792317483,0.019255442152314783,-0.0007347006215839234,51.743815748828816,0.4639815994468961,0.34467409832025364,1.7857140132359086,71.54146145083617,553483300.0,Bull / High Vol,-0.006418457398792099,0
2020-06-26,54.34999847412109,54.59000015258789,53.630001068115234,54.18000030517578,17969400,-0.006418457398792099,-0.006439144262493176,2020,6,2,4,53.706499862670896,53.162799987792965,51.82480010986328,53.23870006561279,0.01003023900103354,0.027173501402744098,0.024247367689713653,0.01955613209522191,-0.004044139973019445,0.007625066838788053,1.1843248677970526,0.01771869839544737,-0.003300940935361532,46.93333787706396,0.44060927927897353,0.36386113451199764,1.722856794084821,64.62449743638844,535513900.0,Bull / High Vol,0.01070502054430622,1
2020-06-29,54.22999954223633,54.959999084472656,53.84999847412109,54.7599983215332,14366900,0.01070502054430622,0.010648127479341362,2020,6,2,0,53.79149971008301,53.165599975585934,51.82500007629395,53.24305006027222,0.009174312983293178,0.02617870388585108,0.024116741104733136,0.019407122177994462,-0.006531215844115645,0.03203914256017937,0.9255305716464985,0.020270282037519446,0.0009228356732912473,51.97816618089533,0.46354409208442604,0.3837977260264833,1.714999880109515,76.08690571593782,549880800.0,Bull / High Vol,0.009313406717726735,1
2020-06-30,54.79999923706055,55.43999862670898,54.5,55.27000045776367,18885900,0.009313406717726735,0.009270304358570526,2020,6,2,1,53.89099979400635,53.19279998779297,51.830600090026856,53.250650062561036,0.010360807882480148,0.025155003007159775,0.024170160254504153,0.01938780956329272,0.0014495711731359329,0.037349882208331575,1.1782067406309422,0.01700739314137164,0.0007304769312166732,53.841060455899424,0.5169143398554112,0.4104210487922689,1.7278570447649275,86.16599658185125,568766700.0,Bull / High Vol,0.00398048161536102,1
2020-07-01,54.68999862670898,55.880001068115234,54.68000030517578,55.4900016784668,17856800,0.00398048161536102,0.003972580458415731,2020,7,3,2,53.99099979400635,53.27639999389648,51.83830009460449,53.26240007400513,0.006839668184505391,0.014913004454343492,0.024170316744563276,0.018656860693133825,0.019287345302074987,0.03739016521297156,1.0846780598520358,0.021625531206374428,-0.010493971888021269,66.69329642947895,0.570387829762204,0.44241440498625595,1.6078570229666573,90.5138456133632,586623500.0,Bull / High Vol,0.008109514049930322,1
2020-07-02,55.790000915527344,56.43000030517578,55.650001525878906,55.93999862670898,15478900,0.008109514049930322,0.008076808638552051,2020,7,3,3,54.145499801635744,53.349799957275394,51.84780006408691,53.27775007247925,0.006930858373404138,0.008763084243541646,0.023970681121620645,0.01856266792531626,0.025857324023037087,0.058467365029366336,0.9240080683337004,0.013943489425193849,0.005406365615176459,66.42512025362524,0.6416800604063653,0.48226753607027784,1.5307140350341797,91.12315873493027,602102400.0,Bull / High Vol,0.011798352942700818,1
2020-07-06,56.20000076293945,56.83000183105469,56.15999984741211,56.59999847412109,15309700,0.011798352942700818,0.011729295025689018,2020,7,3,0,54.27649974822998,53.44239990234375,51.86230003356933,53.2979500579834,0.003024301583030528,0.008609261009298394,0.02368051507422148,0.01831510459569054,0.04466589433950463,0.04853647562250818,0.9055302305746356,0.011837491196204175,0.00464787527017092,64.32848571788453,0.7428727638623656,0.5343885816286954,1.4142856597900395,95.8257120188532,617412100.0,Bull / High Vol,-0.005123623827704926,0
2020-07-07,56.34999847412109,56.95000076293945,56.220001220703125,56.310001373291016,13232100,-0.005123623827704926,-0.005136794595570027,2020,7,3,1,54.33699989318848,53.508399963378906,51.868100051879885,53.31265007019043,0.006635592594306522,0.008376758089997518,0.023343683452411158,0.018170015585556934,0.028305388956674005,0.021960125819935117,0.7787014521683658,0.01296394111939379,-0.00441696124981887,58.08271876266039,0.7905553381407415,0.5856219329311046,1.3414284842354915,88.63233981831745,604180000.0,Bull / High Vol,0.006215565007730683,1
2020-07-08,56.630001068115234,56.68000030517578,55.9900016784668,56.65999984741211,12582200,0.006215565007730683,0.006196328054750764,2020,7,3,2,54.46099987030029,53.57419998168945,51.881600036621094,53.328600063323975,0.0063421482577134935,0.008463272547698086,0.02297066659091961,0.01816935975868608,0.02514925598219686,0.045773339392163326,0.7324172732937676,0.01217787907813592,0.0056828216483759695,82.44952985726658,0.8468244089366976,0.6378624281322233,1.1699998038155697,94.84900780623781,616762200.0,Bull / High Vol,0.015354728807407625,1
2020-07-09,56.9900016784668,57.79999923706055,56.81999969482422,57.52999877929688,15692600,0.015354728807407625,0.015238037947326737,2020,7,3,3,54.631999778747556,53.6607999420166,51.90220001220703,53.34615005493164,0.007766713344809606,0.007131495585672999,0.023127278174838284,0.018107646818111004,0.03676332743060118,0.06320454870390546,0.8920406098295797,0.01703458305285063,0.0058242469457006184,79.00306040540724,0.9506610668452851,0.7004221558748357,1.0599997384207593,94.3983303971244,632454800.0,Bull / High Vol,-0.002433502392126363,0
2020-07-10,57.470001220703125,57.52000045776367,56.68999862670898,57.38999938964844,12615800,-0.002433502392126363,-0.0024364681715371315,2020,7,3,4,54.93599967956543,53.73099990844727,51.92159999847412,53.36635005950928,0.008839239415787105,0.007488341179083362,0.019250442900662593,0.017980407864510887,0.025920643520487063,0.1184953781646616,0.71752821942288,0.014462481963441246,-0.001042891706358739,74.71077600556879,1.0100127869231343,0.7623402820844954,1.014285496303015,90.37558664425606,619839000.0,Bull / High Vol,-0.006621381288667072,0
2020-07-13,57.400001525878906,57.84000015258789,56.970001220703125,57.0099983215332,15965600,-0.006621381288667072,-0.006643399883246468,2020,7,3,0,55.19349956512451,53.81179985046387,51.937299995422364,53.382200050354,0.00921261891841816,0.00752336682820698,0.019406770578888854,0.017972966206416655,0.007243813753803785,0.09930577806730057,0.8967561563661537,0.015260462331151465,0.00017428360928459702,66.5499318564442,1.0146898295627125,0.8128101915801389,0.9685712541852693,80.69762841116057,603873400.0,Bull / High Vol,0.0033327915628877935,1
2020-07-14,56.66999816894531,57.290000915527344,56.47999954223633,57.20000076293945,15510300,0.0033327915628877935,0.0033272501219851576,2020,7,3,1,55.39099960327148,53.91999984741211,51.95420001983643,53.39840005874634,0.008441563382620358,0.007273402413167662,0.018711429892834825,0.017852981471070596,0.01580535194358168,0.07417841808337,0.8724761051079929,0.01416086298054431,-0.005963868840520022,67.23845742126208,1.0219476522607494,0.854637683716261,0.9657140459333162,85.11629062320631,619383700.0,Bull / High Vol,-0.010139892016058805,0
2020-07-15,57.41999816894531,57.84000015258789,56.380001068115234,56.619998931884766,10570800,-0.010139892016058805,-0.010191650904729033,2020,7,3,2,55.49249954223633,54.017399826049804,51.97360000610352,53.41105005264282,0.009992569350737125,0.008335057439015511,0.018244618878181358,0.017818962993184594,-0.0007059815678621684,0.03718627539151309,0.6097296137450456,0.0257859256802366,0.0038461084453061452,69.25796672449374,0.9697199011592659,0.8776541272048621,0.9735712323869993,71.62787355429602,608812900.0,Bull / High Vol,-0.014129269730700056,0
2020-07-16,56.41999816894531,56.4900016784668,55.58000183105469,55.81999969482422,8779300,-0.014129269730700056,-0.014230038178089831,2020,7,3,3,55.707499504089355,54.09279983520508,52.00529998779297,53.41500005722046,0.0067718301663826485,0.009803029442260029,0.01278448938868405,0.01673377470775053,-0.029723607174628297,0.08346271736906719,0.5372494064083421,0.016302397928828493,-0.003532334276093133,60.12560364486512,0.8539321809449163,0.872909737952873,0.972856794084823,52.01898106786176,600033600.0,Bull / Normal,-0.01648151511958207,0
2020-07-17,56.08000183105469,56.119998931884766,54.7599983215332,54.900001525878906,14344800,-0.01648151511958207,-0.01661884633176405,2020,7,3,4,55.76799964904785,54.15359985351562,52.04470001220703,53.42050006866455,0.007764547688604136,0.010757915242600056,0.010028875410363496,0.016738646385758896,-0.04338731295088072,0.022536839823422694,0.8912324061467003,0.02477232372590157,0.004657867030668881,55.187332557201266,0.6800937179443594,0.8343465339511703,1.001428331647602,26.315854888594764,585688800.0,Bull / Normal,0.009107467870730579,1
2020-07-20,54.880001068115234,55.52000045776367,54.68999862670898,55.400001525878906,11469300,0.009107467870730579,0.009066244986906766,2020,7,3,0,55.81799964904785,54.20959991455078,52.078200035095215,53.43175006866455,0.011267780808929033,0.010407292645923083,0.009808114849936806,0.016747705185524903,-0.028240604158133897,0.018382352425565296,0.7637864543827836,0.014981982097364696,-0.00036430705296508975,54.664748566290406,0.5760311760727603,0.7826834623754884,0.9814284188406823,26.94615223839344,597158100.0,Bull / Normal,0.009205745622497208,1
2020-07-21,55.79999923706055,56.34000015258789,55.58000183105469,55.90999984741211,11875100,0.009205745622497208,0.009163631013205633,2020,7,3,1,55.85749969482422,54.256399917602536,52.12950004577637,53.44200006484985,0.012659954431353511,0.010917452741036313,0.009581389080393719,0.01659948657370231,-0.022552463257363264,0.014332382634905327,0.8037385201724825,0.013593244922328164,0.007220175093222522,54.66472335631422,0.5286198634914214,0.731870742598675,0.9814284188406829,38.92403802625623,609033200.0,Bull / Normal,0.001788561516616216,1
2020-07-22,55.70000076293945,56.18000030517578,55.70000076293945,56.0099983215332,13842400,0.001788561516616216,0.001786963945086512,2020,7,3,2,55.89849967956543,54.30599990844726,52.19500003814697,53.44635005950928,0.012450696988279922,0.010695215442371177,0.009583556282305845,0.01658258765262453,-0.010773589223931457,0.014857758927853792,0.9525329956923246,0.008569890316382868,-0.0037560201224428446,53.85754745173326,0.4934271764873017,0.6841820293764004,0.9299997602190311,41.904731917738346,622875600.0,Bull / Normal,-0.0044634887964973835,0
2020-07-23,56.0,56.36000061035156,55.59999847412109,55.7599983215332,12576000,-0.0044634887964973835,-0.004473479903830787,2020,7,3,3,55.96449966430664,54.375799865722655,52.24360000610351,53.45115005493164,0.010750715576847137,0.00901050629212674,0.00906662756616348,0.016588799105371196,-0.0010749081622903889,0.024246872302025047,0.8827350748913954,0.013629880902219843,-0.00017850958458892225,48.62384946512529,0.44028843679475926,0.6354033108600723,0.9171428680419947,33.96822782572064,610299600.0,Bull / Normal,-0.001972682908274348,0
2020-07-24,55.470001220703125,56.040000915527344,55.2599983215332,55.650001525878906,8939700,-0.001972682908274348,-0.001974631209878483,2020,7,3,4,56.020499801635744,54.45579986572265,52.311600036621094,53.459150066375734,0.006272063917403546,0.009015376662838078,0.009094091297356213,0.016519196525226355,0.013661201806095757,0.02053920358801209,0.6434595967229965,0.014016218735077954,-0.005200808994968855,42.070129406969706,0.3848633158803878,0.5852953118641354,0.9092856815883111,30.476267750443995,601359900.0,Bull / Normal,-0.005570554623378632,0
2020-07-27,55.65999984741211,55.95000076293945,55.31999969482422,55.34000015258789,10319600,-0.005570554623378632,-0.0055861280247009445,2020,7,3,0,56.07849979400635,54.50439987182617,52.3596000289917,53.463200073242184,0.005970447955285506,0.008974993676200806,0.009059320691644604,0.016379258672783895,-0.001083057249790631,0.021410111496461104,0.7638099904594066,0.011384189851430157,0.00017966435326248118,41.93009894102386,0.31232371483444865,0.5307009924581981,0.9021429334368045,20.634959079822984,591040300.0,Bull / Normal,0.00018067078976558015,1
2020-07-28,55.25,55.7400016784668,55.20000076293945,55.34999847412109,13030100,0.00018067078976558015,0.00018065447076399125,2020,7,3,1,56.10799980163574,54.552999877929686,52.43310001373291,53.46250005722046,0.0030792298505753655,0.008783825632616654,0.008773103750322598,0.016095656327984115,-0.010016121889096063,0.010774290918045493,0.9692238458477296,0.00975611437062318,-0.0016263128359185939,38.44794816850613,0.2527290363614014,0.47510660123883885,0.8914288112095444,20.95236595886906,604070400.0,Bull / Normal,0.006323438093354339,1
2020-07-29,55.560001373291016,55.900001525878906,55.34999847412109,55.70000076293945,7242700,0.006323438093354339,0.006303529043711219,2020,7,3,2,56.12949981689453,54.6039998626709,52.51640003204346,53.45655006408691,0.004711900901191554,0.008890655886741953,0.008640793376437429,0.016106704744831113,-0.005534682518898992,0.0077799946013095145,0.563121953646838,0.009874381404385358,0.0037940904238347164,32.233021071211866,0.2310783564792942,0.42630095228692994,0.8492862156459289,32.06354434855917,611313100.0,Bull / Normal,-0.008079008200640225,0
2020-07-30,55.0,55.47999954223633,54.88999938964844,55.25,7633200,-0.008079008200640225,-0.008111820232673258,2020,7,3,3,56.11749973297119,54.66219985961914,52.60880004882812,53.45050006866455,0.005558402592233082,0.008115433234912098,0.008798808213445366,0.01614143228804354,-0.009146311637105109,-0.004325133739542353,0.6180473518907317,0.010678735793445984,-0.01256733848027531,30.40293270621376,0.17558470475335497,0.37615770278021493,0.8471434456961511,17.777812762638938,603679900.0,Bull / Normal,0.0036199233111213758,1
2020-07-31,55.0,55.470001220703125,54.33000183105469,55.45000076293945,9355800,0.0036199233111213758,0.003613387157566157,2020,7,3,4,56.09299983978271,54.71319984436035,52.677500038146974,53.44600008010864,0.006060897934855165,0.006090489734363712,0.008631880648641243,0.01613226852617131,-0.0035939039974050013,-0.008759347082564428,0.7767788312450107,0.020559050928099665,-0.004524886877828055,35.227292431292085,0.14606028400879723,0.3301382190259314,0.8664291926792705,31.908816736856405,613035700.0,Bull / Normal,0.009558138358964685,1
2020-08-03,55.77999877929688,56.09000015258789,55.4900016784668,55.97999954223633,9164900,0.009558138358964685,0.009512748354607343,2020,8,3,0,56.06199989318848,54.78839981079101,52.790100021362306,53.446500072479246,0.006760622440136222,0.0061583218134549245,0.008478368895357979,0.01607918397961266,0.011564860641195773,-0.010954045028256254,0.7808477636966153,0.010718086442076533,0.005951271628800163,39.14588718260605,0.16354321557439278,0.29681921833562364,0.8542861938476578,47.008504279309875,622200600.0,Bull / Normal,0.00035727863392676085,1
2020-08-04,55.77999877929688,56.0099983215332,55.52999877929688,56.0,6364300,0.00035727863392676085,0.00035721482511352857,2020,8,3,1,56.04649982452393,54.85599983215332,52.9521000289917,53.451200065612795,0.006747094695843916,0.005453022352862953,0.008409915107995665,0.01591858384757812,0.011743478659404616,-0.005505263110117009,0.5585793934819385,0.00857142039707716,-0.0035727181953359526,43.87352076637815,0.17697240684397286,0.2728498560372935,0.7842862265450624,77.31473550547392,628564900.0,Bull / Normal,-0.008928571428571397,0
2020-08-05,56.31999969482422,56.31999969482422,55.380001068115234,55.5,6629000,-0.008928571428571397,-0.008968669982760375,2020,8,3,2,55.98849983215332,54.91039985656738,53.02780002593994,53.45595006942749,0.007860788347306597,0.006113630106447558,0.008479341227349703,0.015967597822839474,-0.003590677921005092,-0.020472994185246063,0.5974189949319871,0.016936912192954675,0.005714280264718192,46.63865478873285,0.14559103354413594,0.24739809153866202,0.7771434783935557,57.63541243855139,621935900.0,Bull / Normal,-0.003963985958614691,0
2020-08-06,55.4900016784668,55.59999847412109,54.93999862670898,55.27999877929688,8169600,-0.003963985958614691,-0.003971863375158321,2020,8,3,3,55.87599983215332,54.95199981689453,53.15340000152588,53.4567000579834,0.007069997173785605,0.00608322240197079,0.007569849814304977,0.015660391155175785,0.0005429643311651855,-0.03911003037965821,0.7620955949744005,0.011939216027249414,-0.00018014993753519143,54.679771944857954,0.10179537550619244,0.21827754833216811,0.7271434238978804,46.79790736481341,613766300.0,Bull / Normal,-0.0009044724704169171,0
2020-08-07,55.0099983215332,55.2400016784668,54.7599983215332,55.22999954223633,8772300,-0.0009044724704169171,-0.0009048817524499527,2020,8,3,4,55.76799983978272,54.98419982910156,53.237099990844726,53.462300052642824,0.006795640442776932,0.006070635429606623,0.007572595083232659,0.01557084307605519,-0.003967560282707283,-0.03763721676919396,0.8332557604956049,0.008690989696035002,-0.004884234148442091,47.645399798592265,0.06233393362541051,0.18708882539081662,0.705000468662808,44.334889279754655,604994000.0,Bull / Normal,-0.005250786129476159,0
2020-08-10,55.2400016784668,55.619998931884766,54.880001068115234,54.93999862670898,10046900,-0.005250786129476159,-0.005264619953849262,2020,8,3,0,55.664499855041505,55.00759979248047,53.31379997253418,53.46635004043579,0.0036770167450934517,0.0060431475966411935,0.007533616196541195,0.01529142419539791,-0.018578080100602357,-0.036309415116091426,0.9819284085261594,0.013469200623710658,0.00018109969787017224,35.69319475889752,0.007572515145405134,0.1511855633417343,0.6907146998814184,30.04912130368732,594947100.0,Bull / Normal,-0.012195088927788755,0
2020-08-11,55.2400016784668,55.459999084472656,54.13999938964844,54.27000045776367,8075100,-0.012195088927788755,-0.012270059160687474,2020,8,3,1,55.51799983978272,55.03179977416992,53.40579998016357,53.46640005111694,0.0043965261944865965,0.007027770114416385,0.007770970562549301,0.015382350280552117,-0.03089284896850586,-0.05122378087578916,0.8189719215277415,0.024322824464531295,0.005460558049813523,28.030324923657872,-0.08886517395160354,0.10317541588306674,0.7507147107805535,5.855900749192385,586872000.0,Bull / Normal,-0.0018426808176681408,0
2020-08-12,54.52000045776367,54.70000076293945,53.970001220703125,54.16999816894531,9068200,-0.0018426808176681408,-0.0018443806424433455,2020,8,3,2,55.395499801635744,55.04959976196289,53.490999946594236,53.46640005111694,0.0044582902732839425,0.006407108673620612,0.007565857153796445,0.015377126855396526,-0.023963996955940314,-0.043270943291377706,0.926753068371059,0.013476085783861513,0.0046065966075413195,29.13386378632096,-0.17138644999943153,0.04826304270656708,0.7485716683524001,8.510513961801058,577803800.0,Bull / Normal,-0.002769018206606355,0
2020-08-13,53.90999984741211,54.20000076293945,53.68000030517578,54.02000045776367,8260300,-0.002769018206606355,-0.0027728590293645407,2020,8,3,3,55.30549983978271,55.06019973754883,53.58929996490478,53.46330005645752,0.0045475498193369105,0.006131694301032123,0.007029102159948405,0.015245389670666448,-0.02279302368590308,-0.03224649313689354,0.8464319730627172,0.009626072812980477,-0.00479967381062707,28.831167544376797,-0.24605237884910736,-0.010600041604567803,0.7300000871930808,12.878796636129815,569543500.0,Bull / Normal,0.0033321048435850376,1
2020-08-14,54.02999877929688,54.560001373291016,53.77000045776367,54.20000076293945,5454400,0.0033321048435850376,0.0033265656835380747,2020,8,3,4,55.270499801635744,55.0871997833252,53.6528999710083,53.460300064086915,0.005664101129279744,0.006101776514751942,0.006166763562440453,0.015192593181849115,-0.01864926286137658,-0.012750468915915913,0.5855850778012002,0.014575662442933502,0.00018508555069390577,34.677432586527985,-0.2873883115367093,-0.0659576955909961,0.7414286477225173,19.69699159032454,574997900.0,Bull / Normal,-0.0038745217991997816,0
2020-08-17,54.20000076293945,54.38999938964844,53.65999984741211,53.9900016784668,9523700,-0.0038745217991997816,-0.003882047203303338,2020,8,3,0,55.19999980926514,55.087399826049804,53.73340000152588,53.456000080108645,0.005605778002570269,0.0044716478929178105,0.005758312849000367,0.015102576208741685,-0.017291535711476014,-0.02545126008260956,1.0332569721817935,0.013521013512534838,0.0,32.65311087431468,-0.33325099703009187,-0.11941635587881526,0.7549999782017304,12.406084585897379,565474200.0,Bull / Normal,0.022041092604440538,1
2020-08-18,55.619998931884766,56.93000030517578,54.869998931884766,55.18000030517578,21102600,0.022041092604440538,0.02180169900101992,2020,8,3,1,55.16349983215332,55.088999862670896,53.78040000915527,53.45945007324219,0.01079297854601942,0.009279127494869732,0.007453351587927788,0.015327844027886334,0.016768008839807003,-0.013056690113192992,2.180349515526102,0.03733239148057401,0.030190724259007973,44.537808391535535,-0.2704569029409427,-0.14962446529124077,0.9257139478410993,46.4831879198937,586576800.0,Bull / Normal,0.018484966511825185,1
2020-08-19,55.58000183105469,56.79999923706055,55.459999084472656,56.20000076293945,16751500,0.018484966511825185,0.01831619615538992,2020,8,3,2,55.172999954223634,55.12939987182617,53.84409999847412,53.465450077056886,0.012086153302667029,0.010752021068477774,0.008587363268036089,0.01549304238370405,0.037474666099544196,0.0033922950740958857,1.7051616984739915,0.023843418761509,0.0072490308747132585,58.91183036113674,-0.13680956304446568,-0.14706148484188575,0.9835709163120815,77.67585810261417,603328300.0,Bull / Normal,-0.016726021862016105,0
2020-08-20,55.59000015258789,55.810001373291016,55.09000015258789,55.2599983215332,10974800,-0.016726021862016105,-0.016867481353802317,2020,8,3,3,55.147999954223636,55.1523998260498,53.89309997558594,53.46450006484985,0.01600933336322515,0.012117671286893686,0.009342710157063016,0.015636701914948654,0.022954421570933636,-0.008967001704641597,1.1263211423311013,0.01302933844684106,-0.010854103239689305,48.434905675792194,-0.10552697511188569,-0.13875458289588574,0.9814281463623047,48.92961009599737,592353500.0,Bear / Normal,-0.0012667335676872504,0
2020-08-21,55.380001068115234,55.45000076293945,54.72999954223633,55.18999862670898,9552000,-0.0012667335676872504,-0.0012675365528367962,2020,8,3,4,55.124999809265134,55.229999771118166,53.96169994354248,53.46210006713867,0.016234608574503873,0.012121314798047705,0.009337823755799333,0.015610508024611195,0.018265642985866082,-0.008265999758436893,0.9772316884153235,0.013045864080791683,0.0021716024290082125,42.95899438879167,-0.08539925965083484,-0.12808351824687558,0.9871425628662109,46.78894694538429,582801500.0,Bear / Normal,0.014857758927853792,1
2020-08-24,55.7599983215332,56.11000061035156,55.43999862670898,56.0099983215332,7892100,0.014857758927853792,0.014748463686029114,2020,8,3,0,55.1584997177124,55.3129997253418,54.03469993591309,53.46365005493164,0.016201873804225237,0.012803435025056585,0.009843052573168592,0.015716540796637545,0.03741427264804198,0.012106941942499727,0.8175652052304034,0.011962185390478776,0.010327952690840924,50.07799002941661,-0.0032433900056219045,-0.10311549259862485,1.018571308680944,71.86538670175722,590693600.0,Bear / Normal,0.001428349106447513,1
2020-08-25,56.150001525878906,56.75,56.02000045776367,56.09000015258789,7427000,0.001428349106447513,0.0014273299861868214,2020,8,3,1,55.19549980163574,55.36979972839355,54.09759994506836,53.4642000579834,0.014049458986532698,0.011811030228288076,0.009843890428676389,0.015608658286235685,0.016491479564684886,0.013369497721175128,0.7923806841338223,0.013014789449998732,0.0024996109362831116,54.92487468500098,0.06754261849007293,-0.0689838703808853,1.0042858123779308,74.31192553525328,598120600.0,Bear / Normal,0.02495991303388001,1
2020-08-26,56.34000015258789,57.4900016784668,56.060001373291016,57.4900016784668,11597600,0.02495991303388001,0.024653502590346404,2020,8,3,2,55.28499984741211,55.427799758911135,54.178499946594236,53.4692000579834,0.015960983591843537,0.01342801527528771,0.011192852640228514,0.015907138123283617,0.022953752633719127,0.03213646123894387,1.2092466033731408,0.024873895693612338,0.00445712246960059,65.41145249479527,0.233913058908783,-0.008404484522951637,1.0592858450753357,100.0,609718200.0,Bear / Normal,-0.00539226585911079,0
2020-08-27,57.45000076293945,58.45000076293945,56.58000183105469,57.18000030517578,15834700,-0.00539226585911079,-0.005406856599730818,2020,8,3,3,55.3814998626709,55.540999755859374,54.23539993286133,53.4729500579834,0.012621600255212357,0.013643271538370987,0.011085650723469141,0.015927428072891773,0.034744879514308824,0.034932132220376166,1.583336999692026,0.032703723712913274,-0.0006957890826141046,63.12247430471659,0.33686513989840705,0.0606494403613201,1.1557143075125562,73.48642557359815,593883500.0,Bear / Normal,0.012242055949693409,1
2020-08-28,57.33000183105469,58.15999984741211,57.209999084472656,57.880001068115234,8613800,0.012242055949693409,0.012167727985970583,2020,8,3,4,55.50299987792969,55.6247998046875,54.30659996032715,53.479400062561034,0.011854255511775418,0.013755796460869343,0.01132616431902474,0.015893867159588543,0.04874075934664801,0.04382326910263812,0.8645147304124756,0.01641328171057666,0.002623321529876391,68.75000608210357,0.46952719994073533,0.14242499227720315,1.1728572845458989,88.10021741381095,602497300.0,Bear / Normal,-0.011402899710305725,0
2020-08-31,57.130001068115234,57.7599983215332,57.040000915527344,57.220001220703125,18683500,-0.011402899710305725,-0.01146841126177497,2020,8,3,0,55.564999961853026,55.68119979858398,54.35749996185303,53.484450073242186,0.014479755259354242,0.014578731626128171,0.011577190797042721,0.01576677841379836,0.021603337536697076,0.022150798295938356,1.7896638495278108,0.01258296733040531,-0.012957843575665685,68.83779460963687,0.5154644135713298,0.21703287653602849,1.1385716029575899,74.32151759618371,583813800.0,Bear / Normal,0.00768959485009213,1
2020-09-01,57.369998931884766,58.0099983215332,57.08000183105469,57.65999984741211,10169500,0.00768959485009213,0.0076601806084489665,2020,9,3,1,55.647999954223636,55.73199981689453,54.40229995727539,53.49230007171631,0.01443274224902196,0.01348074873507288,0.01166620989066508,0.015579912272975704,0.02799072366826838,0.02964285441807335,0.9566855096882105,0.016128971434956667,0.002621420971367771,71.35863421731253,0.5806804752293928,0.28976239627470135,1.152857099260603,83.50729092834901,593983300.0,Bear / Normal,0.02375995378963336,1
2020-09-02,57.720001220703125,59.31999969482422,57.720001220703125,59.02999877929688,14342800,0.02375995378963336,0.023482079009312058,2020,9,3,2,55.824499893188474,55.80879981994629,54.462899932861326,53.50535007476807,0.014035242903373555,0.014174670027638798,0.012391712473836398,0.015681543492559166,0.026787216139652736,0.06360358160895285,1.3020420094375078,0.027104836645909746,0.001040606546129025,76.67729825275548,0.7344459030009745,0.378699097619956,1.2342856270926343,94.87630877481503,608326100.0,Bull / Normal,-0.03269524555458214,0
2020-09-03,58.720001220703125,58.9900016784668,56.650001525878906,57.09999847412109,15387400,-0.03269524555458214,-0.033241678634188365,2020,9,3,3,55.91549987792969,55.86199981689453,54.49389991760254,53.509900074005124,0.022206448137495227,0.01742341804680928,0.014709700400402662,0.016290314636796952,-0.0013991226062909368,0.03292329477231859,1.3525589130585742,0.0409807393190812,-0.0052515257496918676,63.01614397224921,0.692587499810827,0.44147677805813024,1.3478567940848225,60.77736253441472,592938700.0,Bull / Normal,-0.023992976681175726,0
2020-09-04,56.880001068115234,57.27000045776367,55.15999984741211,55.72999954223633,14697200,-0.023992976681175726,-0.02428549657155029,2020,9,3,4,55.94049987792969,55.88599983215332,54.51959991455078,53.50720006942749,0.02307494543803133,0.019464921027396324,0.01579293878388945,0.015118248333099387,-0.03714584461304182,0.009053050953180541,1.2591029281433561,0.03786112735838886,-0.003852844341240389,57.073160292919034,0.542612055453823,0.4617038335372688,1.4464282989501964,21.78649165046736,578241500.0,Bull / High Vol,-0.007356896658529122,0
2020-09-08,55.34999847412109,55.790000915527344,54.869998931884766,55.31999969482422,16472800,-0.007356896658529122,-0.007384092087487458,2020,9,3,1,55.95949993133545,55.90879981994629,54.53579990386963,53.50260005950928,0.022967025130293958,0.018987892578073436,0.015840738827785087,0.015111344592780459,-0.03320519897492513,0.006916655944918526,1.3734143179326417,0.01663054932606325,-0.006818608850467484,50.60763601443756,0.38621977298222987,0.4466070214262611,1.302142824445453,12.854033398130548,561768700.0,Bull / High Vol,0.029464950779233945,1
2020-09-09,56.15999984741211,57.400001525878906,55.86000061035156,56.95000076293945,13993200,0.029464950779233945,0.029039202009841968,2020,9,3,2,56.093499946594235,55.95259986877441,54.559099922180174,53.506200065612795,0.027875030319448713,0.021324830936135863,0.016798605510511395,0.015191514725646076,-0.012313546416086618,0.04938272125612975,1.138588383765441,0.02704127998062308,0.015184384620784473,53.09150741176826,0.38931741724321967,0.43514910058965284,1.3350001743861617,48.366038058875986,575761900.0,Bull / High Vol,0.006672538420096519,1
2020-09-10,57.43999862670898,58.18000030517578,56.75,57.33000183105469,20500900,0.006672538420096519,0.0066503755693030206,2020,9,3,3,56.25150012969971,55.99379989624023,54.5932999420166,53.51090007781983,0.02477753455599614,0.019843850552900152,0.016789398059050033,0.014882234375489268,-0.0287988647026437,0.058334941276053875,1.5939631103152876,0.024943315184078267,0.008604001004480989,58.94556128620868,0.41762115630312735,0.4316435117323478,1.3578572954450345,56.64492815653722,596262800.0,Bull / High Vol,-0.005756180368302943,0
2020-09-11,60.709999084472656,61.86000061035156,56.869998931884766,57.0,40220600,-0.005756180368302943,-0.005772811024597996,2020,9,3,4,56.40050010681152,56.0239998626709,54.65019992828369,53.51310007095337,0.019845899707804975,0.019854962669488368,0.016856319337208332,0.012889287973578599,-0.0017512868089901712,0.05516474485346001,2.781583590976379,0.08754388909590871,0.0589568663084724,57.65004441879102,0.4087123025901107,0.42705726990390036,1.6628573281424397,30.472110967825028,556042200.0,Bull / High Vol,0.043157878674958905,1
2020-09-14,60.86000061035156,61.5,59.34999847412109,59.459999084472656,50107400,0.043157878674958905,0.042252534338036024,2020,9,3,0,56.663500022888186,56.09439987182617,54.72209991455078,53.52785007476807,0.02228534833487045,0.02397599293147295,0.019119947129429198,0.012944961912362496,0.06692983263725782,0.09704793814559975,3.0018352822910983,0.03615878841209675,0.06771930895353619,62.806234124903945,0.5933139845952198,0.4603086128421643,1.9185714721679692,65.66522246665143,606149600.0,Bull / High Vol,0.024890675496542558,1
2020-09-15,60.0099983215332,61.68000030517578,59.38999938964844,60.93999862670898,30385600,0.024890675496542558,0.024585948849843376,2020,9,3,1,57.010999870300296,56.18119987487793,54.81179988861084,53.54950006484985,0.019302204136316413,0.024305929151919498,0.019509838010023855,0.013204716030604023,0.10159072601026375,0.12872748161099046,1.713278847048409,0.03757796139043027,0.009249903221141713,66.30799454706184,0.8492461606511839,0.5380961224039682,2.02928570338658,86.83831526855398,636535200.0,Bull / High Vol,-0.008368860075911977,0
2020-09-16,61.119998931884766,61.38999938964844,59.650001525878906,60.43000030517578,21223300,-0.008368860075911977,-0.008404075598891444,2020,9,3,2,57.27349987030029,56.26359985351562,54.88599990844727,53.57095006942749,0.02176847555294862,0.024751124967765426,0.01939932176206157,0.013187121673448099,0.06110622468157989,0.09514316728823147,1.1962594803055118,0.02879361004438886,0.0029537300497558144,60.51501689190572,0.999401177089517,0.630357133341078,2.051428386143276,79.54220369387035,615311900.0,Bull / High Vol,-0.004137018016506455,0
2020-09-17,59.41999816894531,60.61000061035156,59.0,60.18000030517578,22831200,-0.004137018016506455,-0.004145599150589012,2020,9,3,3,57.47249984741211,56.3339998626709,54.95409992218018,53.59470006942749,0.02294937655382108,0.023958385504376494,0.019213881458324967,0.013208006207238812,0.049712164365871336,0.07081849623142533,1.2652109654720296,0.02675308411743385,-0.01671358813718164,60.77586348643644,1.0857117890900412,0.7214280644908707,2.032857077462333,75.96566664138089,592480700.0,Bull / High Vol,-0.007145236008561429,0
2020-09-18,59.97999954223633,60.290000915527344,59.43000030517578,59.75,49311700,-0.007145236008561429,-0.007170885461328949,2020,9,3,4,57.69699993133545,56.37839988708496,55.01959991455078,53.62050006866455,0.023194249890748007,0.021005375221167202,0.018795278745796406,0.01310881325033776,0.04824561403508776,0.08125229487596952,2.470251923446371,0.014393315654419456,-0.0033233759043741987,56.84981408587682,1.1066592608816705,0.7984743037690307,2.02428572518485,69.81401854520907,543169000.0,Bull / High Vol,0.01790794468325063,1
2020-09-21,62.459999084472656,62.59999847412109,60.02999877929688,60.81999969482422,32560400,0.01790794468325063,0.01774948641991068,2020,9,3,0,57.97849998474121,56.446999893188476,55.08899990081787,53.652550067901615,0.01558273031737341,0.01868758413793133,0.018996136308939607,0.013276063439296238,0.022872529957820298,0.10201125581095094,1.542223412662607,0.04225583209009637,0.045355633212931484,62.8022727568708,1.1958156972185634,0.8779425824589373,2.1678570338657925,76.9728475458369,575729400.0,Bull / High Vol,-0.003288404537043599,0
2020-09-22,60.380001068115234,60.75,59.459999084472656,60.619998931884766,13306000,-0.003288404537043599,-0.0032938232217224394,2020,9,3,1,58.20900001525879,56.51919990539551,55.16549987792969,53.682250061035155,0.01077789258786578,0.01833448210446156,0.018935752173682575,0.013248915264592338,-0.005251061733433704,0.08230674430460105,0.6222604243586008,0.021280121053397646,-0.007234439804616248,60.709114145571284,1.2360855999008038,0.9495711859473106,2.1985716138567244,74.38551540116264,562423400.0,Bull / High Vol,-0.027383699713973253,0
2020-09-23,60.11000061035156,60.4900016784668,58.900001525878906,58.959999084472656,15513500,-0.027383699713973253,-0.027765621656667155,2020,9,3,2,58.35249996185303,56.55439987182617,55.23719985961914,53.70290004730224,0.016077145358816783,0.020126817996035298,0.020205663948694528,0.013726659209646946,-0.024325686137340985,0.05116774690813308,0.7120316527868649,0.026967438556263875,-0.008413037454953755,49.751950064506474,1.12112800762295,0.9838825502824385,2.2028571537562778,52.91074249410158,546909900.0,Bull / High Vol,0.005766624115796981,1
2020-09-24,58.7400016784668,59.900001525878906,58.290000915527344,59.29999923706055,9560500,0.005766624115796981,0.005750060784780557,2020,9,3,3,58.442999839782715,56.607999877929686,55.31269985198975,53.7228500366211,0.016775576380535003,0.020113761205644023,0.01953708388901284,0.01369928273015741,-0.014622815946372603,0.031483692916149275,0.4408645288622048,0.027150094958945045,-0.0037312993456914173,58.785945217658686,1.0454076496900697,0.9961875701639649,2.1478573935372482,57.309192335271,556470400.0,Bull / High Vol,0.008431703312527405,1
2020-09-25,59.27000045776367,59.9900016784668,58.959999084472656,59.79999923706055,9371900,0.008431703312527405,0.008396355060479447,2020,9,3,4,58.57399978637695,56.68759986877441,55.39019985198975,53.742750034332275,0.017214175148374138,0.01988231796736929,0.019516310812220022,0.013726260388822516,0.000836807314820831,0.045820197934619555,0.43870473059066617,0.017224123865135523,-0.000505881613538483,67.46780756115469,1.0140551453302393,0.9997610851972198,2.0707146780831467,63.77749802232862,565842300.0,Bull / High Vol,-0.003678886434993811,0
2020-09-28,60.02999877929688,60.540000915527344,59.470001220703125,59.58000183105469,9356300,-0.003678886434993811,-0.0036856701805583576,2020,9,3,0,58.658999824523924,56.78119987487793,55.46739986419678,53.75910003662109,0.014118573113046302,0.014742654781380489,0.01941917275151357,0.013712077850199107,-0.020387995231691103,0.029371125286242306,0.43721467295115346,0.017959040985905214,0.003846146240312909,68.58639823978007,0.9603853827990747,0.991885944717591,2.0814288003104067,55.19291394289278,556486000.0,Bull / High Vol,-0.001846267320761097,0
2020-09-29,59.58000183105469,60.15999984741211,59.400001525878906,59.470001220703125,6340600,-0.001846267320761097,-0.0018479737729723937,2020,9,3,1,58.77149982452393,56.86259986877442,55.536099891662595,53.77410003662109,0.014152214808471918,0.011946659149465898,0.01919800458079105,0.013645354898217417,-0.01897059933098688,0.03932191457531653,0.3050911722476067,0.012779524229581268,0.0,62.67606039196214,0.8986168833201305,0.9732321324380988,1.9871428353445866,46.49575949012162,550145400.0,Bull / High Vol,0.0038674884398062215,1
2020-09-30,59.52000045776367,60.38999938964844,59.369998931884766,59.70000076293945,11001500,0.0038674884398062215,0.0038600289332412665,2020,9,3,2,58.87349987030029,56.93839988708496,55.59739990234375,53.800050048828126,0.005118454562984764,0.011890958894486624,0.0191584658692131,0.013627263652482633,0.012550910616646815,0.03537982866676859,0.5283025935160178,0.01708543458506733,0.0008407472008448653,62.10418607623398,0.8583296533845868,0.9502516366273964,1.9578571319580074,49.38921565690363,561146900.0,Bull / High Vol,-0.00033501603866126217,0
2020-10-01,60.16999816894531,60.27000045776367,59.45000076293945,59.68000030517578,7357700,-0.00033501603866126217,-0.00033507216907108407,2020,10,4,3,58.905999946594235,57.01179992675781,55.65889991760254,53.82850004196167,0.004868624831383949,0.011845556619460977,0.01845713324586412,0.013611536898651255,0.006408112529582288,0.011011376237854087,0.35935069061100655,0.013739941196902168,0.00787265326632331,64.13502907701991,0.8153885717230764,0.9232790236465325,1.659999847412109,32.25058415350851,553789200.0,Bull / High Vol,-0.01424260170533842,0
2020-10-02,58.709999084472656,59.52000045776367,58.5099983215332,58.83000183105469,7329800,-0.01424260170533842,-0.014345001008170502,2020,10,4,4,58.992500114440915,57.07319999694824,55.72449993133545,53.858450050354,0.006748100309143972,0.012466308750957996,0.017111615577873013,0.013617204488080032,-0.016220692615071308,0.030297782892545477,0.36517345838914256,0.017168147285307703,-0.016253371577462962,45.99747367033238,0.7046469505857473,0.8795526090343755,1.4221428462437216,12.529030659208404,546459400.0,Bull / High Vol,0.01240862688280564,1
2020-10-05,59.43999862670898,59.66999816894531,59.09000015258789,59.560001373291016,6899200,0.01240862688280564,0.012332270872208138,2020,10,4,0,59.184000205993655,57.15139999389648,55.80359992980957,53.88930006027222,0.00968632751449397,0.011607735765058247,0.016151629118118054,0.013698259883306948,-0.0003356907879994431,0.06872423941349637,0.3505298313883023,0.00973804571833867,0.01036880463485367,40.30900140586696,0.6680869892396117,0.8372594850754228,1.3185710906982417,29.466384620831317,553358600.0,Bull / High Vol,-0.0008395408093498924,0
2020-10-06,59.5099983215332,60.52999877929688,59.40999984741211,59.5099983215332,9743600,-0.0008395408093498924,-0.0008398934211036259,2020,10,4,1,59.3935001373291,57.23479995727539,55.86959991455078,53.92065004348755,0.009649516755465944,0.011604069669944341,0.015986993975866556,0.013666106106572096,0.0006725592737359953,0.07574111803729822,0.5036559718945949,0.018820348907311435,-0.0008395408093498766,43.0930780426364,0.6278407705035391,0.7953757421610461,1.2742854527064733,28.306220349784088,543615000.0,Bull / High Vol,0.018148241665533638,1
2020-10-07,59.77000045776367,60.900001525878906,59.63999938964844,60.59000015258789,8690900,0.018148241665533638,0.017985528023290613,2020,10,4,2,59.575500106811525,57.339599990844725,55.946299934387206,53.955600051879884,0.012660561804028114,0.009108171631485883,0.015211424952097667,0.013845189258704371,0.01490786228265728,0.06391570396636737,0.4554828640354118,0.020795546015139797,0.004369049631385877,52.73698101157193,0.6753079443926993,0.7713621826073769,1.2585713522774833,53.364281668200896,552305900.0,Bull / High Vol,0.004951299493398897,1
2020-10-08,60.790000915527344,61.29999923706055,60.630001068115234,60.88999938964844,7202800,0.004951299493398897,0.004939082121378331,2020,10,4,3,59.75349998474121,57.44339996337891,56.0236999130249,53.99150005340576,0.012529565950999402,0.00908195860888281,0.015195673754806124,0.013775291059354225,0.02027478348333256,0.06209658895676773,0.39112226100248565,0.011003418880953629,0.0033008873153288943,57.744560428738765,0.7287330716851343,0.7628363604229284,1.247856957571847,60.32482475394756,559508700.0,Bull / High Vol,0.004270030199321484,1
2020-10-09,61.150001525878906,61.380001068115234,60.86000061035156,61.150001525878906,7355700,0.004270030199321484,0.004260939489585778,2020,10,4,4,59.96100006103516,57.56139999389649,56.11179992675781,54.03005006790161,0.0074756645439972794,0.008882604995559809,0.01505194900156201,0.013629900695982057,0.03943565566233853,0.07280704431366503,0.4385576849696646,0.008503686750418245,0.004270030199321536,52.51909677329178,0.7830266259105869,0.7668744135204602,1.0814285278320317,92.55664948612697,566864400.0,Bull / High Vol,0.005069461175116308,1
2020-10-12,61.2400016784668,61.83000183105469,61.06999969482422,61.459999084472656,8275000,0.005069461175116308,0.005056654719796893,2020,10,4,0,60.06100006103516,57.68159996032715,56.19739990234375,54.069500064849855,0.007049927128353154,0.008659577318352131,0.011857702454739797,0.013427465273858592,0.03190056526818141,0.03363605837192618,0.5636590771930254,0.012365801294365408,0.0014717931372381443,56.306307596345455,0.8413700804660849,0.7817735469095852,1.0385714939662394,89.54794771495382,575139400.0,Bull / Normal,-0.007972630508764955,0
2020-10-13,61.56999969482422,61.77999877929688,60.880001068115234,60.970001220703125,8896300,-0.007972630508764955,-0.00800458186492863,2020,10,4,1,60.062500190734866,57.781399993896486,56.28489990234375,54.107050075531006,0.009241868160123921,0.009248617614186267,0.010698541733064034,0.013454635337753939,0.02453374122582752,0.0004923300733550295,0.6538322604922171,0.014761320209323569,0.0017897919295503735,68.30603750773015,0.8384043525326135,0.7930997080341909,0.9800000871930814,75.70620373064365,566243100.0,Bull / Normal,-0.00016405012350684256,0
2020-10-14,61.34999847412109,61.52999877929688,60.84999847412109,60.959999084472656,6651100,-0.00016405012350684256,-0.00016406358120019815,2020,10,4,2,60.089000129699706,57.88059997558594,56.36829990386963,54.14835006713867,0.005578151492575438,0.009271800121123618,0.010513252847988843,0.01342021575544766,0.006106600609885771,0.008770457994710323,0.5164785714313448,0.011154860816738443,0.006232528223878874,66.08527031492693,0.8257284197511652,0.7996254503775859,0.9135714939662408,73.79512569529103,559592000.0,Bull / Normal,-0.007217825349689955,0
2020-10-15,60.27000045776367,60.7400016784668,60.08000183105469,60.52000045776367,6251600,-0.007217825349689955,-0.007243999875901149,2020,10,4,3,60.106000137329104,57.98099998474121,56.4456999206543,54.18605007171631,0.006172180870938823,0.009719717753309084,0.010606761137882966,0.013467564574707972,-0.006076513969347608,0.005649720020999283,0.5188564343102905,0.01090548318605379,-0.011318875280047968,57.05883760903679,0.7712875173530094,0.7939578637726706,0.9028568267822286,60.542169020784335,553340400.0,Bull / Normal,-0.0038003889705328087,0
2020-10-16,60.709999084472656,61.11000061035156,60.2599983215332,60.290000915527344,6070800,-0.0038003889705328087,-0.0038076287972892606,2020,10,4,4,60.133000183105466,58.08120002746582,56.51659992218018,54.21775007247925,0.005388628221656372,0.00830560000372849,0.010508517690955909,0.013462959082575499,-0.014063787226360147,0.009037672226398952,0.6140333132391198,0.01409856155101577,0.0031394353151332605,56.947152638635494,0.7014972455253101,0.7754657401231986,0.8871427263532387,53.61447928862865,547269600.0,Bull / Normal,-0.011112986788328616,0
2020-10-19,60.38999938964844,60.75,59.38999938964844,59.619998931884766,8311000,-0.011112986788328616,-0.011175197352166487,2020,10,4,0,60.0730001449585,58.16900001525879,56.57659992218018,54.24705007553101,0.00419521307923003,0.008511184348483134,0.00996841158657635,0.0135530810048931,-0.029938174096926562,-0.019730364501162168,0.9581187624577919,0.022811147848314273,0.0016586245248395694,51.32273067641219,0.5853765353352429,0.7374478991656075,0.9300000326974072,33.433717981567675,538958600.0,Bull / Normal,0.0021804943046670466,1
2020-10-20,59.91999816894531,60.33000183105469,59.630001068115234,59.75,9241200,0.0021804943046670466,0.002178120477079428,2020,10,4,1,60.02950019836426,58.26520004272461,56.63639991760254,54.27560007095337,0.005336178713968728,0.00852640144737655,0.009975851704404747,0.01352398308260723,-0.020009860526111645,-0.01435168174223056,1.090915529952013,0.011715493940409258,0.005031855793947479,50.448825902668446,0.4980982688498301,0.6895779731024521,0.9078573499407108,37.34940866509866,548199800.0,Bull / Normal,-0.0013389427791579145,0
2020-10-21,59.34000015258789,60.119998931884766,59.220001220703125,59.66999816894531,10114900,-0.0013389427791579145,-0.001339839963983028,2020,10,4,2,60.06500015258789,58.373199996948244,56.702499885559085,54.30315006256104,0.005146258878261673,0.005828235995402796,0.007759558591846876,0.01352766714062491,-0.02116143265914061,0.012042047074244833,1.2333559318727199,0.015082918364325272,-0.006861922132420241,49.911171158474446,0.417659614637806,0.6351943014095228,0.9135714939662408,34.939717505880026,538084900.0,Bull / Normal,0.00033518448763869557,1
2020-10-22,59.43999862670898,59.869998931884766,58.68999862670898,59.68999862670898,11900600,0.00033518448763869557,0.00033512832586767125,2020,10,4,3,60.08450012207031,58.483600006103515,56.766599884033205,54.330950050354005,0.005168705089370007,0.005428399247326021,0.0076646875157576145,0.013512380236279153,-0.013714504705497288,0.006576718291164685,1.430682996468555,0.01976881106255854,-0.0038545257129911615,58.958287139799644,0.3514737013914413,0.5784501814059065,0.9142856597900416,31.847101258241306,549985500.0,Bull / Normal,0.003518225900510652,1
2020-10-23,59.900001525878906,60.15999984741211,59.709999084472656,59.900001525878906,9739300,0.003518225900510652,0.0035120514216700548,2020,10,4,4,60.08950023651123,58.60120002746582,56.830699882507325,54.35855005264282,0.005794347504368397,0.005336728340041147,0.007468437407693849,0.013459615814283074,-0.006468724228332112,0.0016722790985652658,1.1682727573158744,0.007512533413626659,0.0035182259005105887,53.97195491181208,0.31236561087418124,0.5252332672995614,0.8878574371337921,38.53508485263027,559724800.0,Bull / Normal,-0.040233719299170745,0
2020-10-26,58.09999847412109,58.47999954223633,56.52999877929688,57.4900016784668,18876900,-0.040233719299170745,-0.04106548176417121,2020,10,4,0,59.98500022888184,58.66700004577637,56.87709991455078,54.37375005722046,0.018609064314531878,0.012729521954785473,0.011711938391954014,0.014490259554676534,-0.035726220925489605,-0.035078887015047466,2.142053497720574,0.03391895470529843,-0.030050133654506754,34.78919798372782,0.08591494687621548,0.43736960321489227,1.048571995326453,18.11325181881771,540847900.0,Bull / Normal,-0.00713167221154698,0
2020-10-27,57.63999938964844,57.97999954223633,57.02000045776367,57.08000183105469,10806500,-0.00713167221154698,-0.007157224143624775,2020,10,4,1,59.86550025939941,58.72880004882813,56.90809993743896,54.38625005722046,0.017899545190474625,0.012722080022243256,0.011774454557938187,0.014477626359281806,-0.0446861618233525,-0.04018831916244203,1.1959622922988726,0.01681848377149777,0.002609109528654321,20.60305392776108,-0.12518929276618707,0.3248578240186764,1.017857415335521,10.377410095554392,530041400.0,Bull / Normal,-0.0261037426536338,0
2020-10-28,56.27000045776367,56.59999847412109,55.52999877929688,55.59000015258789,13910600,-0.0261037426536338,-0.02645049297712051,2020,10,4,2,59.660000228881835,58.73700004577637,56.912999954223636,54.38980005264282,0.018669753349036554,0.01387930364454003,0.012849011996423932,0.014877306172747311,-0.06837603723073049,-0.06884423044937327,1.5151054728237636,0.01924806065636236,-0.01419063327447775,12.988870792182865,-0.40801822646324126,0.1782826139222929,1.0778576987130317,0.9524022893015447,516130800.0,Bull / Normal,0.0077352096419407435,1
2020-10-29,55.20000076293945,56.7599983215332,55.13999938964844,56.02000045776367,13573700,0.0077352096419407435,0.007705446293137112,2020,10,4,3,59.47700023651123,58.73340003967285,56.93139995574951,54.39610006332398,0.02030437790474102,0.01487337297376213,0.01307767880599988,0.014863596250472684,-0.06148430647313041,-0.061327074877623566,1.4300034502466532,0.0289182241814897,-0.007015639298038063,15.006840949104273,-0.5906560478761023,0.024494881562613854,1.1564290182931098,13.15397230154458,529704500.0,Bull / Normal,0.0016065717931534884,1
2020-10-30,55.75,56.63999938964844,55.45000076293945,56.11000061035156,12602300,0.0016065717931534884,0.0016052826372531836,2020,10,4,4,59.341000175476076,58.75040008544922,56.95139995574951,54.39950006484985,0.019943478666116513,0.015122844637507583,0.012843584202711523,0.014854133910693701,-0.06327213387281683,-0.04623493347007368,1.2917883903769078,0.02120831605354581,-0.004819715379460573,12.376988227568148,-0.7198377356953927,-0.12437164188898744,1.1871430533272895,14.60845346183807,542306800.0,Bull / Normal,0.006059528584734464,1
2020-11-02,56.43999862670898,57.470001220703125,56.119998931884766,56.45000076293945,11413200,0.006059528584734464,0.006041243470336024,2020,11,4,0,59.185500144958496,58.77560012817383,57.002799949646,54.406100063323976,0.013854489324165315,0.015578910490146473,0.012536081322737808,0.014871308701177843,-0.01809011802337246,-0.052216261562179955,1.1434468110685876,0.02391500922183623,0.005881269163567509,17.528781463668622,-0.7857226614363171,-0.2566418457984534,1.2200004032679976,20.500805922034484,553720000.0,Bull / Normal,0.006200150033494278,1
2020-11-03,57.0,57.5,56.56999969482422,56.79999923706055,8911200,0.006200150033494278,0.0061810081840883635,2020,11,4,1,59.05000019073486,58.79140014648438,57.05219993591309,54.414000053405765,0.01427345052048488,0.01584403749270904,0.01268610505045944,0.014870086172148996,-0.004905441223055473,-0.04553855084704428,0.8965188364329996,0.01637324502935873,0.009743121871162707,21.506877161115412,-0.8004676946489084,-0.36540701556854444,1.2464288984026228,27.805686900958467,562631200.0,Bull / Normal,-0.005457703569676897,0
2020-11-04,58.0,58.09000015258789,56.34999847412109,56.4900016784668,12054900,-0.005457703569676897,-0.005472651245266854,2020,11,4,2,58.84500026702881,58.79940017700196,57.08459995269775,54.42285005569458,0.005367416552965759,0.015793614207828797,0.011752140558557835,0.014796594809928522,0.01618998962778395,-0.06766790664789224,1.1926121737478705,0.030801940640233127,0.021126774279188427,21.896823429138735,-0.8276270821004488,-0.45785102887492535,1.307857785906111,22.613099041533545,550576300.0,Bull / Normal,0.0030093496883381032,1
2020-11-05,57.459999084472656,57.650001525878906,56.41999816894531,56.65999984741211,9017100,0.0030093496883381032,0.003004830659520085,2020,11,4,3,58.633500289916995,58.78280014038086,57.105299949645996,54.43125005722046,0.004756833547661412,0.015922630797058097,0.01168708773201494,0.014795298845359727,0.011424480264525583,-0.06946952840593146,0.8841425300001617,0.021708495592058723,0.017171134310226245,24.47258221579584,-0.8259130493092925,-0.5314634329617989,1.3350007193429134,27.094479365277962,559593400.0,Bear / Normal,0.002470868161409401,1
2020-11-06,56.77000045776367,56.97999954223633,56.150001525878906,56.79999923706055,7510400,0.002470868161409401,0.0024678205857466755,2020,11,4,4,58.41600017547607,58.77520011901856,57.15809993743896,54.444900054931644,0.004741761220819937,0.015863124357471448,0.011630697959423338,0.01478899663070959,0.012297248604586253,-0.0711365851230179,0.7358498515151723,0.014612641329330676,0.0019414156485668729,28.571436853443785,-0.8039899891242115,-0.5859687441942815,1.2971433912004748,31.984567756047653,567103800.0,Bear / Normal,0.0007042414800111363,1
2020-11-09,58.18999862670898,59.08000183105469,56.77000045776367,56.84000015258789,11486600,0.0007042414800111363,0.0007039936183428707,2020,11,4,0,58.18500022888183,58.75440010070801,57.189599952697755,54.46565006256103,0.004309562477724184,0.010018802198962328,0.011499317065119022,0.014785696017754042,0.006908757916341379,-0.07517082656533869,1.1079954586713046,0.04064041814021428,0.02447182056899556,27.58090065625707,-0.7744605670667752,-0.6236671087687803,1.4114289964948388,33.864553942626046,578590400.0,Bear / Normal,-0.0029908864036981564,0
2020-11-10,56.90999984741211,57.2400016784668,56.20000076293945,56.66999816894531,9015900,-0.0029908864036981564,-0.0029953680427176614,2020,11,4,1,57.97000007629394,58.74340003967285,57.21229991912842,54.481700057983396,0.0036525334803380995,0.00982508408084471,0.011458874090380822,0.014781298706894517,-0.002288751229954422,-0.07052653707833112,0.8691707983908208,0.01835187840357573,0.0012315217212579776,27.203653760084592,-0.756060630337231,-0.6501458130824704,1.4214292253766747,30.47806055337422,569574500.0,Bear / Normal,0.0093524371116811,1
2020-11-11,57.060001373291016,57.630001068115234,56.79999923706055,57.20000076293945,7724400,0.0093524371116811,0.009308973853156304,2020,11,4,2,57.78200016021729,58.7342000579834,57.233099937438965,54.5017000579834,0.004488606100848546,0.004679997135272261,0.0118009519235678,0.014563083594621768,0.012568579631381027,-0.061679763418679645,0.7408320309821319,0.014510521328392277,0.006882004887013066,32.440081308424354,-0.6907492407252391,-0.6582664986110242,1.4057151249476842,41.03588018812079,577298900.0,Bear / Normal,-0.013111887937000355,0
2020-11-12,57.2599983215332,57.4900016784668,56.09999847412109,56.45000076293945,7324000,-0.013111887937000355,-0.013198607612869858,2020,11,4,3,57.57850017547607,58.68260009765625,57.24569995880127,54.51740005493164,0.008251966155905717,0.006543606043172418,0.011981134722397414,0.014480249302721883,-0.0037063022421142122,-0.06725049015266671,0.6988366240389684,0.02462361710468346,0.0010489083530331544,27.39187234614849,-0.6915366221890622,-0.6649205233266318,1.4714295523507255,33.24874521710842,569974900.0,Bear / Normal,0.00814878792304019,1
2020-11-13,56.880001068115234,57.09000015258789,56.54999923706055,56.90999984741211,5870300,0.00814878792304019,0.008115765822833852,2020,11,4,4,57.40950012207031,58.67880012512207,57.2703999710083,54.53970005035401,0.009142613473199918,0.0069494120125532174,0.012255203601921739,0.014343544649935109,0.001936630489948854,-0.05606238209966152,0.5606647405744849,0.009488682427959968,0.007617365799188527,44.89435035306096,-0.6475776736094687,-0.6614519533831993,1.276429312569755,44.92384164949731,575845200.0,Bear / Normal,0.004217214533654756,1
2020-11-16,57.02000045776367,57.61000061035156,56.880001068115234,57.150001525878906,6309200,0.004217214533654756,0.00420834700654422,2020,11,4,0,57.28600025177002,58.70720016479492,57.29659999847412,54.560000057220456,0.009303434722293787,0.006836802702268641,0.012187657963971367,0.014348973065708745,0.005453929846214178,-0.0414290078875682,0.6083994846752605,0.012773394973677589,0.0019328872016604757,50.63520569587389,-0.5866116663419518,-0.6464838959749498,1.2600007738385888,51.01525103403405,582154400.0,Bear / Normal,-0.0005249797584091498,0
2020-11-17,57.0,57.38999938964844,56.810001373291016,57.119998931884766,5569700,-0.0005249797584091498,-0.0005251176085303129,2020,11,4,1,57.15450019836426,58.743200149536136,57.32599998474121,54.575400047302246,0.009093824431958263,0.006623677482698422,0.0121532964246906,0.01422833338921669,0.007940723089453927,-0.04401675427807927,0.5467681269041588,0.010154027086888881,-0.0026246985454756624,68.88885958533801,-0.5345546121194431,-0.6240980392038485,1.1907146998814184,50.253764348674736,576584700.0,Bear / Normal,-0.015231074022291846,0
2020-11-18,57.119998931884766,57.290000915527344,56.2400016784668,56.25,8998800,-0.015231074022291846,-0.015348258247302902,2020,11,4,2,56.98350028991699,58.72920013427734,57.34090000152588,54.582950038909914,0.010415225250258672,0.00815731670761539,0.01249507796111092,0.014370296502210056,-0.016608404724969383,-0.05731520485826358,0.8882632926586107,0.01866665310329861,0.0,52.56124116099291,-0.5570790045214551,-0.6106942322673699,1.1500004359654028,22.038539990731234,567585900.0,Bear / Normal,0.0035555691189235183,1
2020-11-19,56.09000015258789,56.47999954223633,55.560001373291016,56.45000076293945,9643100,0.0035555691189235183,0.003549263026454934,2020,11,4,3,56.82150039672852,58.711600112915036,57.352700004577635,54.591650047302245,0.009070356321393783,0.00818443342600744,0.012559160344514386,0.014004968478153301,0.0,-0.05428041444651244,0.9625864888916396,0.016297575846080582,-0.0028444417317708332,53.69565199363443,-0.5524233650062556,-0.599040058815147,1.1307146889822834,25.284070281453097,577229000.0,Bear / Normal,-0.013286093708831048,0
2020-11-20,56.36000061035156,56.43999862670898,55.68000030517578,55.70000076293945,8395800,-0.013286093708831048,-0.013375143480449072,2020,11,4,4,56.611500358581544,58.68560012817383,57.35479999542236,54.59655004501343,0.0093371744686989,0.009053582059268131,0.012682040226465118,0.014091309744378087,-0.021261625157563246,-0.07011687238647069,0.8437370926555137,0.013644493916037222,-0.0015943339481224155,42.514973251445554,-0.6023094210555229,-0.5996939312632222,1.0885718209402913,3.9772548705116355,568833200.0,Bear / Normal,0.006822281201261271,1
2020-11-23,55.84999847412109,56.56999969482422,55.77000045776367,56.08000183105469,8235900,0.006822281201261271,0.006799114746559985,2020,11,4,0,56.54100036621094,58.618000183105465,57.35620002746582,54.602000045776364,0.009978676019925024,0.00944847517604197,0.009478729685678089,0.01402651498664614,-0.018722653827746516,-0.0245260011523053,0.8744218935137408,0.014265321165120607,0.002692957075889952,42.85717529501433,-0.6042165373578143,-0.6005984524821407,1.0757146562848783,14.772738356234157,577069100.0,Bear / Normal,0.02656914791583387,1
2020-11-24,56.59999847412109,57.900001525878906,56.36000061035156,57.56999969482422,10427200,0.02656914791583387,0.026222318009671265,2020,11,4,1,56.565500259399414,58.55060020446777,57.36590003967285,54.614100036621096,0.017024972150976588,0.012867708967155445,0.011206400277326849,0.014375314893321592,0.007878164764605122,0.008584405186597976,1.109310229086733,0.026750059470050616,0.009272407740515576,58.68164905181545,-0.4799648298026895,-0.5764717279462506,1.0814288003104078,57.1022176176135,587496300.0,Bear / Normal,-0.0027792226552069144,0
2020-11-25,57.720001220703125,57.7599983215332,57.2599983215332,57.40999984741211,6848900,-0.0027792226552069144,-0.0027830918650838237,2020,11,4,2,56.656500244140624,58.4902001953125,57.37690002441406,54.622500038146974,0.014681115851396722,0.012630658606583288,0.009354064844890996,0.01434641327008812,0.020622219509548678,0.03273969580551417,0.7570664435264844,0.008709284119995319,0.002605550228835454,56.03864081439092,-0.3899104617988911,-0.5391594747167787,1.0292857033865797,52.55676799816201,580647400.0,Bear / Normal,0.006096472305370915,1
2020-11-27,57.400001525878906,57.869998931884766,57.150001525878906,57.7599983215332,5627000,0.006096472305370915,0.006077964003559353,2020,11,4,4,56.7435001373291,58.44180015563965,57.387900009155274,54.634750022888184,0.014698222535190285,0.011772498817791145,0.009305036866411537,0.014028907132678231,0.023206333762421982,0.03106029720726977,0.6505732548144098,0.012465329413582079,-0.00017415644591146646,57.476621631096535,-0.2869915150079265,-0.48872588277500834,1.0214285169328967,62.499905174441096,586274400.0,Bear / Normal,-0.000692470602360884,0
2020-11-30,57.61000061035156,58.20000076293945,57.20000076293945,57.720001220703125,26676900,-0.000692470602360884,-0.0006927104708694371,2020,11,4,0,56.82400016784668,58.40120018005371,57.38980003356934,54.64600002288818,0.011601726814569452,0.011620361652974257,0.009318772059157805,0.013367830070967217,0.03626571687782998,0.028693648063417454,2.852221607447858,0.01732501695861569,-0.002596913357695178,56.853588755559386,-0.20627710587884707,-0.4322361273957761,0.9278569902692527,81.81819495419472,559597500.0,Bear / Normal,0.01767152522855131,1
2020-12-01,58.20000076293945,59.27999877929688,58.0099983215332,58.7400016784668,11855300,0.01767152522855131,0.0175171992906122,2020,12,4,1,56.938500213623044,58.35960021972656,57.40330005645752,54.66245002746582,0.012492986749709228,0.012701747811903334,0.009960305376445978,0.013166860736754084,0.04743223538803654,0.04056688900934047,1.2645477982705307,0.021620708571229785,0.008316000209372154,64.2366119613577,-0.05932102681504858,-0.3576531072796306,0.9649996076311395,85.48393878021878,571452800.0,Bear / Normal,0.005788221703652674,1
2020-12-02,58.290000915527344,59.27000045776367,58.13999938964844,59.08000183105469,9330400,0.005788221703652674,0.005771534310994778,2020,12,4,2,57.052500343322755,58.32880027770996,57.424000091552735,54.680650043487546,0.007985555458860424,0.012673874783033676,0.0099516660756842,0.01313541619807311,0.026228975929041498,0.040140891278507285,0.9930087940834964,0.01912662547551349,-0.00766089121690333,63.27684742122621,0.08361404475836309,-0.2693996768720319,0.977142333984376,94.62373420155339,580783200.0,Bear / Normal,0.0032159549901895623,1
2020-12-03,59.220001220703125,59.97999954223633,59.060001373291016,59.27000045776367,9783900,0.0032159549901895623,0.0032107948671292958,2020,12,4,3,57.1915002822876,58.33500030517578,57.44470008850098,54.6994500541687,0.006854810246451734,0.010866022034800782,0.009796587193917268,0.012603806845488152,0.032398547557833,0.0492122268843298,1.05401107886419,0.015522155590346441,0.0023696578420694717,71.62577566526132,0.20980393094498595,-0.17355895530862836,0.9435705457414905,83.93666564250921,590567100.0,Bear / Normal,0.01164161669275976,1
2020-12-04,59.310001373291016,60.54999923706055,59.27000045776367,59.959999084472656,10872700,0.01164161669275976,0.011574374442319527,2020,12,4,4,57.356500244140626,58.34820030212402,57.47810009002686,54.72585004806518,0.0072285821232802505,0.011021852073295249,0.010010341300196412,0.012659626082192113,0.03808865697489616,0.0582421328264664,1.1597150817252104,0.02134754501069273,0.0006748931199325493,72.59259970917861,0.36132234839625,-0.06658269456765269,0.989284787859236,88.17634458580321,601439800.0,Bear / Normal,-0.002668443126336628,0
2020-12-07,59.959999084472656,60.20000076293945,59.630001068115234,59.79999923706055,14922900,-0.002668443126336628,-0.0026720097670273643,2020,12,4,0,57.506500244140625,58.34820030212402,57.51790008544922,54.7616000366211,0.007819975129581639,0.009327508883572989,0.010087116116450336,0.012638671580642009,0.03603600090727932,0.05281690211788903,1.5311906644250506,0.009531767593584956,0.0,69.86506712328688,0.4631522050286563,0.0393642853516091,0.9778562273297996,84.96993344535348,586516900.0,Bear / Normal,-0.012876261999790528,0
2020-12-08,58.9900016784668,59.709999084472656,58.220001220703125,59.02999877929688,15237800,-0.012876261999790528,-0.012959879625171781,2020,12,4,1,57.616000175476074,58.337200241088865,57.5592000579834,54.80195003509522,0.009315143688213099,0.011283285026503841,0.010663820953771018,0.011478568997354652,0.004936961057942835,0.03852918052128618,1.5339802013488693,0.025241367009685697,-0.013545109848291784,62.88800170915097,0.47623080598710743,0.12673758947870878,1.049284798758371,69.53905594229192,571279100.0,Bear / Normal,0.01185839026622082,1
2020-12-09,58.88999938964844,59.90999984741211,58.79999923706055,59.72999954223633,12204100,0.01185839026622082,0.011788630507103137,2020,12,4,2,57.76900024414063,58.34240020751953,57.60250003814697,54.840350036621096,0.010421736196893301,0.008892989030513472,0.010817834099795778,0.01111609403582093,0.011001992062227295,0.053996849694056825,1.2091749509433103,0.018583636679365082,-0.0023716651286387197,74.03316576401235,0.536890958129348,0.20876826320883662,1.0535706111363008,83.56713334933622,583483200.0,Bear / Normal,-0.004185501455147622,0
2020-12-10,59.5099983215332,59.810001373291016,59.040000915527344,59.47999954223633,14219900,-0.004185501455147622,-0.0041942851844722516,2020,12,4,3,57.883000183105466,58.33800018310547,57.63820003509522,54.88385004043579,0.01076735243904448,0.009017527811220599,0.010802439773309408,0.011077507003025597,0.0035430923376202905,0.03986011798751776,1.3649763047278236,0.012945535704264759,-0.003683261717548776,70.78190377116405,0.5583552829344853,0.27868566715396637,1.0428564889090406,78.02874888085218,569263300.0,Bear / Normal,0.01899800061889434,1
2020-12-11,60.93999862670898,61.0,59.41999816894531,60.61000061035156,16209900,0.01899800061889434,0.018819792137479658,2020,12,4,4,58.091000175476076,58.35660018920898,57.6842000579834,54.93960004806519,0.012915341517219946,0.010254818390036873,0.010822578515128831,0.011337842791509345,0.010840585987387685,0.07369353040192039,1.4923515361142554,0.026068335508065307,0.024546050701226285,82.00784525149423,0.6589515738088423,0.3547388484849416,1.1007137298583989,92.54303205002432,585473200.0,Bear / Normal,0.002474801347486233,1
2020-12-14,60.83000183105469,61.65999984741211,60.68999862670898,60.7599983215332,16193600,0.002474801347486233,0.002471744069696044,2020,12,4,0,58.28350009918213,58.395200119018554,57.7342000579834,54.98890003204346,0.012629803758363003,0.010111666043026137,0.010771778985416269,0.011300423599918548,0.01605349660067734,0.06765064987601055,1.4232190646106793,0.015964470827830254,0.003629784169075739,81.45162737540826,0.7422225413538541,0.4322355870587241,1.1135708945138119,83.01883668990753,601666800.0,Bear / Normal,0.018104053969806078,1
2020-12-15,61.09000015258789,62.18999862670898,60.900001525878906,61.86000061035156,15506700,0.018104053969806078,0.017942127020547278,2020,12,4,1,58.51900005340576,58.44120010375977,57.79630004882812,55.05395004272461,0.010080148879945825,0.010171726270292477,0.011267900524786448,0.01130561740232674,0.0479417565572986,0.08241467994256935,1.3099060020569309,0.02085349317979484,0.0054312350258531135,80.42555816361984,0.88675442168541,0.5231393539840613,1.0857137952532088,93.45241654398839,617173500.0,Bull / Normal,0.014872262526155922,1
2020-12-16,61.869998931884766,63.18999862670898,61.84999847412109,62.77999877929688,16119900,0.014872262526155922,0.014762754846083973,2020,12,4,2,58.80200004577637,58.50660011291504,57.87070003509521,55.11515003204346,0.010346760549991478,0.010622269162381535,0.0114647584735361,0.01144886419951133,0.05106310497966504,0.09908963503591162,1.3036152499669444,0.021344380035728607,0.00016162821588349647,84.37902198117274,1.0632763536936878,0.6311667539259866,1.1457138061523438,93.21191979784643,633293400.0,Bull / High Vol,0.013220800369438512,1
2020-12-17,62.9900016784668,64.05000305175781,62.72999954223633,63.61000061035156,15320500,0.013220800369438512,0.013134168316259607,2020,12,4,3,59.170000076293945,58.56700012207031,57.95330005645752,55.19320003509522,0.0066131613371021355,0.010785801569723497,0.010579792043769477,0.010953126604335348,0.06943512272865004,0.13084445529513888,1.2080869794237645,0.02075150914723736,0.003345060580650536,85.28350020914125,1.2556708755085921,0.7560675782425078,1.1885713849748885,93.57660884107308,648613900.0,Bull / Normal,0.02279510979923205,1
2020-12-18,63.47999954223633,65.33000183105469,63.43000030517578,65.05999755859375,33728700,0.02279510979923205,0.022539183233820512,2020,12,4,4,59.60049991607666,58.65040008544922,58.046900024414064,55.28165002822876,0.007549254583875797,0.011828829692544835,0.011182300265552593,0.011285721059258985,0.07342017659511746,0.1525242990130644,2.428989118458292,0.029203836415267984,-0.0020437205921686264,87.83504457298193,1.5077669568414862,0.9064074539623036,1.2528572082519531,96.31141881134715,682342600.0,Bull / Normal,-0.008914759044339138,0
2020-12-21,63.88999938964844,65.19000244140625,63.880001068115234,64.4800033569336,18210200,-0.008914759044339138,-0.008954733259750706,2020,12,4,0,60.039500045776364,58.71700012207031,58.1392000579834,55.37400005340576,0.012257243385456813,0.012609177699261951,0.010797270674989593,0.011330079578169469,0.0612245743608264,0.15763020599159483,1.2666537753658371,0.020316397411448802,-0.017983372469259615,80.9935607351086,1.641828258530083,1.0534916148758595,1.235000337873186,88.17805027122012,664132400.0,Bull / Normal,0.010390789920349253,1
2020-12-22,64.55999755859375,66.0,64.43000030517578,65.1500015258789,17136000,0.010390789920349253,0.010337176731868734,2020,12,4,1,60.49300003051758,58.790800170898436,58.23620006561279,55.45685005187988,0.011775294759371812,0.010347751453838015,0.010816678408516968,0.011370391644226614,0.0531846246858394,0.16173322750859187,1.1561485329712498,0.024098229594063523,0.0012406047998686153,81.64758520229857,1.781598895740082,1.199113071048704,1.2664288112095419,89.07456802714417,681268400.0,Bull / Normal,0.0023024024921829422,1
2020-12-23,65.26000213623047,66.19999694824219,65.1500015258789,65.30000305175781,13075200,0.0023024024921829422,0.002299756024941681,2020,12,4,2,60.879500198364255,58.87740020751953,58.32940010070801,55.55975006103515,0.011941850138118099,0.010591472057484046,0.009896262736591294,0.011361971869019723,0.04014024086429191,0.13427138089126234,0.8743599131337549,0.01607956161244033,0.0016884206872638063,81.57072195306286,1.8827686176044622,1.3358441803598557,1.2757143293108253,88.72187495817215,694343600.0,Bull / Normal,-0.005206798643112798,0
2020-12-24,65.05000305175781,65.58999633789062,64.77999877929688,64.95999908447266,3796500,-0.005206798643112798,-0.005220401257093806,2020,12,4,3,61.25700016021729,58.957400207519534,58.41900009155273,55.68555006027222,0.01272952011839997,0.010736732051730726,0.010028335388952701,0.011391951918049831,0.021223053940694347,0.13151017692261635,0.2564959204886293,0.012469174415172724,-0.0038284837414455566,77.17392205741623,1.9134537684828246,1.4513660979844496,1.2421428135463164,84.46117133258251,690547100.0,Bull / Normal,-0.0013854116249847337,0
2020-12-28,65.41000366210938,65.69000244140625,64.75,64.87000274658203,6463500,-0.0013854116249847337,-0.0013863721949624336,2020,12,4,0,61.61250038146973,59.0444002532959,58.512700119018554,55.77025007247925,0.007419385935095214,0.010540492965185074,0.010172653085356052,0.011395583066202598,-0.0029203015545858912,0.12309564805506912,0.4354510440113102,0.014490556522379341,0.006927410467656288,77.76564705961006,1.9085099051115435,1.5427948594098686,1.2685715811593188,83.3333970709993,684083600.0,Bull / Normal,-0.0063203891590859484,0
2020-12-29,65.25,65.2699966430664,64.22000122070312,64.45999908447266,7770200,-0.0063203891590859484,-0.006340447380489625,2020,12,4,1,61.949500274658206,59.12780021667481,58.60450012207031,55.87895006179809,0.006749766312993567,0.01128799141583469,0.01043812054534269,0.011255655528437764,-0.00031023994136913924,0.11677057729084073,0.5590918624726982,0.01628910079547624,0.005857826997517595,80.9578243081128,1.8501802624146464,1.6042719400108243,1.23071425301688,76.48650808174796,676313400.0,Bull / Normal,-0.0009307719430018402,0
2020-12-30,64.80000305175781,64.91000366210938,64.3499984741211,64.4000015258789,6192000,-0.0009307719430018402,-0.0009312053801817622,2020,12,4,2,62.23250026702881,59.223400268554684,58.696200141906736,55.966650066375735,0.003482313804073036,0.010601485278394286,0.010129019864718378,0.011169693563472007,-0.011511895355859392,0.09635682134287338,0.4548015274632696,0.008695732526702584,0.005274650513717701,78.72082258640438,1.7786095945174125,1.639139470912142,1.1914288657052172,74.86038519939264,670121400.0,Bull / Normal,0.004503119699629243,1
2020-12-31,64.33999633789062,64.7699966430664,64.01000213623047,64.69000244140625,6928600,0.004503119699629243,0.004493010991901122,2020,12,4,3,62.513000297546384,59.322200317382816,58.79370018005371,56.053750076293944,0.004262446474387333,0.009913659394395955,0.010125552994048348,0.011173119561109997,-0.009341509676011328,0.09495599926340437,0.5134334817379345,0.011748252869897658,-0.0009317575553809325,81.88498469684342,1.7254006303719862,1.6563917028041109,1.1907141549246647,77.72869057960904,677050000.0,Bull / Normal,-0.014530876579540553,0
2021-01-04,64.69000244140625,64.69999694824219,63.16999816894531,63.75,11249900,-0.014530876579540553,-0.01463748375744518,2021,1,1,0,62.7370002746582,59.403800354003906,58.888500175476075,56.14715007781982,0.007149930806767036,0.010608683348798968,0.01099315564851334,0.01114197637572005,-0.018626833459452485,0.07558629167598574,0.8291531359955896,0.023999980851715685,0.0,69.67419217288715,1.5890640605120012,1.6429261743456889,1.1871425083705351,55.53543204055909,665800100.0,Bull / Normal,-0.012392171223958304,0
2021-01-05,63.68000030517578,63.790000915527344,62.47999954223633,62.959999084472656,11005700,-0.012392171223958304,-0.012469594470800519,2021,1,1,1,62.887000274658206,59.46920036315918,58.976400184631345,56.233700065612794,0.007901413124269811,0.007760655688847557,0.011386716878630111,0.011259679352956227,-0.02944355759581052,0.05003335633433803,0.8107574519746085,0.020806883614045212,-0.001098034428615196,62.76102688830857,1.4011186514285043,1.5945646697622522,1.2057140895298544,38.867912034444586,654794400.0,Bull / High Vol,-0.006194399544465989,0
2021-01-06,62.27000045776367,63.34999847412109,61.90999984741211,62.56999969482422,8685400,-0.006194399544465989,-0.006213664434812724,2021,1,1,2,63.02550029754639,59.52260032653808,59.06190017700195,56.32560007095337,0.007900074509093077,0.007585671541554983,0.011497792619419817,0.011283202932491238,-0.029320499790446153,0.046321078479997446,0.65487345539733,0.023014202233216468,-0.010959317610269049,54.48798635003217,1.20678974825519,1.51700968546084,1.2064282553536547,16.55175800604402,646109000.0,Bull / High Vol,0.007991050062948313,1
2021-01-07,62.84999847412109,63.7400016784668,62.84999847412109,63.06999969482422,7382800,0.007991050062948313,0.007959290703953912,2021,1,1,3,63.22750034332275,59.63420028686524,59.1506001663208,56.40175006866455,0.010026887852110167,0.007140718846952128,0.010980525975341668,0.011309768742372234,-0.02065220185624117,0.06843979330970695,0.5736456936751576,0.014111355773777616,0.004474968525851365,51.9359212165475,1.0806712087518235,1.4297419901190367,1.194285529000418,27.03964175611352,653491800.0,Bull / Normal,0.004915195414476159,1
2021-01-08,63.18000030517578,63.540000915527344,62.90999984741211,63.380001068115234,7751700,0.004915195414476159,0.004903155278458074,2021,1,1,4,63.4100004196167,59.76020027160644,59.244500160217285,56.48895008087158,0.01011682210962164,0.0074078930428147045,0.010806494231647205,0.01126854796715965,-0.02025044556888933,0.06110834679142951,0.612911247380379,0.009940060863018364,0.0017441035497672533,48.350074405779964,0.9942745000729474,1.3426484921098187,1.144999640328543,34.26578587707419,661243500.0,Bull / Normal,-0.005522282785104471,0
2021-01-11,62.95000076293945,63.56999969482422,62.84000015258789,63.02999877929688,6284700,-0.005522282785104471,-0.005537586957333334,2021,1,1,0,63.587500381469724,59.90900024414063,59.3230001449585,56.551700077056886,0.008446129913290547,0.00741921089720908,0.010857455033767838,0.011296781202815614,-0.01129413679534308,0.05968391500305459,0.5130122357422114,0.01158177941256929,-0.006784479298346096,32.70870673374989,0.8873335970134164,1.2515855130905384,1.061428070068359,26.10721885262026,654958800.0,Bull / Normal,-0.00967794101484154,0
2021-01-12,63.0,63.02000045776367,62.18000030517578,62.41999816894531,7758200,-0.00967794101484154,-0.009725076649791095,2021,1,1,1,63.67800025939941,60.03700019836426,59.385200119018556,56.614650058746335,0.007683330177572485,0.007679223730147417,0.010515902893702965,0.011330125222926,-0.008576888871977717,0.0298630183198616,0.655918160297599,0.013457228087613123,-0.0004759444689492147,32.542356005100046,0.7447749080696298,1.1502233920863567,1.0285707201276506,11.88808079694326,647200600.0,Bull / Normal,-0.005767331083220029,0
2021-01-13,62.31999969482422,62.59000015258789,61.970001220703125,62.060001373291016,8298000,-0.005767331083220029,-0.00578402635953549,2021,1,1,2,63.7430004119873,60.156000213623045,59.45320014953613,56.673150062561035,0.0076229807567793455,0.007661152912538512,0.010637506309296689,0.011345845060205906,-0.008150844238782873,0.021395705853683333,0.7257797890707954,0.009990314504755985,-0.0016020262264417075,22.36139668224162,0.5958784711176648,1.0393544078926185,0.9607135227748326,3.496541427729222,638902600.0,Bull / Normal,-0.0074122283111630605,0
2021-01-14,62.06999969482422,62.16999816894531,61.5099983215332,61.59999847412109,10258600,-0.0074122283111630605,-0.007439835379962114,2021,1,1,3,63.73000030517578,60.25900016784668,59.51730014801026,56.73950004577637,0.005621457903260246,0.007669306648291887,0.010003637593173291,0.011291317669321722,-0.023307455649532294,-0.004203073612433328,0.9183394407659602,0.01071428350261053,0.00016110733664124826,18.644077659357094,0.43573569270450463,0.9186306648549958,0.932856695992606,2.1531115761344504,628644000.0,Bull / Normal,0.0029220829486127364,1
2021-01-15,61.59999847412109,62.0,61.209999084472656,61.77999877929688,7532600,0.0029220829486127364,0.002917821962851224,2021,1,1,4,63.68000030517578,60.35860015869141,59.57500015258789,56.804850044250486,0.004777055950167674,0.007479111556826656,0.00939679475322747,0.01129347424470896,-0.025244592329665805,-0.015928640003888828,0.7012647268292456,0.012787324880816948,0.0,22.299675418752514,0.31966105370303666,0.7988367426246039,0.9314283643450055,12.723197940065178,636176600.0,Bull / Normal,-0.007931334953890312,0
2021-01-19,62.09999847412109,62.290000915527344,61.09999847412109,61.290000915527344,8903400,-0.007931334953890312,-0.007962955296293069,2021,1,1,1,63.56400032043457,60.454600143432614,59.627000160217285,56.86230005264282,0.004949728364521306,0.0067586739020807935,0.008918515863151014,0.011344807159936304,-0.027605868593814198,-0.03647224764287571,0.8544041870929635,0.019415931206239863,0.005179664958676557,20.846923953413665,0.18598837528205792,0.6762670691560948,0.949285507202149,4.556415463710209,627273200.0,Bull / Normal,0.004405293746622796,1
2021-01-20,61.369998931884766,62.02999877929688,61.150001525878906,61.560001373291016,7025000,0.004405293746622796,0.004395618843579185,2021,1,1,2,63.389000511169435,60.5526001739502,59.66770015716553,56.923100051879885,0.005938379839766496,0.006497824605983741,0.006985928527321394,0.011355906494979653,-0.013777584442194901,-0.05379643892778507,0.7732177193984642,0.014294951815900698,0.0013052376433747939,25.833367771550755,0.10067804123786317,0.5611492635724485,0.9371427808489129,12.073550467074666,634298200.0,Bull / Normal,-0.0056855471249260825,0
2021-01-21,61.650001525878906,61.84999847412109,60.91999816894531,61.209999084472656,6943600,-0.0056855471249260825,-0.005701771373024169,2021,1,1,3,63.22550029754639,60.64080017089844,59.7080001449585,56.971700038909916,0.005928117941253469,0.006465215562192618,0.006872040974424428,0.011377657472577676,-0.013696459394281879,-0.05071346312374703,0.8147776129771136,0.015193601030647465,0.00146199075016491,24.64230438938253,0.004771721824695874,0.449873755222898,0.9635710035051623,7.532494297768451,627354600.0,Bull / Normal,-0.013886595112475919,0
2021-01-22,60.93999862670898,61.150001525878906,59.7400016784668,60.36000061035156,9896700,-0.013886595112475919,-0.013983915894322206,2021,1,1,4,62.98600025177002,60.71120018005371,59.73280014038086,57.019700050354004,0.007658316061406998,0.006342833140900036,0.006599752854122212,0.010232682048704842,-0.020129835949435293,-0.07352265239202882,1.212813790001734,0.023359838190099333,-0.0044110514916209315,18.394175380132992,-0.1382290815978422,0.33225318785875,1.014285496303014,12.499990386338448,617457900.0,Bull / Normal,0.008946337144912775,1
2021-01-25,60.380001068115234,60.95000076293945,59.77000045776367,60.900001525878906,8524700,0.008946337144912775,0.008906555759830913,2021,1,1,0,62.76600017547607,60.79580024719238,59.76960014343262,57.063550052642825,0.00932010802840422,0.007083007382252333,0.00707282091397312,0.010230276622266842,-0.014244047763122825,-0.06738133721665218,1.0746427081192902,0.019376030798198763,0.00033135284230334907,27.907004252349537,-0.205614491797391,0.22467965192752182,0.9892856052943644,28.64197693661856,625982600.0,Bull / Normal,0.01477828716965135,1
2021-01-26,61.060001373291016,62.040000915527344,60.84000015258789,61.79999923706055,8186500,0.01477828716965135,0.014670152347012582,2021,1,1,1,62.60800018310547,60.887800216674805,59.8110001373291,57.106650047302246,0.011493010892393853,0.009183506149366697,0.00814347270716934,0.009735019063696972,0.008321068916871122,-0.04864531853368581,1.0042210034481955,0.019417488313168627,0.0026272552282961582,41.158539599282456,-0.18427145454553795,0.14288943063290988,0.9814284188406813,51.49993896484375,634169100.0,Bull / Normal,0.012135922479918682,1
2021-01-27,61.400001525878906,63.18000030517578,61.369998931884766,62.54999923706055,14789000,0.012135922479918682,0.01206287259730023,2021,1,1,2,62.49200000762939,61.00980018615723,59.846200141906735,57.154550037384034,0.012427951155986073,0.00971428130108124,0.008774122024951316,0.009796776189914319,0.0160818362846733,-0.03576388794963825,1.726000234583844,0.02893687282762746,-0.00647245495339372,49.855488063363644,-0.10562068228787069,0.09318740804875378,1.007857186453684,70.24993896484375,648958100.0,Bull / Normal,-0.021262958154752543,0
2021-01-28,62.54999923706055,63.2400016784668,61.16999816894531,61.220001220703125,11166400,-0.021262958154752543,-0.021492271258767112,2021,1,1,3,62.33000011444092,61.09600021362305,59.88740016937256,57.19065004348755,0.016511852904558977,0.011794104672657403,0.009761481979824686,0.010242589274641832,0.0001634069005076455,-0.05026369701810918,1.2778869729663231,0.033812536234015284,0.0,38.064525973412344,-0.14889276023088627,0.044771374392825775,1.0721430097307487,38.64230571179001,637791700.0,Bull / Normal,-0.012904294344577405,0
2021-01-29,61.15999984741211,61.5,60.209999084472656,60.43000030517578,11451800,-0.012904294344577405,-0.012988278033341497,2021,1,1,4,62.13150005340576,61.16160018920898,59.934400177001955,57.227000045776364,0.016307790219140538,0.012230210090704737,0.01002194351015804,0.010391183227465585,0.0011597033485153396,-0.06164598022731094,1.2722575355523424,0.02134702811538553,-0.0009800942844595145,32.07775864506401,-0.2441186178609982,-0.013006624057939023,1.119285855974471,18.01563927088448,626339900.0,Bull / Normal,0.017871885005847243,1
2021-02-01,60.91999816894531,62.0099983215332,60.7400016784668,61.5099983215332,10553500,0.017871885005847243,0.017714060509032424,2021,2,1,0,61.97249984741211,61.24940017700195,59.99630016326904,57.266050033569336,0.017896681955355473,0.013703127199239095,0.010959703552847352,0.010593856878131207,0.010016367493768996,-0.0491575823134861,1.1493170093690002,0.02064699524827999,0.008108519961856814,41.51785011041766,-0.22979010480922568,-0.05636332020819636,1.180000032697406,50.57133265904018,636893400.0,Bull / High Vol,0.013981476732547682,1
2021-02-02,61.880001068115234,62.91999816894531,61.79999923706055,62.369998931884766,10528000,0.013981476732547682,0.01388463747999588,2021,2,1,1,61.90349979400635,61.37180015563965,60.0505001449585,57.304800033569336,0.017758845122417946,0.014102889192233329,0.011159515066180764,0.010678000188204638,0.009223296146618765,-0.021647075578278163,1.1510646637470938,0.017957334472747607,0.006015326884710741,49.728559919978295,-0.14734133387384674,-0.07455892294132643,1.220000130789621,75.14277866908482,647421400.0,Bull / High Vol,-0.003206682160727281,0
2021-02-03,62.18000030517578,62.75,61.97999954223633,62.16999816894531,9933500,-0.003206682160727281,-0.0032118345837042622,2021,2,1,2,61.86399974822998,61.486200103759764,60.0989001083374,57.346100025177,0.016864960959860738,0.014154255984683924,0.010852269620333933,0.010695297277986685,-0.006075157038372692,-0.012547664025017058,1.0924691827129551,0.012385402612868288,-0.0030463144133846274,50.60771715429461,-0.09702009176439219,-0.0790511567059396,1.2307145254952572,69.42847115652901,637487900.0,Bull / High Vol,0.018980221005784115,1
2021-02-04,62.47999954223633,63.38999938964844,62.25,63.34999847412109,9928700,0.018980221005784115,0.018802343851799252,2021,2,1,3,61.90299968719482,61.6392000579834,60.16240009307862,57.40630001068115,0.014237332096646951,0.01497052892338274,0.011600395942343359,0.010927815151246406,0.03479250589589422,0.012466018588799699,1.0845265962269262,0.01799525520295214,0.004986350046988825,58.95599079474577,0.037642103369741164,-0.055712504690803445,1.2707146235874727,98.90408381887997,647416600.0,Bull / High Vol,0.003946330008233856,1
2021-02-05,63.5,64.06999969482422,63.27999877929688,63.59999847412109,9170200,0.003946330008233856,0.0039385636736078795,2021,2,1,4,61.92949962615967,61.78959999084473,60.2038000869751,57.46295000076294,0.009605095821939993,0.013669139430016967,0.01150112704601584,0.010929922292166083,0.05245735814887631,0.00840334203046389,0.9919906882556057,0.012421398340894441,0.002367822091427358,59.247969370760735,0.16266072231106676,-0.0120378592904294,1.270714623587472,89.14546337140088,656586800.0,Bull / High Vol,-0.007704369112035536,0
2021-02-08,63.790000915527344,63.869998931884766,62.84000015258789,63.11000061035156,7003400,-0.007704369112035536,-0.007734201086887512,2021,2,1,0,61.91599960327149,61.90040000915528,60.22550010681152,57.51864999771118,0.011244727190150053,0.01418367277258358,0.011590888928438875,0.010982725213877335,0.02601206848445381,-0.00426002608415077,0.7606748254691492,0.01632069037134394,0.0029874598422131933,59.247969370760806,0.21966795061327815,0.03430330269031211,1.259285790579659,77.82911029413708,649583400.0,Bull / High Vol,0.008873356887622919,1
2021-02-09,63.08000183105469,63.84999847412109,62.90999984741211,63.66999816894531,5437400,0.008873356887622919,0.008834220003036082,2021,2,1,1,61.94799957275391,62.02559997558594,60.25790008544922,57.57194999694824,0.010451435548041706,0.013786804487327812,0.011686281234914851,0.010977354624980293,0.02084334230116469,0.01015388548379037,0.5933137358884212,0.014763603796795087,-0.0004753411346339692,60.414600998600285,0.3065005649189132,0.08874275513603233,1.2635716029575879,90.7620852395816,655020800.0,Bear / High Vol,-0.006282357824485385,0
2021-02-10,63.84000015258789,63.900001525878906,62.93000030517578,63.27000045776367,9577500,-0.006282357824485385,-0.006302174876542583,2021,2,1,2,61.99049968719483,62.13580001831055,60.2888000869751,57.62145000457764,0.011067093254865611,0.013671040975576285,0.011553471971268563,0.010854337308966632,0.01769345860086946,0.013617467378287174,1.034798510063017,0.01533113977690985,0.0026700485084275635,60.11789600854075,0.33913028218753993,0.13882026054633384,1.2664288112095414,81.52425857844757,645443300.0,Bear / High Vol,-0.009009004120439812,0
2021-02-11,63.560001373291016,63.970001220703125,62.27999877929688,62.70000076293945,7690800,-0.009009004120439812,-0.009049830586907184,2021,2,1,3,62.02249965667725,62.23540000915527,60.318300094604496,57.66895000457764,0.007962208966843548,0.011860215794465221,0.011671700066671524,0.010914389910168144,-0.010260421891677862,0.010312590645927378,0.8336851827060298,0.026953786616302003,0.0045835453363231105,61.818194428763945,0.31536008180304975,0.17412822479767703,1.2821434565952832,68.13955407068191,637752500.0,Bear / High Vol,0.006060623022190459,1
2021-02-12,62.31999969482422,63.119998931884766,62.310001373291016,63.08000183105469,6663400,0.006060623022190459,0.00604233131536866,2021,2,1,4,62.096499824523924,62.322200012207034,60.3409001159668,57.714950008392336,0.008403224471177632,0.010578391464289044,0.011574673386650417,0.01092425880857784,-0.008176048043114115,0.024026029116792413,0.7366694655404102,0.012840797956270557,-0.006060623022190526,61.190977879433525,0.32345633386653105,0.20399384661144782,1.2557146889822808,74.35239100443137,644415900.0,Bear / High Vol,-0.014901750382376844,0
2021-02-16,63.11000061035156,63.2599983215332,62.09999847412109,62.13999938964844,7526000,-0.014901750382376844,-0.015013896979636615,2021,2,1,1,62.1144998550415,62.383399963378906,60.35610012054443,57.76079999923706,0.01014386180136775,0.010992795314253206,0.012112929260556387,0.01112974375907203,-0.015370008102076005,0.005827138515130503,0.8320642124494539,0.018667522671481623,0.000475567191282268,51.7382429838593,0.25112748948651387,0.21342057518646104,1.2528574807303283,50.0,636889900.0,Bear / High Vol,-0.0008046224260001011,0
2021-02-17,61.83000183105469,62.150001525878906,61.36000061035156,62.09000015258789,6244500,-0.0008046224260001011,-0.0008049463083713127,2021,2,1,2,62.15449981689453,62.43979995727539,60.38740013122558,57.812299995422364,0.007995295490211562,0.010014605764558478,0.011960032585309841,0.010916714973370576,-0.024815424246832474,0.01305268763436862,0.7006821117074337,0.012723480650441208,-0.004988695874454592,47.466963776317435,0.1876091966086051,0.20825829947088986,1.1800003051757801,48.70468318252434,630645400.0,Bear / High Vol,-0.00032212043347590313,0
2021-02-18,61.810001373291016,62.209999084472656,61.65999984741211,62.06999969482422,6262400,-0.00032212043347590313,-0.00032217232540666783,2021,2,1,3,62.17999973297119,62.48199996948242,60.41510013580322,57.86389999389648,0.008195765644464876,0.009966361909385577,0.011929971222784656,0.010917058475479502,-0.01896634667705621,0.00828457293950735,0.7057100034933907,0.008860951180355962,-0.004509563192281692,55.46974801385272,0.13411067767628282,0.19342877511196846,1.0714285714285705,48.186536690266394,624383000.0,Bear / High Vol,-0.015144169990826795,0
2021-02-19,62.2599983215332,62.36000061035156,61.08000183105469,61.130001068115234,10905100,-0.015144169990826795,-0.015260013995439909,2021,2,1,4,62.17599983215332,62.508600006103514,60.42840015411377,57.909300003051754,0.009523227744602682,0.008423927238182553,0.012366745322593787,0.010962660647197633,-0.02503986723636864,-0.0013069435966992504,1.2020646000457453,0.020938962161486184,0.003061037983617513,54.41919988594434,0.015681911394395343,0.15787940236845385,1.070714133126394,11.711700359360734,613477900.0,Bear / High Vol,0.054310417505597286,1
2021-02-22,62.84999847412109,64.97000122070312,62.27999877929688,64.44999694824219,20940300,0.054310417505597286,0.05288692052093205,2021,2,1,0,62.38049964904785,62.61699996948242,60.47710010528564,57.97224998474121,0.028699780238990186,0.020205904480739705,0.016903816659337233,0.012890115200035666,0.021718374721305667,0.06776004467417462,2.1758066032810155,0.04173782108269922,0.028136714803739547,64.46850826074078,0.18756010589712702,0.1638155430741885,1.232142857142856,86.63227881616882,634418200.0,Bear / High Vol,0.0007758425775872269,1
2021-02-23,64.41999816894531,65.22000122070312,64.05000305175781,64.5,18175400,0.0007758425775872269,0.0007755417673121859,2021,2,1,1,62.560499572753905,62.7123999786377,60.52740009307861,58.03174999237061,0.026828129867309067,0.019952696483420844,0.016861834349707748,0.012494509017398944,0.03797876783926557,0.05911327395601629,1.7983533679176862,0.018139506495276164,-0.0004654581957694443,61.39038654941057,0.3240739193269917,0.19586721832474913,1.2149998801095134,82.60866360262274,652593600.0,Bear / High Vol,0.00310072787972393,1
2021-02-24,64.48999786376953,65.1500015258789,64.08000183105469,64.69999694824219,10609300,0.00310072787972393,0.0030959305373092424,2021,2,1,2,62.705499458312985,62.81679992675781,60.577400054931644,58.0873999786377,0.02657195862826688,0.019826281258275586,0.016633467240041125,0.012479661639088245,0.04203570283846281,0.04692552988645593,1.037297256602818,0.016537863142098482,-0.00015507187954215117,63.52941848453151,0.44329020869076174,0.24535181639795167,1.2364283970424097,87.43950847526344,663202900.0,Bear / High Vol,0.009273665097629058,1
2021-02-25,64.63999938964844,66.36000061035156,64.58000183105469,65.30000305175781,15356100,0.009273665097629058,0.009230928677771111,2021,2,1,3,62.842999649047854,62.91059997558594,60.633600082397464,58.14625,0.026114085105642552,0.01973361019707598,0.016557655896241235,0.012503753261159935,0.052038075927410166,0.04396488966010903,1.4972526334109613,0.027258785545324092,-0.0009273193419428755,61.117476191843295,0.579505278886522,0.3121825088956658,1.276428222656249,79.92428402161663,678559000.0,Bear / High Vol,-0.012098022643294182,0
2021-02-26,65.54000091552734,66.27999877929688,64.5,64.51000213623047,20512600,-0.012098022643294182,-0.012171799357939245,2021,2,1,4,63.00749969482422,62.985600051879885,60.69040008544922,58.207450008392335,0.025392896357047275,0.019971038668714112,0.015988796628020427,0.012633309563649579,0.055292017161082674,0.053740621527703425,1.9128651619644528,0.027592601462606094,0.0036753116776932636,54.887238994329216,0.6166024229136511,0.37306649169926287,1.3471423557826445,64.96214201080831,658046400.0,Bull / High Vol,0.025732382231352435,1
2021-03-01,64.94999694824219,66.7300033569336,64.7699966430664,66.16999816894531,11758900,0.025732382231352435,0.025406876693123283,2021,3,1,0,63.2944995880127,63.071800003051756,60.75650005340576,58.28004999160767,0.013795398229260193,0.021232290757015472,0.016329611130105937,0.012844610792692553,0.02668737474238214,0.09498589830849147,1.0949868933824385,0.029620776305039273,0.0068205673142367855,64.59923094506979,0.7710616645997632,0.45266552627936296,1.4321425301688053,90.08840642921477,669805300.0,Bull / High Vol,0.007405251726212425,1
2021-03-02,66.1500015258789,67.41999816894531,66.0,66.66000366210938,13282000,0.007405251726212425,0.007377967464735158,2021,3,1,1,63.5519998550415,63.14940010070801,60.82800010681152,58.34880001068115,0.01356163376472037,0.020048783007508158,0.016049622908612286,0.012854243176530496,0.03348842886991288,0.08372631248753071,1.221302449823108,0.021302101574177716,-0.00030220105213469705,64.3612124943201,0.9223784697674944,0.5466081149769892,1.466428211757115,88.01269801539358,683087300.0,Bull / High Vol,0.0037503748314688945,1
2021-03-03,66.25,67.54000091552734,66.19999694824219,66.91000366210938,15827600,0.0037503748314688945,0.0037433597098669126,2021,3,1,2,63.77900009155273,63.21540016174316,60.89120014190674,58.418750038146975,0.013521788979460074,0.019897307174716695,0.015881886314713232,0.012855218732792797,0.03415775607586369,0.07279148321267126,1.4207574243138958,0.020026960005144794,-0.006150669660740324,67.73879674999878,1.050363106639459,0.6473591133094833,1.4928569793701172,90.24771915320795,698914900.0,Bull / High Vol,-0.019429128390468065,0
2021-03-04,66.68000030517578,67.30999755859375,65.30999755859375,65.61000061035156,19951100,-0.019429128390468065,-0.01962035486708567,2021,3,1,3,63.95100021362305,63.226400222778324,60.93840015411377,58.48105003356934,0.017671757004624773,0.02159585562352183,0.016645684621220593,0.013088168254459048,0.004747282451855961,0.05533219467142558,1.7138449128886488,0.030483157771598185,-0.0034375032782107424,63.23929655514732,1.0349620732035874,0.7248797052883041,1.514999662126814,70.12383005107915,678963800.0,Bull / High Vol,0.06645329324480564,1
2021-03-05,67.30999755859375,71.72000122070312,67.30999755859375,69.97000122070312,34211500,0.06645329324480564,0.06433846354439059,2021,3,1,4,64.28200035095215,63.33620018005371,61.02660015106201,58.56920003890991,0.03207935159798232,0.02744093369651527,0.021690789497104606,0.015522996000652434,0.08463802361907202,0.10449886197371194,2.6612810694442555,0.0630270628150928,0.02591063759225102,73.01267640734724,1.358907613380694,0.8516852869067821,1.8935713086809436,83.55263063546263,713175300.0,Bull / High Vol,0.03129916254393694,1
2021-03-08,70.47000122070312,72.94000244140625,70.0999984741211,72.16000366210938,23300500,0.03129916254393694,0.030819330300321555,2021,3,1,0,64.71000061035156,63.476400222778324,61.13360019683838,58.66550004959107,0.03256061736722714,0.024483748635579537,0.022456435815548178,0.01581477030954662,0.09052449235181137,0.13459127976978436,1.7180991594767356,0.039357037460578996,0.007145919555194421,80.88778916541901,1.77192602208315,1.0357334339420556,2.022857121058873,93.42328213190747,736475800.0,Bull / High Vol,0.006651825154924573,1
2021-03-09,72.4000015258789,73.22000122070312,72.0,72.63999938964844,17296400,0.006651825154924573,0.006629799386401329,2021,3,1,1,65.1865005493164,63.62320014953613,61.25030017852783,58.76760004043579,0.03262298666728695,0.02426393101919158,0.02220427830673648,0.01578223367193389,0.08970890187541625,0.15100615888337865,1.2287481778063203,0.016795171130975825,0.0033259125774622454,81.68166922850808,2.113613311758172,1.251309409505279,2.0535714285714284,95.22238994880638,753772200.0,Bull / High Vol,-0.00715854415522621,0
2021-03-10,73.5,73.62000274658203,71.5,72.12000274658203,21378600,-0.00715854415522621,-0.00718428947200494,2021,3,1,2,65.60900077819824,63.76640022277832,61.36190021514893,58.865100059509274,0.03412321575132734,0.024900608309490486,0.022432125348967297,0.015811051890191018,0.07786577192227884,0.13271564034311778,1.437361750764783,0.02939548898842082,0.011839215550353058,79.30029783552095,2.3157490536605536,1.464197338336334,2.165714536394392,88.03827838526979,732393600.0,Bull / High Vol,-0.06530780511785095,0
2021-03-11,67.6500015258789,68.0999984741211,65.43000030517578,67.41000366210938,38095400,-0.06530780511785095,-0.06753800722736314,2021,3,1,3,65.81600093841553,63.81720024108887,61.43080024719238,58.93825008392334,0.048867863685601406,0.03475640704018971,0.027508460489332913,0.017991429397934775,0.027434888508045763,0.06543390507969704,2.337227854162685,0.03960833739645822,-0.06198004784345312,65.00956500602749,2.07200078711719,1.5857580280925054,2.5521433694022044,45.238122469904575,694298200.0,Bull / High Vol,-0.0037086483669859227,0
2021-03-12,66.95999908447266,67.87000274658203,66.44999694824219,67.16000366210938,11606300,-0.0037086483669859227,-0.0037155424537817085,2021,3,1,4,66.03900108337402,63.8712003326416,61.4995002746582,59.00805009841919,0.03557308534232706,0.03443164167018838,0.027406625146289165,0.018005972361137653,-0.0401600330080073,0.07113242176874301,0.7036180894164776,0.02114362300341846,-0.006675634967954507,57.59105262528018,1.8374743584907094,1.6361012941721462,2.379286629813058,32.49739508386355,682691900.0,Bull / High Vol,0.00848718975198337,1
2021-03-15,66.94999694824219,67.77999877929688,66.9000015258789,67.7300033569336,8919600,0.00848718975198337,0.008451376052806665,2021,3,1,0,66.27150115966796,63.937800369262696,61.580600318908694,59.078600120544436,0.03041919281712179,0.033677488354114306,0.027422540400252,0.017901141949926785,-0.061391353663441395,0.07371593834655976,0.5370671207455693,0.012992724196105957,-0.003126961024656257,58.79151571584434,1.6782587634731385,1.6445327880323448,2.3585722787039622,38.259970394113374,691611500.0,Bull / High Vol,-0.012992836840342692,0
2021-03-16,68.0,68.06999969482422,66.68000030517578,66.8499984741211,14512500,-0.012992836840342692,-0.013077982067739469,2021,3,1,1,66.5070011138916,63.98100028991699,61.6516003036499,59.14400011062622,0.028587939540698954,0.03398686560048286,0.02735683201788603,0.017914246995353027,-0.07970816305310224,0.07579657436007747,0.855825852044296,0.02079281109013836,0.0039863668933181355,55.643045460352596,1.4641919247196569,1.6084646153698072,2.3814293997628346,25.76751936836663,677099000.0,Bull / High Vol,-0.009424042898996565,0
2021-03-17,66.80000305175781,66.8499984741211,66.16000366210938,66.22000122070312,11892400,-0.009424042898996565,-0.009468730169383181,2021,3,1,2,66.71350116729737,64.03040031433106,61.71710033416748,59.20980010986328,0.028427582214494186,0.03411508524910073,0.027504230380497555,0.017895325645184437,-0.08180811565704671,0.06651636427710805,0.6898263890902974,0.01041973420858225,-0.0007478746971495508,52.41089643777685,1.2295336014951772,1.5326784125948814,2.303571973528181,18.859656827929598,665206600.0,Bull / High Vol,0.007852561665369295,1
2021-03-18,66.47000122070312,67.01000213623047,66.08999633789062,66.73999786376953,13750300,0.007852561665369295,0.007821890761824317,2021,3,1,3,66.94700107574462,64.10600028991699,61.78760032653808,59.27710010528565,0.009822465270302111,0.0335199484298374,0.02750388799990862,0.017687186383524053,-0.009939263639536788,0.075237605798389,0.7806418666414596,0.01378492400041382,0.0037752944033749066,55.927687445446374,1.0731539226152478,1.4407735145989546,2.2421439034598216,22.25988544709083,678956900.0,Bull / High Vol,-0.007192024916135575,0
2021-03-19,66.79000091552734,66.83000183105469,65.95999908447266,66.26000213623047,30963600,-0.007192024916135575,-0.007218012203108467,2021,3,1,4,67.2035011291504,64.17980033874511,61.8512003326416,59.340950107574464,0.010097433401358312,0.024792213687133774,0.027269174018186182,0.01767290787691981,-0.013400855818992086,0.08391953179256517,1.6631877711900187,0.013130134599049768,0.0007492216565526316,50.255258029798355,0.9001142993858195,1.3326416715563276,2.1457154410226003,11.432057575726972,647993300.0,Bull / High Vol,0.0009054868194902088,1
2021-03-22,66.22000122070312,66.5199966430664,65.86000061035156,66.31999969482422,10263700,0.0009054868194902088,0.0009050771136036071,2021,3,1,0,67.2970012664795,64.24480033874512,61.93950031280517,59.40830011367798,0.008439232882723715,0.021467485007334162,0.024608450144095968,0.017626265686847935,-0.0208180066768745,0.029014784098186475,0.5675823789939718,0.009951689320745753,-0.0006036962607562542,49.01161576038719,0.759070362220541,1.2179274096891703,2.0914295741489957,12.154049406495906,658257000.0,Bull / High Vol,0.014324441384403697,1
2021-03-23,66.33000183105469,67.94000244140625,66.33000183105469,67.2699966430664,12390100,0.014324441384403697,0.014222815909651111,2021,3,1,1,67.43550109863281,64.32260025024414,62.04140026092529,59.47475009918213,0.009998089019706956,0.022182048321897248,0.024767098706815843,0.017715799483191266,0.006282695265997784,0.04294568438862645,0.6963106790660295,0.02393341297301086,0.00015081628884943047,51.00556775738677,0.7156987108856327,1.1174816699284629,2.1114294869559154,23.586015172478376,670647100.0,Bull / High Vol,-0.006540728912866278,0
2021-03-24,67.11000061035156,67.41000366210938,66.73999786376953,66.83000183105469,11391100,-0.006540728912866278,-0.006562213213454022,2021,3,1,2,67.54200134277343,64.3986003112793,62.15380027770996,59.5334001159668,0.00928298303840601,0.022183722150638057,0.02484637017351226,0.017724107653032572,0.009211727561262206,0.03292125167357329,0.6387646732759436,0.010025524165532856,-0.0023784159461725605,53.57982040453753,0.6384626604669137,1.0216778680361531,2.016429901123047,17.094030629354997,659256000.0,Bull / High Vol,0.02693394243671654,1
2021-03-25,66.95999908447266,68.7300033569336,66.76000213623047,68.62999725341797,14844700,0.02693394243671654,0.02657760797873326,2021,3,1,3,67.70850105285645,64.52280029296875,62.279900245666504,59.605650100708004,0.014699383141944371,0.01245553803576437,0.02542867411892042,0.018043803164572127,0.028318841027030306,0.05099531464065543,0.8336232401672447,0.02870466704856255,0.0019451930249321254,45.37290579840341,0.71426353602007,0.9601950016329366,1.7207156590053014,39.071990162834894,674100700.0,Bull / High Vol,0.02360487849941384,1
2021-03-26,68.56999969482422,70.37000274658203,68.27999877929688,70.25,12617000,0.02360487849941384,0.023330591313450152,2021,3,1,4,67.99550094604493,64.68660026550293,62.42130023956299,59.68635009765625,0.014403354906217402,0.013996996469254033,0.025580716820945273,0.018247689050383115,0.0602172915051542,0.08897841689181707,0.724587534418195,0.029750946153525356,-0.0008742177035532658,43.13440923909943,0.8947429193173093,0.9471045851698112,1.6578587123325892,58.85223758244215,686717700.0,Bull / High Vol,0.012526651294205937,1
2021-03-29,70.20999908447266,72.33000183105469,70.16999816894531,71.12999725341797,15183700,0.012526651294205937,0.012448841918014798,2021,3,1,0,68.24350090026856,64.87720024108887,62.568100204467775,59.785450077056886,0.013072814328845493,0.014178882004598216,0.025173249086774527,0.018298721050977733,0.07252710465511569,0.07495842861909674,0.8634998881079032,0.03036698644052853,-0.000569408050211299,44.72395244922125,1.096146856141175,0.9769130393640839,1.7250017438616072,69.5970115884786,701901400.0,Bull / High Vol,-0.008154002868772547,0
2021-03-30,70.83000183105469,71.05000305175781,69.94999694824219,70.55000305175781,12000200,-0.008154002868772547,-0.008187428576381484,2021,3,1,1,68.43800086975098,65.05260032653808,62.70560024261474,59.878900089263915,0.016438276430237427,0.013565937958246174,0.025300042882169183,0.01834019571864109,0.048758831163543404,0.058355823221467595,0.6849501550101984,0.015591864719107442,-0.004217565499046406,44.53722084564861,1.1951829175528843,1.020567015001844,1.6578587123325892,74.20292194688837,689901200.0,Bull / High Vol,-0.005386319863568523,0
2021-03-31,70.69999694824219,71.0999984741211,69.91000366210938,70.16999816894531,9971700,-0.005386319863568523,-0.005400878385843105,2021,3,1,2,68.60100059509277,65.23020027160645,62.84240020751953,59.963500080108645,0.0161593367337583,0.013125878322845402,0.02537090936962505,0.018241513658222016,0.04997749882356861,0.048722079336576796,0.5788406816733248,0.01695874081607668,0.0021260650601862417,63.7450226450652,1.22884117538554,1.0622218470785834,1.2650010245186942,66.61509652892094,679929500.0,Bull / High Vol,0.023371803227069776,1
2021-04-01,70.45999908447266,71.83000183105469,70.33000183105469,71.80999755859375,13228700,0.023371803227069776,0.023102864954442737,2021,4,2,3,68.91100044250489,65.4352001953125,62.99390018463135,60.04960006713867,0.015275216931412632,0.01425308230644848,0.025211836051118163,0.018355092602751664,0.046335428128221334,0.09449774257834687,0.7831850286248808,0.020888456357014452,0.004132833448693,70.3412208390348,1.3720338794100257,1.1241842535448718,1.2821437290736608,91.96284120013773,693158200.0,Bull / High Vol,0.03272533328800242,1
2021-04-05,72.19000244140625,74.9000015258789,72.05999755859375,74.16000366210938,25010200,0.03272533328800242,0.032201262514704676,2021,4,2,0,69.1205005645752,65.69420028686524,63.167500228881835,60.1628000831604,0.017767724931899324,0.015254552912271797,0.021765201910016154,0.018731530226756037,0.05565841511899472,0.05988284076471451,1.5221502741643989,0.03829562873573861,0.005291810273387532,74.33765396697237,1.6560510560126716,1.2305576140384318,1.4400013514927454,91.81418375192317,718168400.0,Bull / High Vol,0.0016180570558521623,1
2021-04-06,73.62000274658203,74.6500015258789,73.16000366210938,74.27999877929688,14699800,0.0016180570558521623,0.0016167494119058083,2021,4,2,1,69.22650032043457,65.97260025024414,63.341900215148925,60.265750083923336,0.018200433341456698,0.015201494426465819,0.020731542362180864,0.01872086054565188,0.04428513492916708,0.02937908827048319,0.9186915654217289,0.02005920689628255,-0.0072815653837844515,79.83942082663589,1.8692715193258636,1.358300395095918,1.4471440996442522,93.1415632323986,732868200.0,Bull / High Vol,-0.002827128270378898,0
2021-04-07,73.5999984741211,74.18000030517578,73.44999694824219,74.06999969482422,12356800,-0.002827128270378898,-0.002831132145600591,2021,4,2,2,69.29800033569336,66.23600021362304,63.515900230407716,60.36410007476807,0.017078694835965285,0.015803385412330912,0.020719688180138134,0.018733425651076576,0.04989364267616003,0.01968612771463718,0.7843684896742504,0.009855587416515193,-0.009154554608922652,82.62682546155392,1.9982702856181334,1.486294373200361,1.4571446010044642,90.81856474561795,720511400.0,Bull / High Vol,0.016335886181422676,1
2021-04-08,74.2699966430664,75.52999877929688,74.1500015258789,75.27999877929688,13507700,0.016335886181422676,0.016203891156522172,2021,4,2,3,69.4560001373291,66.50560020446777,63.69670021057129,60.46490007400513,0.014833158060407569,0.014801166499202642,0.020887212602499493,0.018781854071857746,0.0728231543921154,0.043815805773310235,0.8793918077638584,0.018331525980277895,0.002700107318296137,83.56924317117044,2.1730895276498643,1.6236534040902617,1.495715550013951,97.41468410197986,734019100.0,Bull / High Vol,0.00398516281379524,1
2021-04-09,75.3499984741211,75.69000244140625,74.9000015258789,75.58000183105469,13285700,0.00398516281379524,0.003977243086431519,2021,4,2,4,69.86450004577637,66.76620025634766,63.88800022125244,60.566850090026854,0.014377756587193745,0.01399864790333946,0.013520352476426164,0.01870652497992168,0.05249971314070545,0.1211986014701496,0.94092759169931,0.010452512521675334,0.000929857810298872,87.16112581762076,2.3092234846223647,1.7607674201966823,1.4900011335100447,98.88097060161219,747304800.0,Bull / Normal,0.007144759227902808,1
2021-04-12,75.25,76.19000244140625,75.19999694824219,76.12000274658203,10634900,0.007144759227902808,0.007119356362161389,2021,4,2,0,70.3125,67.06420028686523,64.08010025024414,60.67525011062622,0.00718536358918326,0.013133434947873446,0.013334204447828773,0.018673931289794537,0.026429328312912226,0.13341272477517374,0.7557908980173716,0.013005852042070717,-0.004366258574488347,87.63445207775192,2.432642202182791,1.8951423765939042,1.513573237827846,99.29006399096234,757939700.0,Bull / Normal,0.007225373128195045,1
2021-04-13,76.16000366210938,77.01000213623047,75.9000015258789,76.66999816894531,13142400,0.007225373128195045,0.007199395178305851,2021,4,2,1,70.75949974060059,67.38900024414062,64.27530021667481,60.785950107574465,0.006908787515900196,0.013043108433246652,0.013326617573240033,0.018623440056309646,0.03217554427739944,0.13199460163759946,0.9201840592171042,0.01447763971385043,0.0005254980830796132,87.24251523613363,2.5454896390675685,2.0252118290886374,1.477144513811384,96.68934931023468,771082100.0,Bull / Normal,0.0019564566252938675,1
2021-04-14,77.04000091552734,77.36000061035156,76.51000213623047,76.81999969482422,12730700,0.0019564566252938675,0.0019545452566310973,2021,4,2,2,71.25799980163575,67.69520027160644,64.4723002243042,60.899150104522704,0.005504864892187153,0.012039122462415413,0.012586122349397984,0.018624649737981155,0.03712704214027651,0.14913988703474246,0.8969532743335398,0.011064807048917012,0.004825913074456007,90.51095929316999,2.6168603778472033,2.143541538840351,1.4900011335100447,94.90565100697226,783812800.0,Bull / Normal,0.01913565772641057,1
2021-04-15,77.0,78.55000305175781,76.83000183105469,78.29000091552734,13604200,0.01913565772641057,0.018954873668724583,2021,4,2,3,71.86149978637695,68.01360031127929,64.69270023345948,61.01680011749268,0.006669269440405043,0.01134794055496386,0.012233955492372245,0.018663253484054898,0.03998408853665203,0.18227120918642692,0.9527511299921703,0.021969615539524093,0.0023431437892586825,90.25001525878906,2.7602209072850883,2.2668774125292988,1.4728584289550781,97.4683346829011,797417000.0,Bull / Normal,0.008430144654449023,1
2021-04-16,78.30999755859375,79.33999633789062,77.86000061035156,78.94999694824219,13334100,0.008430144654449023,0.00839480943346493,2021,4,2,4,72.47199974060058,68.34920028686524,64.9177001953125,61.13520009994507,0.006305030836777871,0.01049976385050549,0.012233084785665024,0.01867102025869865,0.044588449795496254,0.18294874850604348,0.9351980109482012,0.018745988407185294,0.00025541758631452885,89.40218405372644,2.89373415766201,2.392248761555841,1.4292864118303572,95.86426625070388,810751100.0,Bull / Normal,-0.002533210335312619,0
2021-04-19,78.80999755859375,80.20999908447266,78.33999633789062,78.75,19967200,-0.002533210335312619,-0.002536424341597417,2021,4,2,0,73.09649963378907,68.65720031738282,65.1482001876831,61.251500091552735,0.008148102504265179,0.007290911938369258,0.011959730834146393,0.018646790603664937,0.03455067207726903,0.18849981076200573,1.4565848399100394,0.023746066623263888,-0.001773266561874827,86.7760999480818,2.9494073561583747,2.5036804804763477,1.408572060721261,85.82524530736474,790783900.0,Bull / Normal,0.0062221950954861605,1
2021-04-20,78.69999694824219,79.41999816894531,78.6500015258789,79.23999786376953,12562300,0.0062221950954861605,0.006202917165616146,2021,4,2,1,73.74249954223633,68.97000030517579,65.37980014801025,61.36800008773804,0.00814868059798469,0.007123598138781065,0.011834880814368625,0.018493018125680324,0.03352027854704165,0.19481300103132582,0.9087864135262849,0.009717272385471222,-0.0006349593874007937,92.30768087874013,2.9985026278034326,2.602644909941765,1.3792860848563058,90.58250823493509,803346200.0,Bull / Normal,-0.032559241181400744,0
2021-04-21,78.79000091552734,79.33999633789062,76.52999877929688,76.66000366210938,18672800,-0.032559241181400744,-0.03310108714815259,2021,4,2,2,74.21199989318848,69.24100036621094,65.5707001876831,61.46830011367798,0.019635029081761294,0.01417112771697714,0.01495714288342395,0.019098385667279432,-0.0020827393042234243,0.13958685131004556,1.320818445112732,0.036655327737515404,-0.0056789116654928275,76.02250520965256,2.7969851108367294,2.6415129501207577,1.4950005667550224,64.06886225464115,784673400.0,Bull / Normal,-0.023349867336519337,0
2021-04-22,76.11000061035156,76.4800033569336,74.75,74.87000274658203,16769300,-0.023349867336519337,-0.023626794795932146,2021,4,2,3,74.61399993896484,69.46500045776367,65.7453002166748,61.56110012054443,0.018289397490570885,0.015665855114641553,0.016161745310398927,0.019366857513994452,-0.04368371604230015,0.12030526253541574,1.164033137110016,0.023106762300907916,-0.007174576382516685,62.12364588692404,2.4644344463240486,2.606097249361416,1.5128577096121651,34.47858480842734,767904100.0,Bull / Normal,0.0013356280279508415,1
2021-04-23,74.29000091552734,75.0,73.8499984741211,74.97000122070312,10664700,0.0013356280279508415,0.0013347368702515286,2021,4,2,4,74.93100013732911,69.69900047302247,65.9174002456665,61.65265012741089,0.016840359842093946,0.015605093066551438,0.015397201179535466,0.019334321267197065,-0.05041160077749285,0.0923794874109427,0.7511830673713593,0.015339489224409015,-0.00774678522475633,53.90549243901255,2.1837814171192207,2.521634082912977,1.374286106654576,25.673740905593487,778568800.0,Bull / Normal,-0.006269190516877465,0
2021-04-26,74.97000122070312,75.04000091552734,74.19999694824219,74.5,9402200,-0.006269190516877465,-0.006288924412011417,2021,4,2,0,75.1435001373291,69.93500045776368,66.08520023345947,61.7375001335144,0.01649578413532704,0.015431474977241018,0.014891136243881616,0.019108269979102224,-0.053968253968254,0.06049822064056931,0.6698410176636354,0.011275221037384648,0.0,51.0261264402992,1.9015171923913243,2.397610704808647,1.3278579711914062,15.532584614585907,769166600.0,Bull / Normal,0.009664445915478215,1
2021-04-27,74.38999938964844,75.43000030517578,74.22000122070312,75.22000122070312,9300200,0.009664445915478215,0.009618043885114643,2021,4,2,1,75.34800033569336,70.17780044555664,66.25000022888183,61.82665014266968,0.0174353556965458,0.015612419345652625,0.014808760476001022,0.01900259373890328,-0.05073191256236076,0.05750040946456836,0.6767576582942144,0.016086134868868136,-0.0014765182597525168,55.120225933582745,1.7161362909951663,2.261315822045951,1.3550006321498327,21.540921621174206,778466800.0,Bull / Normal,-0.005982512235227944,0
2021-04-28,75.16000366210938,75.2699966430664,74.66000366210938,74.7699966430664,6107800,-0.005982512235227944,-0.00600047915560336,2021,4,2,2,75.55900001525879,70.430400390625,66.40690017700196,61.91545013427734,0.012190654223425202,0.015602210978755263,0.014731178898792552,0.0189533591197591,-0.02465440814969777,0.05981564009590001,0.45419020544079386,0.008158258771482737,-0.0007976277269354339,47.564458221570284,1.5154399342380458,2.11214064448437,1.2942859104701452,14.465378626661133,772359000.0,Bull / Normal,0.014711865091646015,1
2021-04-29,75.37999725341797,75.9000015258789,74.63999938964844,75.87000274658203,7940400,0.014711865091646015,0.01460469543611795,2021,4,2,3,75.84400024414063,70.70600044250489,66.57290019989014,62.008800144195554,0.009360582270616776,0.014967553649402738,0.0148133942195256,0.018960480888335032,0.01335648408328205,0.08123136278147047,0.5949601025917299,0.016607382240897996,0.008158360809664813,51.2866060421844,1.4286790027659038,1.9754483161406768,1.327857426234654,31.761070418345092,780299400.0,Bull / Normal,-0.001054459314070444,0
2021-04-30,75.55999755859375,75.91999816894531,75.19000244140625,75.79000091552734,7825300,-0.001054459314070444,-0.0010550156474145947,2021,4,2,4,76.04300041198731,70.98040046691895,66.73120021820068,62.10465015411377,0.00950704918257554,0.014452084104655403,0.014124594911572771,0.018949712454511627,0.010937704167967466,0.055424084281385566,0.5984505123342996,0.009631821067698469,-0.004086004702329434,48.473626708674225,1.3380407593600978,1.8479668047845612,1.3092853001185827,30.50318011367317,772474100.0,Bull / Normal,0.020319315172508956,1
2021-05-03,76.27999877929688,77.4800033569336,76.08000183105469,77.33000183105469,15319600,0.020319315172508956,0.02011563239566725,2021,5,2,0,76.20150032043458,71.30440048217774,66.90650024414063,62.21220016479492,0.010908512063797664,0.01638417228131546,0.012965906314156833,0.018969052627868153,0.03798660175912327,0.04274538851681542,1.216671213418995,0.01810424793390713,0.006465204616050398,52.796624963631075,1.3746286387353877,1.7532991715747266,1.3507140023367745,54.71702866300872,787793700.0,Bull / Normal,0.01551787042322661,1
2021-05-04,77.06999969482422,78.69999694824219,76.93000030517578,78.52999877929688,15316500,0.01551787042322661,0.015398699542969622,2021,5,2,1,76.41400032043457,71.58600051879883,67.10150024414062,62.330350151062014,0.011493041122049994,0.017130064089843883,0.013302608747951077,0.019032331795023817,0.04400422101671975,0.057215940627943995,1.213453396544512,0.022539114613268484,-0.003362241433777587,56.65369372578706,1.4833553248437852,1.6993104022285386,1.4164281572614397,73.58490339699958,803110200.0,Bull / Normal,0.008404478191375908,1
2021-05-05,78.97000122070312,79.83000183105469,78.41999816894531,79.19000244140625,12271900,0.008404478191375908,0.008369357209684396,2021,5,2,2,76.67000045776368,71.87980056762696,67.29610027313232,62.44930015563965,0.008237179930802458,0.013108466596801675,0.013286487084197336,0.01898231040066752,0.059114698365440255,0.06912383917479348,0.9725713158073054,0.017805324139908388,0.005602985460917253,53.737547580740724,1.6042855810246834,1.6803054379877678,1.393571036202567,83.96231847200995,815382100.0,Bull / Normal,0.006945263359099174,1
2021-05-06,79.18000030517578,79.95999908447266,78.55999755859375,79.73999786376953,14089700,0.006945263359099174,0.006921256111210535,2021,5,2,3,76.8930004119873,72.1806005859375,67.49870025634766,62.568450145721435,0.008231188046164592,0.009165012487503352,0.012968602375564067,0.01897549379211642,0.05100823747316707,0.059245472327228876,1.1140661155783205,0.01755708005248151,-0.00012630554264560687,53.31098447325523,1.7246233301751772,1.6891690164252497,1.387857164655413,92.61004440882995,829471800.0,Bull / Normal,0.008276946072119928,1
2021-05-07,79.80999755859375,80.54000091552734,78.58000183105469,80.4000015258789,14073400,0.008276946072119928,0.008242880000253501,2021,5,2,4,77.13400039672851,72.48260055541992,67.69660026550292,62.69040016174316,0.0057850713263541366,0.009003699194017676,0.013021813225348457,0.018935677873068657,0.060825973804772726,0.06377347946614842,1.1093226805228873,0.0243780976029183,0.0008778492187046275,56.65859802719609,1.8519010801316966,1.7217154291665393,1.3942854745047433,97.9073342517494,843545200.0,Bull / Normal,-0.0031094526773053355,0
2021-05-10,78.7699966430664,80.72000122070312,78.5999984741211,80.1500015258789,17356700,-0.0031094526773053355,-0.0031142970701615825,2021,5,2,0,77.33550033569335,72.79540054321289,67.89050029754638,62.81235017776489,0.0066735861371115856,0.008527036353221343,0.013059188479802598,0.018881285833239957,0.03646708428877532,0.05294270407101154,1.332816794227253,0.026450439254171728,-0.020273692187528617,53.744868215652374,1.9105728092414438,1.7594869051815203,1.4907144818987166,91.70306452777176,826188500.0,Bull / Normal,-0.030692439646159864,0
2021-05-11,79.75,79.9000015258789,77.25,77.69000244140625,12980400,-0.030692439646159864,-0.031173317706049114,2021,5,2,1,77.38650054931641,73.02580062866211,68.04880031585694,62.922550182342526,0.016720999987455874,0.014662725924583066,0.014974175673786836,0.01941112989430939,-0.01069650262253763,0.013303825444384687,0.997382144643616,0.03410994262585505,-0.0049906614880070015,54.28095418690283,1.738528535460759,1.7552952312373682,1.497143336704799,55.89523190795867,813208100.0,Bull / Normal,-0.01209940033294754,0
2021-05-12,77.56999969482422,78.19000244140625,76.52999877929688,76.75,12302600,-0.01209940033294754,-0.012173193919996588,2021,5,2,2,77.3830005645752,73.22760055541993,68.18850032806397,63.02960018157959,0.01602024754570654,0.015211862234304995,0.015242920560624583,0.01936902952855124,-0.03081200108828941,-0.0009112170671999875,0.9468589589908155,0.021628712209894138,-0.0015446356392193094,58.407847210327375,1.5089377725237085,1.7060237394946363,1.4792861938476562,42.21252352950975,800905500.0,Bull / Normal,0.01811074123320444,1
2021-05-13,77.52999877929688,78.44000244140625,76.87999725341797,78.13999938964844,11399300,0.01811074123320444,0.017948695348617715,2021,5,2,3,77.37550048828125,73.4522004699707,68.33380031585693,63.14355018615723,0.018831095701921985,0.015543873530284939,0.015177014517403851,0.019448084396901627,-0.020065193340669363,-0.0019159729738763565,0.8848450882648364,0.01996423342940213,0.010162850544584691,62.71048107337547,1.4227462397954298,1.649368239554795,1.5178576878138952,60.42944569910718,812304800.0,Bull / Normal,0.009598157228797755,1
2021-05-14,78.12000274658203,79.05000305175781,78.12000274658203,78.88999938964844,9033400,0.009598157228797755,0.009552387554332256,2021,5,2,4,77.37250061035157,73.71780044555663,68.47210033416748,63.25950017929077,0.019052696427949246,0.015595365239406142,0.015213306026137694,0.01945267045849911,-0.018781120740954615,-0.000759943773437799,0.7131001986535136,0.011788570317796343,-0.0002559078989326854,67.21566327782332,1.398832688628886,1.5992611293696133,1.5242859976632255,71.84612567608173,821338200.0,Bull / Normal,0.0024084477484629385,1
2021-05-17,78.87999725341797,79.52999877929688,78.8499984741211,79.08000183105469,6637900,0.0024084477484629385,0.0024055520866192825,2021,5,2,0,77.3890007019043,73.90000045776367,68.61810031890869,63.378650188446045,0.019249785532271062,0.01452058494644295,0.015208881280786098,0.019288268000091327,-0.013349964746772192,0.004190499441964368,0.5530974926091463,0.008598890862806548,-0.0001267858576226733,65.79376188579398,1.3793127770450013,1.555271458904691,1.486428941999163,73.02633395154834,827976100.0,Bull / Normal,-0.004931706886927345,0
2021-05-18,78.98999786376953,79.47000122070312,78.38999938964844,78.69000244140625,6643100,-0.004931706886927345,-0.00494390788436159,2021,5,2,1,77.36150093078614,74.0306004333496,68.75350032806396,63.49485019683838,0.011857397288334735,0.01388391683606423,0.015185543712413364,0.018178744148938858,0.012871669051036427,-0.006940881337589633,0.5675263298181346,0.01372476550447273,-0.001138138153783043,66.11842992727613,1.3171896724754788,1.5076551016188486,1.520001002720424,66.6118722377961,821333000.0,Bull / Normal,0.0006353465600730246,1
2021-05-19,77.80999755859375,78.7699966430664,77.55000305175781,78.73999786376953,8165000,0.0006353465600730246,0.0006351448128957202,2021,5,2,2,77.46550064086914,74.15260040283204,68.88790027618408,63.60865018844604,0.008906527471909866,0.01359380591406892,0.013143747487525552,0.018179109430259018,0.025928310928593268,0.027132717222765113,0.7303239633022272,0.015493950017872007,-0.011183185354045003,62.916268944726376,1.2574952547536782,1.4576231322458146,1.5171432495117188,64.19522976485456,829498000.0,Bull / Normal,-0.0002539578817489785,0
2021-05-20,78.94999694824219,79.31999969482422,78.68000030517578,78.72000122070312,8802700,-0.0002539578817489785,-0.00025399013451250763,2021,5,2,3,77.65800056457519,74.28460037231446,69.02550029754639,63.72225019454956,0.005281947863861066,0.013344886920885713,0.011798522307459359,0.018185494062020097,0.007422598356604526,0.05142244334025814,0.8164527845485473,0.00813007342129105,0.0026669937791461724,63.25792542522672,1.1948005200005127,1.4050586097967543,1.5107149396623885,56.89654605425421,820695300.0,Bull / Normal,0.0039379770552165905,1
2021-05-21,79.19000244140625,79.8499984741211,78.9800033569336,79.02999877929688,8629000,0.0039379770552165905,0.003930243519913835,2021,5,2,4,77.86100044250489,74.5170002746582,69.16710025787353,63.839900188446045,0.0033709411423218064,0.013070016398117253,0.011798463968150152,0.0181695080361888,0.0017746151696231838,0.05415496188457536,0.8079697711251698,0.011008416178989093,0.005970543869599383,58.655795936062205,1.1567939032013612,1.3554056684776756,1.4707145690917969,59.66583635595566,829324300.0,Bull / Normal,0.004428678723613855,1
2021-05-24,79.48999786376953,79.87999725341797,79.13999938964844,79.37999725341797,7044700,0.004428678723613855,0.004418900983678955,2021,5,2,0,78.10500030517578,74.76140014648438,69.31630023956299,63.96040018081665,0.0037748465104589044,0.013192630892065507,0.011611119155458592,0.018056296528013754,0.0037935687331442924,0.06550331883782512,0.6669866824212884,0.009322220828593795,0.005820562970743207,54.73801048723542,1.1417539090213467,1.31267531658641,1.4050004141671317,68.019017028653,836369000.0,Bull / Normal,-0.0069286399772405804,0
2021-05-25,79.61000061035156,79.68000030517578,78.6500015258789,78.83000183105469,7160600,-0.0069286399772405804,-0.0069527544547818764,2021,5,2,1,78.28550033569336,74.9834001159668,69.46060024261475,64.07840019226074,0.004553378519940552,0.008550624808789348,0.011720346589065211,0.01786983735723677,0.0017791254963130942,0.04799256250687178,0.6848971783835486,0.013066075800737988,0.0028974976680751926,47.968390487868724,1.0730847185320158,1.2647571969755311,1.3778572082519531,54.8926422817521,829208400.0,Bull / Normal,0.005454779845081692,1
2021-05-26,78.58999633789062,79.37000274658203,78.55000305175781,79.26000213623047,12851100,0.005454779845081692,0.005439956414769199,2021,5,2,2,78.51000061035157,75.23160018920899,69.60630023956298,64.20000020980835,0.0051022346782770255,0.007135448299590206,0.011567220405765431,0.017863607374854262,0.006604067647558498,0.0600508986859829,1.1907805338409856,0.010345693574608036,-0.003044595808565788,47.254025950445545,1.041357203677947,1.2200771983160144,1.336428506033761,65.15517341840376,842059500.0,Bull / Normal,-0.003532661768234857,0
2021-05-27,79.5,80.05000305175781,78.83999633789062,78.9800033569336,12867800,-0.003532661768234857,-0.0035389163523840274,2021,5,2,3,78.66550064086914,75.4868002319336,69.75860027313233,64.3235502243042,0.005547592560054434,0.005124850920820144,0.011310199743930237,0.017883478425797912,0.003302872614312058,0.04099117566582233,1.1657162839090514,0.015320418617847045,0.003027982050227905,41.50717310359933,0.9822960606013282,1.1725209707730773,1.2828576224190849,58.472628880245885,829191700.0,Bull / Normal,-0.0030388134079889495,0
2021-05-28,78.94999694824219,79.36000061035156,78.66999816894531,78.73999786376953,6929700,-0.0030388134079889495,-0.003043439976683274,2021,5,2,4,78.81300048828125,75.7268002319336,69.91640026092529,64.44640022277832,0.00539610775134308,0.0042798584182257675,0.011347709236716673,0.01766000927075526,-0.0036695042389816024,0.038923300073978595,0.6303305831356074,0.00876304876969954,-0.0003799241252978753,41.55685504134497,0.9056830908091058,1.119153394780283,1.1807147434779577,62.78398869463819,822262000.0,Bull / Normal,0.010541044622463636,1
2021-06-01,79.58000183105469,79.83000183105469,78.4800033569336,79.56999969482422,10485300,0.010541044622463636,0.010485875168721489,2021,6,2,1,78.92500038146973,75.99300018310547,70.08640026092529,64.57415021896362,0.007234339464086395,0.005441761770845723,0.010708270544820871,0.015623388379842462,0.0023935808513531054,0.028966737498123063,0.9751916845547449,0.01696617417743822,0.010668072010091652,63.98808814229743,0.9015484817305861,1.0756324121703436,1.070000239780971,86.36355754767283,832747300.0,Bull / Normal,0.008797247089693316,1
2021-06-02,79.69999694824219,80.93000030517578,79.51000213623047,80.2699966430664,12249300,0.008797247089693316,0.008758776768827614,2021,6,2,2,79.0120002746582,76.27200012207031,70.25840023040772,64.70450019836426,0.006587271294151476,0.00561154352018615,0.010343940240403323,0.01517840212294555,0.01826709093699952,0.02215711054140823,1.1557382617458023,0.017690273182140087,0.0016337470644281612,77.1605178107836,0.9438752712669469,1.0492809839896644,1.0528569902692522,83.70362556090136,844996600.0,Bull / Normal,0.010215519236539627,1
2021-06-03,79.80000305175781,81.45999908447266,79.6500015258789,81.08999633789062,12038700,0.010215519236539627,0.010163693472458005,2021,6,2,3,79.10699996948242,76.5484001159668,70.43550018310548,64.84000017166137,0.007227353352846329,0.006144380752712449,0.010418469865909233,0.015204295505113914,0.02308849548748171,0.02399285058603451,1.137118849307926,0.022320848937416947,-0.005855158975507333,74.95772196934294,1.0316939535817795,1.0457635779080874,1.0614280700683594,90.53700455227506,857035300.0,Bull / Normal,0.022197596905263683,1
2021-06-04,81.41999816894531,83.95999908447266,81.37000274658203,82.88999938964844,14502900,0.022197596905263683,0.02195481644462574,2021,6,2,4,79.26450004577637,76.86960006713868,70.63410018920898,64.97855016708374,0.008947713885786994,0.008492048803505594,0.011372731107727328,0.015377532199398847,0.049506151766598894,0.039503406198486246,1.3672075326555855,0.03124618599302429,0.004069575113551815,78.73566746322321,1.232330555494812,1.0830769734254324,1.1999996730259486,83.30732672277429,871538200.0,Bull / Normal,0.012667427427788702,1
2021-06-07,82.94000244140625,84.25,82.8499984741211,83.94000244140625,10445600,0.012667427427788702,0.01258786675053687,2021,6,2,0,79.44150009155274,77.17580017089844,70.8493002319336,65.11725017547607,0.005387526555791997,0.008790503084868721,0.011541377775351873,0.01259882524214683,0.06604019200804911,0.044029861297799844,1.001852049003049,0.01667859763116123,0.00060324589366636,81.07420422992794,1.4592417485242066,1.1583099284451874,1.2514283316476005,95.37316865979945,881983800.0,Bull / Normal,0.007981869781490625,1
2021-06-08,84.02999877929688,85.02999877929688,84.0,84.61000061035156,10726800,0.007981869781490625,0.007950183159534654,2021,6,2,1,79.66450004577636,77.46300018310546,71.0748002243042,65.26400018692017,0.005773476917663226,0.008788140254146665,0.011538273358817014,0.012572049499942527,0.0633404666941979,0.05564565189724435,1.0626070167843924,0.012173487434898569,0.0010721507657025188,86.5432398778542,1.6738387850468825,1.2614156997655266,1.2521422249930245,94.38504801013445,892710600.0,Bull / Normal,-0.001063750935301866,0
2021-06-09,84.5999984741211,84.83000183105469,84.02999877929688,84.5199966430664,9720300,-0.001063750935301866,-0.0010643171198832424,2021,6,2,2,80.00599975585938,77.73080017089843,71.30400020599365,65.41065017700195,0.008390820757440123,0.007953203989844152,0.008523296490880017,0.012573896103356514,0.05294630843076176,0.08791342498426791,0.9787057519339414,0.009465251816517207,-0.00011821458643560208,85.50368066763768,1.8157154768405093,1.372275655180523,1.2221429007393974,92.2137024021544,882990300.0,Bull / Normal,-0.02626589776953936,0
2021-06-10,84.16000366210938,84.45999908447266,81.70999908447266,82.30000305175781,16680800,-0.02626589776953936,-0.026617008266310672,2021,6,2,3,80.28349990844727,77.96580017089843,71.50920024871826,65.54210020065308,0.018437592317645607,0.013225776789818221,0.010347504353898817,0.012983981331712188,0.014921775416356642,0.07231274334537874,1.6433152393430994,0.0334143365495448,-0.004259264023368407,67.31142697766667,1.7290870089751138,1.4436379259394414,1.3771427699497767,58.320646786741385,866309500.0,Bull / Normal,0.007290382161271092,1
2021-06-11,81.9800033569336,83.23999786376953,81.83999633789062,82.9000015258789,11066500,0.007290382161271092,0.007263935783588207,2021,6,2,4,80.5215000152588,78.22040023803712,71.72530025482178,65.67615020751953,0.015558584118694622,0.012995341722944967,0.009815196113610473,0.012879695043593953,0.00012066758721340776,0.06091633188393719,1.0920105071412642,0.01688783474197968,-0.003888209999493846,68.20321611718983,1.6893741331247156,1.4927851673764962,1.3964287894112724,67.4809352362959,877376000.0,Bull / Normal,-0.003377548542136899,0
2021-06-14,83.0,83.0999984741211,82.12999725341797,82.62000274658203,10173200,-0.003377548542136899,-0.003383265335341512,2021,6,2,0,80.70800018310547,78.43660034179688,71.93590026855469,65.8018002128601,0.013889287200968721,0.01301884784434809,0.009785388789544141,0.012901870341424393,-0.01572551413428458,0.047281067128807974,0.9982484631122407,0.011740513053217657,0.0012062541891495286,65.34093864693813,1.6166718447723696,1.517562502855671,1.4050004141671317,63.20614172512961,867202800.0,Bull / Normal,-0.011861574974035394,0
2021-06-15,82.0,82.51000213623047,81.3499984741211,81.63999938964844,17298000,-0.011861574974035394,-0.011932484746656844,2021,6,2,1,80.83600006103515,78.58620025634765,72.14020027160645,65.92410020828247,0.012721737869954395,0.01384149432405899,0.010288828120320045,0.012982186937096843,-0.035102247952705556,0.03237224961201801,1.6130092581584112,0.01420876617812001,-0.007504269256486809,62.7843319111242,1.4631108457121798,1.5066721714269729,1.4221436636788505,48.24424795666035,849904800.0,Bull / Normal,-0.05585494356546916,0
2021-06-16,77.98999786376953,78.55000305175781,75.9000015258789,77.08000183105469,36560600,-0.05585494356546916,-0.057475463164094645,2021,6,2,2,80.75550003051758,78.64220031738282,72.30740028381348,66.02010021209716,0.024456188522699554,0.022833656316222466,0.01645510207538756,0.015078318154597403,-0.08802644471735266,-0.020460040162667337,2.9918829322262894,0.034379884054585606,-0.04470849526171982,42.79100559135618,0.9623654047861692,1.3978108180988122,1.7735721043178014,12.924432203241114,813344200.0,Bull / High Vol,0.006227240738669426,1
2021-06-17,76.98999786376953,77.73999786376953,76.55999755859375,77.55999755859375,14836100,0.006227240738669426,0.006207931595388574,2021,6,2,3,80.69650001525879,78.71200027465821,72.47400024414063,66.12180019378663,0.025984602797011973,0.022595098578057395,0.016529926353831062,0.015007874415216498,-0.057594232289190916,-0.014986034254373948,1.1818311807438333,0.01521403226301463,-0.001167669501129859,45.36551623163679,0.5973666084821758,1.237721976175485,1.7714287894112724,18.181780198163764,828180300.0,Bull / High Vol,-0.017147940220799907,0
2021-06-18,76.9000015258789,76.91000366210938,75.97000122070312,76.2300033569336,22521200,-0.017147940220799907,-0.01729666885971346,2021,6,2,4,80.5720001220703,78.73100036621094,72.61830028533936,66.21465021133423,0.023766707333223402,0.020844368759098824,0.016936778866964583,0.01517753476324211,-0.08045836002624362,-0.0316310699334017,1.7010727819442104,0.012331134724012194,-0.008509490117199151,42.35223558619921,0.19849489035109968,1.0298765590106078,1.8357140677315849,3.614478974034146,805659100.0,Bull / High Vol,0.023087950010904246,1
2021-06-21,76.61000061035156,78.0999984741211,76.55000305175781,77.98999786376953,8924300,0.023087950010904246,0.022825455914233905,2021,6,2,0,80.52000007629394,78.77920028686523,72.77270027160644,66.3094502067566,0.02961929802932669,0.02221555097829876,0.017778780231332367,0.015079582973234381,-0.05603975706723208,-0.013159571448706497,0.6733199161773554,0.0198742847136727,0.00498487782610606,45.444049725755086,0.024124930647261067,0.8287262333379386,1.872856685093471,22.891533040803484,814583400.0,Bull / High Vol,0.008847319660291841,1
2021-06-22,78.05999755859375,79.19000244140625,77.66000366210938,78.68000030517578,9845800,0.008847319660291841,0.00880841144822951,2021,6,2,1,80.48500022888183,78.83040023803711,72.94730026245117,66.41735021591187,0.030907779276466894,0.02228241190515765,0.017870587758443635,0.01484381023451599,-0.03625672595053897,-0.00881830401187178,0.7350777163002278,0.019445841044261253,0.0008975470796459311,45.41258635354281,-0.05772170833213863,0.6514366450039232,1.880713871547154,30.449064793049477,824429200.0,Bull / High Vol,-0.007371655170374081,0
2021-06-23,78.76000213623047,78.87000274658203,78.05999755859375,78.0999984741211,7295900,-0.007371655170374081,-0.007398960091415915,2021,6,2,2,80.44850006103516,78.85900024414063,73.12400024414063,66.52920021057129,0.015502212389045788,0.022184386907480896,0.017879524215984592,0.014826914454043128,0.013232960804827831,-0.009260476214349334,0.544429723315321,0.010371385452160814,0.0010168000857191757,41.25219473584823,-0.1674567230202797,0.48765797139908257,1.8092858450753349,24.096359365481533,817133300.0,Bull / High Vol,-0.004609482937068865,0
2021-06-24,78.6500015258789,78.95999908447266,77.61000061035156,77.73999786376953,9624000,-0.004609482937068865,-0.004620139363228739,2021,6,2,3,80.37249984741212,78.87740020751953,73.28630023956299,66.64130020141602,0.01564763596858099,0.021199577152452756,0.017850331391802837,0.014794140207965408,0.002320787916990197,-0.019177444253009046,0.7269079823922705,0.01736555841546088,0.00704229273371957,33.54630656542882,-0.2802411083108751,0.334078155457091,1.700714111328125,20.153306587269686,807509300.0,Bull / High Vol,0.009261657325548844,1
2021-06-25,78.02999877929688,78.61000061035156,77.55999755859375,78.45999908447266,12845000,0.009261657325548844,0.009219031167782592,2021,6,2,4,80.34649963378907,78.88080017089844,73.44720024108886,66.74885019302369,0.012267670582739872,0.021340186718434417,0.017976568621760412,0.014795617920378963,0.029253517372910265,-0.0065839991182437,0.9702760886807418,0.013382654397272476,0.003730395208339692,32.11485338051743,-0.3079753172624038,0.20566746091319207,1.6757142203194755,28.03941214369338,820354300.0,Bull / High Vol,0.0005098255925835016,1
2021-06-28,78.48999786376953,78.97000122070312,78.33000183105469,78.5,5605400,0.0005098255925835016,0.0005096956756708441,2021,6,2,0,80.33449974060059,78.87180023193359,73.61050025939942,66.8547001838684,0.0076008255915773915,0.021413969788287267,0.01796431095568923,0.014527104214563437,0.0065393274804459445,-0.003047979048523164,0.4255449984569875,0.008152858466859076,0.00038234488461537337,29.2035196001342,-0.32300375190015984,0.0999332183505217,1.6435715811593192,29.115323463249474,825959700.0,Bull / High Vol,-0.005095560839221691,0
2021-06-29,78.54000091552734,78.58999633789062,77.81999969482422,78.0999984741211,5392900,-0.005095560839221691,-0.005108587480224613,2021,6,2,1,80.26099967956543,78.85880020141602,73.75800025939941,66.96020017623901,0.0066505329762037565,0.021275703732188365,0.017821264460731397,0.01396282272719749,-0.007371655170374081,-0.018474314771157907,0.41748257134706623,0.009859112139695486,0.0005095658028960987,28.599984334293964,-0.36300616569616295,0.007345341541184769,1.6414282662527901,25.700906258244384,820566800.0,Bull / High Vol,-0.0033290927184412844,0
2021-06-30,77.58999633789062,78.20999908447266,77.58000183105469,77.83999633789062,7899800,-0.0033290927184412844,-0.003334646477015707,2021,6,2,2,80.13949966430664,78.83080017089844,73.90040023803711,67.05210016250611,0.005962469463651278,0.011215358265408721,0.017684094766624803,0.01397347546615523,-0.0033290927184412844,-0.030272834269336912,0.6220221902192015,0.008093490275657957,-0.006530117108766155,32.898738457901985,-0.4109511769370897,-0.07631396215447013,1.4857139587402344,26.43046021694932,812667000.0,Bull / High Vol,0.02183973095601499,1
2021-07-01,77.9800033569336,79.62000274658203,77.91000366210938,79.54000091552734,13108000,0.02183973095601499,0.02160466045869802,2021,7,3,3,80.06199989318847,78.8884001159668,74.06470024108887,67.1451001739502,0.011096579985676586,0.012967764902440546,0.01826683225891289,0.014223253852193652,0.023154143313871778,-0.019114508476540948,1.0277838000165442,0.02149860529029539,0.0017986514083996267,38.11880921009325,-0.3082188271071118,-0.12269493514499846,1.512857164655413,50.55556850669374,825775000.0,Bull / High Vol,0.028664807053727204,1
2021-07-02,79.44999694824219,82.26000213623047,79.3499984741211,81.81999969482422,15258100,0.028664807053727204,0.028261657481588803,2021,7,3,4,80.00849990844726,79.02740005493165,74.24620025634766,67.25205017089844,0.015597883286281939,0.013304322584380702,0.018746372531092067,0.014530068058422154,0.042824377384125034,-0.012908670559814817,1.1928391034142822,0.03556592120463496,-0.0011315560252600674,47.52167570628627,-0.04233780906726281,-0.10662350992945134,1.6514287676130022,89.56123483066439,841033100.0,Bull / High Vol,0.015399683951724308,1
2021-07-06,81.5999984741211,83.62999725341797,81.36000061035156,83.08000183105469,14200400,0.015399683951724308,0.015282312276158993,2021,7,3,1,79.96549987792969,79.18960006713867,74.44430027008056,67.36655017852783,0.015100188072406743,0.012479506923726175,0.01885685582862057,0.014637559310827733,0.05834397237012334,-0.010245420363811375,1.0940927972583732,0.027323021100583298,-0.0026888440665325725,54.38490439094472,0.26696900293181614,-0.031905007357197854,1.7228567940848214,92.88491945210455,855233500.0,Bull / High Vol,0.036230072706989525,1
2021-07-07,83.16999816894531,87.16999816894531,82.95999908447266,86.08999633789062,20976600,0.036230072706989525,0.035589197084143716,2021,7,3,2,80.03949966430665,79.42139999389649,74.67820022583008,67.49825016021728,0.015058242906101495,0.015669727195757346,0.020499611143296854,0.015288581547841903,0.10230471216228088,0.017491971597480394,1.554784461049783,0.04890230298011661,0.00108324910817449,80.29588925830153,0.7463745399102351,0.12375090209628872,1.6135711669921875,90.35712388096506,876210100.0,Bull / High Vol,-0.005807875726206002,0
2021-07-08,85.0199966430664,86.88999938964844,84.66000366210938,85.58999633789062,16383300,-0.005807875726206002,-0.0058248070248444715,2021,7,3,3,80.09299964904785,79.62879989624024,74.90330017089843,67.62210014343262,0.01601865372798823,0.015493337542903649,0.02055296766977767,0.01530810504292541,0.0995632112617082,0.012659722400876205,1.1850663970062485,0.026054396809827237,-0.012428850509234856,76.9644026475896,1.0735854359484875,0.3137178088667285,1.688570840018136,85.8928369502577,859826800.0,Bull / High Vol,0.02535349796923847,1
2021-07-09,85.87999725341797,88.4000015258789,85.77999877929688,87.76000213623047,15685300,0.02535349796923847,0.025037429201839836,2021,7,3,4,80.36599960327149,79.88860000610352,75.15950019836426,67.75780015945435,0.016235442179046832,0.015400117289852754,0.020209247232646915,0.015603369399235836,0.10334424347609561,0.06634263526137296,1.1386771126285116,0.02985417824528972,0.003388257132089169,86.64968444497043,1.4908185328722396,0.5491379536678308,1.775714329310826,94.59916057334425,875512100.0,Bull / High Vol,-0.007748408028981246,0
2021-07-12,87.52999877929688,88.8499984741211,86.97000122070312,87.08000183105469,16076800,-0.007748408028981246,-0.007778582915090618,2021,7,3,0,80.57499961853027,80.11279998779297,75.40940021514892,67.89840017318726,0.019246697210551812,0.016661120443816974,0.02033675594283209,0.015498603257835449,0.06428748662734596,0.0504221981693318,1.14625217505072,0.021589311137881942,-0.0026208221437433185,81.02386878081373,1.7464761367970993,0.7886055902936846,1.7764287676130022,84.32244021670452,859435300.0,Bull / High Vol,-0.00011486146095718297,0
2021-07-13,86.69999694824219,87.93000030517578,86.52999877929688,87.06999969482422,12789300,-0.00011486146095718297,-0.00011486805803996145,2021,7,3,1,80.79749946594238,80.3383999633789,75.65940021514892,68.03725017547607,0.019937905892584193,0.016704277919226934,0.02029881904090555,0.015476770198329578,0.04802597226566374,0.053861011865268704,0.9034326669181441,0.016079034464061538,-0.004363859380133611,80.02859517726716,1.9260769251665835,1.0160998572682645,1.7671432495117188,84.23384734319366,846646000.0,Bull / High Vol,0.013896854125573066,1
2021-07-14,87.08000183105469,88.66999816894531,86.66000366210938,88.27999877929688,13330500,0.013896854125573066,0.013801178225329525,2021,7,3,2,81.1294994354248,80.55739990234375,75.93090019226074,68.17965017318726,0.014131929181335844,0.015783440839622232,0.020134501917595825,0.015544872362202141,0.025438524039550492,0.08133267319071491,0.9550460973358222,0.022768402068751664,0.00011487465562795122,84.8629819512733,2.141364342449137,1.241152754304439,1.8528567722865514,94.95128743488154,859976500.0,Bull / High Vol,-0.023108302489077026,0
2021-07-15,88.0999984741211,88.7699966430664,85.51000213623047,86.23999786376953,18306300,-0.023108302489077026,-0.023379485170980874,2021,7,3,3,81.58749923706054,80.7115998840332,76.14880020141601,68.31295015335083,0.018816611264305713,0.018908807992303246,0.01588422333776804,0.015868473736420818,0.007594363286485439,0.11883751706171308,1.4032923861175524,0.03780142147018189,-0.002038970408526946,76.10562859502103,2.122898692158941,1.4175019418753394,1.9892850603376115,76.88219310273057,841670200.0,Bull / High Vol,0.014494434496329367,1
2021-07-16,86.75,88.4800033569336,86.5199966430664,87.48999786376953,14617500,0.014494434496329367,0.014390394311394534,2021,7,3,4,82.08399925231933,80.87759979248047,76.37870018005371,68.45305013656616,0.015779133987490656,0.01855705275329892,0.016004431197624888,0.015307675265340178,-0.0030766210789490156,0.12802992029072757,1.1214624161444555,0.022402637578287626,0.005913754045264498,76.8589883820885,2.1839538243571326,1.5707923183716983,2.074285234723772,87.93255531989648,856287700.0,Bull / High Vol,-0.00582917498329405,0
2021-07-19,86.91000366210938,87.87000274658203,86.19000244140625,86.9800033569336,15619900,-0.00582917498329405,-0.005846230937512391,2021,7,3,0,82.62149925231934,81.02239990234375,76.60150024414062,68.58945014953613,0.015581318192957577,0.017837472312553285,0.015322342579299653,0.014973133861585877,-0.0011483517686999845,0.1410205893559393,1.2309548511713257,0.019314787771180977,-0.006629262953729452,74.53703765025332,2.1662173567379455,1.689877326044948,2.148571014404297,83.407314337241,840667800.0,Bull / High Vol,0.019314787771181008,1
2021-07-20,87.0999984741211,89.05000305175781,87.0199966430664,88.66000366210938,12813900,0.019314787771181008,0.019130624858190264,2021,7,3,1,83.15499954223633,81.18759994506836,76.83510025024414,68.7343501663208,0.017845118915440487,0.018100981264029484,0.015132365441705114,0.015126261354329016,0.018261214802550052,0.13681248994233686,0.994579599782206,0.02289652971849549,0.0013795713101445242,78.44828188631794,2.2616521445518885,1.8042322897463363,2.2414283752441406,96.59983131523563,853481700.0,Bull / High Vol,0.011617400594999827,1
2021-07-21,88.88999938964844,90.25,88.45999908447266,89.69000244140625,13108100,0.011617400594999827,0.011550436728409271,2021,7,3,2,83.70549964904785,81.37839996337891,77.0869002532959,68.88865016937255,0.017547850269847703,0.015051086367965696,0.015167233174957882,0.015118492714891723,0.015971949270575214,0.1399339361149723,1.0046946197741218,0.019957641507443783,0.0025941317171110805,80.65184940768592,2.3928143208793387,1.9219486959729368,2.3242857796805247,95.46193091748134,866589800.0,Bull / High Vol,0.01114951469260217,1
2021-07-22,90.0,91.13999938964844,89.68000030517578,90.69000244140624,13638900,0.01114951469260217,0.011087817029415668,2021,7,3,3,84.3349998474121,81.6383999633789,77.33210029602051,69.04430017471313,0.00950465374714104,0.014749643541500533,0.014825811036248707,0.015130448453217702,0.051600239887137134,0.1612036390942686,1.0205701885662974,0.01609878757491428,0.0034563223342118747,79.92486089560012,2.5480802502426627,2.0471750068268824,2.3014281136648997,96.18323228754326,880228700.0,Bull / Normal,-0.033079721239816395,0
2021-07-23,90.98999786376952,91.1999969482422,87.12000274658203,87.69000244140625,12680900,-0.033079721239816395,-0.03363922874722852,2021,7,3,4,84.83250007629394,81.85720001220703,77.54240028381348,69.1852001953125,0.02096765722939471,0.017504934799506988,0.017231831224184785,0.015799849652277504,0.0022860279177072673,0.12799080075964198,0.938155316569806,0.04652747277988035,0.00330792164833279,65.16796694953916,2.401373155011754,2.118014636463857,2.384998866489956,64.3293108421179,867547800.0,Bull / High Vol,0.0019386265732961316,1
2021-07-26,87.44000244140625,88.0999984741211,86.66999816894531,87.86000061035156,10454100,0.0019386265732961316,0.0019367498619043968,2021,7,3,0,85.3025001525879,82.0516000366211,77.7519002532959,69.32155019760131,0.02065443989198878,0.01729159495244747,0.017240725269329266,0.01572226974369163,0.010117236369913574,0.11980629155703348,0.7803139438543587,0.016275896827245187,-0.0028509521386665257,63.088719105329986,2.2726267302878824,2.148937055228662,2.3249991280691975,59.4660533520734,878001900.0,Bull / High Vol,-0.0006828768287838738,0
2021-07-27,87.76000213623047,88.5999984741211,87.12000274658203,87.80000305175781,8465200,-0.0006828768287838738,-0.0006831100953664603,2021,7,3,1,85.76750030517579,82.22980010986328,77.97380027770996,69.45610021591186,0.018312305781176978,0.017296698326079798,0.017262090348349957,0.015720890616884108,-0.009699983925436029,0.11847137645551364,0.6251860189109687,0.01685644278015127,-0.001138156993244,55.584608055366196,2.1410720141601303,2.147364047014956,2.1299988882882266,48.012272371997426,869536700.0,Bull / High Vol,-0.007061534453666751,0
2021-07-28,87.9000015258789,87.94999694824219,87.12000274658203,87.18000030517578,6396800,-0.007061534453666751,-0.00708658508836038,2021,7,3,2,86.22150039672852,82.3918000793457,78.14590026855468,69.58625020980836,0.01672432700876297,0.016819654254262448,0.017332585418105836,0.015594034216015212,-0.027985305696364926,0.11626122930160365,0.4706822457035198,0.00952046568885915,0.0011389347453911246,55.15231346674638,1.9641434902396924,2.1107199356599033,2.029998779296876,29.349730959682095,863139900.0,Bull / High Vol,0.005161699319419233,1
2021-07-29,87.68000030517578,88.26000213623047,87.33000183105469,87.62999725341797,6201400,0.005161699319419233,0.005148423414044937,2021,7,3,3,86.71100044250488,82.57059997558594,78.30060020446777,69.71710020065308,0.015391084538174114,0.014990466560837069,0.017204412959637202,0.015500266607149286,-0.03374137287034806,0.1257708296006408,0.45917368136764364,0.010612807649489079,0.005735260360744866,49.525875405398786,1.8390380671961282,2.0563835619671487,1.9064271109444764,37.258296136090195,869341300.0,Bull / High Vol,-0.005591668140220274,0
2021-07-30,87.41000366210938,88.1500015258789,86.87000274658203,87.13999938964844,7962800,-0.005591668140220274,-0.005607360039784421,2021,7,3,4,87.09100036621093,82.73860000610351,78.44560020446778,69.8479501914978,0.005104479175966243,0.01442083958953697,0.01697390737001714,0.015506771503473429,-0.006272129506728175,0.09554938881874553,0.60104292586863,0.014688992291282125,-0.00251048269090312,50.22188464255806,1.6809751504117543,1.98130187965607,1.863570077078684,28.64672653087487,861378500.0,Bull / High Vol,0.0052788511325982945,1
2021-08-02,87.7300033569336,87.93000030517578,87.08999633789062,87.5999984741211,5579100,0.0052788511325982945,0.005264966838604616,2021,8,3,0,87.38000030517578,82.91619995117188,78.60040016174317,69.98115018844605,0.005797217732115736,0.014375899401637011,0.016015281586685498,0.015498735064179495,-0.00295927765108428,0.0706428599469,0.4370843650149185,0.009589086551563255,0.006770759369034885,51.89691951281052,1.5746753545367795,1.899976574632212,1.8235702514648449,36.731076335580944,866957600.0,Bull / High Vol,0.024429217202334153,1
2021-08-03,87.87999725341797,90.16999816894533,87.80999755859375,89.73999786376953,9889800,0.024429217202334153,0.024135596219537328,2021,8,3,1,87.71300010681152,83.13039993286132,78.82370010375976,70.12725017547608,0.012586827748449613,0.015176293801307165,0.016487501450620196,0.015753323811009006,0.022095612125071273,0.08016364812145915,0.7881056592947945,0.026298202212286577,0.003196333152672287,54.89933030239569,1.6441592224182386,1.8488131041894174,1.8635706220354373,74.34094172826708,876847400.0,Bull / High Vol,0.0034544817847987908,1
2021-08-04,89.79000091552734,90.08999633789062,89.27999877929688,90.05000305175781,7509900,0.0034544817847987908,0.0034485287683831416,2021,8,3,2,87.91100044250489,83.34380004882813,79.05260009765625,70.27605018615722,0.010956868662586789,0.014774862909040266,0.014639890981870383,0.01574033453754053,0.03292042597540168,0.045998453738164136,0.6323865373134077,0.008994975359725304,0.0005571991636741512,64.46472256964219,1.7045910515960117,1.8199686936707362,1.6885708400181383,77.04600484261479,884357300.0,Bull / Normal,-0.00688509412071503,0
2021-08-05,90.18000030517578,90.5199966430664,88.76000213623047,89.43000030517578,8231300,-0.00688509412071503,-0.006908905741013078,2021,8,3,3,88.10300064086914,83.55580001831055,79.26960006713867,70.42510019302368,0.012546685583991,0.014427056398223293,0.014673439581785637,0.015191045066946952,0.020540946116343717,0.044865102600608386,0.7177693542578452,0.019680135310634426,0.0014436118713205435,57.73526108483479,1.683053478699179,1.7925856506764248,1.6542843409947008,64.67068695082747,876126000.0,Bull / Normal,0.0010063327472158434,1
2021-08-06,89.23999786376953,89.87999725341797,88.81999969482422,89.5199966430664,6513900,0.0010063327472158434,0.001005826733866866,2021,8,3,4,88.19100036621094,83.76099990844726,79.49630004882812,70.57395017623901,0.011577160357573581,0.00914513452821224,0.013633216882787505,0.015071868316364846,0.027312339569521393,0.02005463154050391,0.5916714202148725,0.0118409025730884,-0.0021245939925961686,60.47852437882102,1.6541784103217196,1.7649042026054838,1.6099984305245556,62.91389055436894,882639900.0,Bull / Normal,0.004244916187024161,1
2021-08-09,89.45999908447266,90.47000122070312,89.0999984741211,89.9000015258789,5798700,0.004244916187024161,0.0042359319462326,2021,8,3,0,88.33200035095214,83.97939987182617,79.73310005187989,70.72510019302368,0.011590358845752354,0.009169526463697822,0.013487348302427381,0.014936971868948197,0.02625574305731626,0.03238401051363482,0.5524984004920244,0.015239184909108793,-0.0006702140398080208,55.7301196799603,1.643018237312205,1.7405270095468282,1.5599986485072566,71.30252157451861,888438600.0,Bull / Normal,-0.0028921260491372447,0
2021-08-10,89.0999984741211,90.12000274658205,88.93000030517578,89.63999938964844,5473300,-0.0028921260491372447,-0.0028963163268370022,2021,8,3,1,88.46050033569335,84.19739990234375,79.96210006713868,70.87485019683838,0.004650396747618965,0.009276320145699842,0.01352107376533543,0.014922689315055668,-0.0011143133106922276,0.02951647759081122,0.5403265573272035,0.013275350842357155,-0.00889881021334044,49.75122867376112,1.5948097463112845,1.7113835568997195,1.5171416146414651,65.5629585216821,882965300.0,Bull / Normal,-0.0001115811724516913,0
2021-08-11,89.9000015258789,90.41999816894533,89.51000213623047,89.62999725341797,8009800,-0.0001115811724516913,-0.00011158739809382809,2021,8,3,2,88.52800025939942,84.39859985351562,80.19580001831055,71.02350017547607,0.004198571336143169,0.008758339378008061,0.013206602528380153,0.014925758007351067,-0.004664139745763629,0.015292234852609665,0.8120580965531785,0.010152806656257663,0.002900514703266426,44.15008509380536,1.5380671998014606,1.6767202854800678,1.4778556823730509,65.34216075290166,874955500.0,Bull / Normal,0.002008259630610576,1
2021-08-12,89.11000061035156,89.9800033569336,88.66999816894531,89.80999755859375,5687200,0.002008259630610576,0.002006245773020461,2021,8,3,3,88.70650024414063,84.58939987182617,80.43069999694825,71.18510015487671,0.0026372144492065007,0.008720928355708393,0.011942963555202836,0.014896418764570624,0.004249102673836935,0.04139610138283656,0.6159894937788549,0.014586407121697214,-0.005801591643433601,66.98712540806221,1.4904419560849647,1.6394646196010472,1.2799993242536303,81.55845802939596,880642700.0,Bull / Normal,0.0063467287642706705,1
2021-08-13,90.62000274658205,91.33999633789062,89.94999694824219,90.37999725341795,6640400,0.0063467287642706705,0.006326673095131959,2021,8,3,4,88.85100021362305,84.77519989013672,80.66180000305175,71.35160013198852,0.0036156890378096873,0.008297928024887718,0.011632798255470032,0.01490374785241262,0.009606798956668161,0.03303234038419389,0.7517062364086907,0.015379502455073055,0.009019098207410958,68.9758582772523,1.4816136985599115,1.6078944353928202,1.287142072405137,78.5234796233426,887283100.0,Bull / Normal,0.00486836086277509,1
2021-08-16,89.86000061035156,90.83999633789062,89.54000091552734,90.81999969482422,7122800,0.00486836086277509,0.004856548715713278,2021,8,3,0,89.04300003051758,84.93379989624023,80.90169998168945,71.52775012969971,0.0037250381546518035,0.00829019553870345,0.011514160168908369,0.014902897261090514,0.010233572339600983,0.04414803621164176,0.8470533951169681,0.01431397739189122,-0.005753448316759348,71.5099111318329,1.4929123958412305,1.5848980274825024,1.274284907749724,88.36694880105685,894405900.0,Bull / Normal,0.0014313725374894837,1
2021-08-17,90.98999786376952,91.77999877929688,90.37000274658205,90.9499969482422,6738500,0.0014313725374894837,0.0014303491003157844,2021,8,3,1,89.15749969482422,85.07399978637696,81.1248999786377,71.7024001121521,0.0026351328290148738,0.003925162798895754,0.010788751550900616,0.014902299545762573,0.014613984465790208,0.025828932907110858,0.8313854964963613,0.015502980539045313,0.0018718142426396242,78.86671472518438,1.4951215561395372,1.5669427332139094,1.315713609967915,83.09567206318603,901144400.0,Bull / Normal,-0.02209999531918405,0
2021-08-18,90.48999786376952,91.0500030517578,88.86000061035156,88.94000244140625,7666300,-0.02209999531918405,-0.022347858877307822,2021,8,3,2,89.11999969482422,85.16059982299805,81.31180000305176,71.86655012130737,0.011698153819309064,0.008291143507556732,0.011693322508113224,0.015232608712288582,-0.007698257649845108,-0.008362136019451794,0.9787113712338289,0.02462336835271633,-0.0050577141276262035,58.09644342132435,1.3194725153021238,1.5174486896315524,1.3949993678501684,42.15888731950096,893478100.0,Bull / Normal,-0.0025860507153135925,0
2021-08-19,88.29000091552734,89.38999938964844,88.2300033569336,88.70999908447266,8099400,-0.0025860507153135925,-0.002589400320543567,2021,8,3,3,89.02099952697753,85.24439987182618,81.48760002136231,72.02785011291503,0.011534056813370913,0.008072665981401005,0.011381312895333931,0.015199689244967104,-0.012248062621351585,-0.02183265303375459,1.071905008946438,0.013076271499115407,-0.00730831468446527,60.02552872224844,1.1484711754570043,1.443653186796643,1.386427743094309,34.5416184068401,885378700.0,Bull / Normal,0.0025927557130800416,1
2021-08-20,88.80000305175781,89.4000015258789,88.30000305175781,88.94000244140625,8716400,0.0025927557130800416,0.002589400320543572,2021,8,3,4,89.08349952697753,85.37719985961914,81.67150001525879,72.18855012893677,0.01092797225454924,0.008127040608737939,0.008535548106794091,0.015193422318536595,-0.015932671561983747,0.014254760693332535,1.1846387296297631,0.012367870968361776,0.0010145864977346177,58.81579964443067,1.019755622280087,1.3588736738933318,1.404998779296876,28.463590311248453,894095100.0,Bull / Normal,0.0020238396698308847,1
2021-08-23,89.48999786376953,89.56999969482422,88.70999908447266,89.12000274658203,7147300,0.0020238396698308847,0.002021794465305441,2021,8,3,0,89.14649963378906,85.5015998840332,81.86100006103516,72.35170013427734,0.010470064431400064,0.00800881066930972,0.00853619782219598,0.015175824398668568,-0.018718310437729202,0.014341021255149133,0.993713603656023,0.00964991678464177,0.006183892593499969,44.503603662099884,0.9216479554201129,1.271428530198688,1.2828559875488281,25.07043766991543,901242400.0,Bull / Normal,-0.006395867114648124,0
2021-08-24,89.20999908447266,89.6500015258789,88.47000122070312,88.55000305175781,6320100,-0.006395867114648124,-0.006416408305381953,2021,8,3,1,89.18399963378906,85.62019989013672,82.0284001159668,72.51115015029907,0.010083901376224804,0.008183216794224988,0.00868091837596543,0.01520136820536439,-0.026388059120553642,0.00854214093316008,0.8920067859189359,0.013325807617263057,0.0010098332037369307,37.28815531871429,0.7888098025333647,1.1749047846656233,1.3092847551618303,9.014087533983087,894922300.0,Bull / Normal,0.0007905103603813579,1
2021-08-25,88.55000305175781,88.9000015258789,88.05000305175781,88.62000274658203,5748500,0.0007905103603813579,0.0007901980716339124,2021,8,3,2,89.25599975585938,85.75979995727539,82.17300010681153,72.67025016784667,0.003757729832830762,0.008201404976390471,0.008498431989576345,0.015161376362832085,-0.003597927659548139,0.016517577843146114,0.8150611561717293,0.009591496815360652,0.0,42.429937995197086,0.6813290623655206,1.0761896402056028,1.2442850385393416,15.28151066275583,900670800.0,Bull / Normal,0.0011283961974932755,1
2021-08-26,88.80999755859375,89.18000030517578,88.45999908447266,88.72000122070312,9093200,0.0011283961974932755,0.0011277600370197497,2021,8,3,3,89.31049995422363,85.99259994506836,82.31740013122558,72.82965017318726,0.0036612740397501697,0.00816898547677337,0.008438468253877443,0.015134639537492754,0.00011275094503093719,0.012438708221489181,1.2633945287453099,0.00811543294405535,0.002143926947903944,42.537367606722434,0.5973331577494889,0.9804183437143801,1.2199995858328683,17.962437972746873,909764000.0,Bull / Normal,0.007100960829010461,1
2021-08-27,88.79000091552734,89.5199966430664,88.61000061035156,89.3499984741211,5426800,0.007100960829010461,0.00707586772672518,2021,8,3,4,89.42099990844727,86.2283999633789,82.47020011901856,72.99305017471313,0.004821939164784842,0.008249389002238655,0.008421450255125905,0.015110549185801589,0.004609804603782797,0.025361476933119853,0.7675123945727647,0.010184622812035197,0.0007889956476678235,45.09801254974068,0.5749733762546043,0.899329350222425,1.1871419634137834,34.8524641131688,915190800.0,Bull / Normal,0.0011191771217551327,1
2021-08-30,89.45999908447266,89.9800033569336,89.30000305175781,89.44999694824219,5357000,0.0011191771217551327,0.0011185513099262016,2021,8,3,0,89.51349983215331,86.49279983520508,82.61190010070801,73.15430015563965,0.004787463511115782,0.008029530801869727,0.008368869081603307,0.014869764684252147,0.0037028073551401697,0.021118704410338696,0.7588323868586152,0.007602015968421385,0.001231120450252974,48.25685735964007,0.5588797120360312,0.8312394225851463,1.1507132393973205,37.53339142315984,920547800.0,Bull / Normal,-0.003577414262063927,0
2021-08-31,89.44999694824219,89.5,88.48999786376953,89.12999725341797,8113300,-0.003577414262063927,-0.0035838285106505998,2021,8,3,1,89.48299980163574,86.71559982299804,82.74740005493165,73.31770013809204,0.0038000421457288812,0.007983173127154315,0.006357495647378301,0.014808522802159104,0.006549906060659749,-0.006797421716875696,1.163913836548814,0.011331786910738821,0.0,45.65971808300685,0.5143746751034541,0.7678664730888078,1.1578565325055783,28.95430130620293,912434500.0,Bull / Normal,0.009200041737831066,1
2021-09-01,89.26000213623047,90.16999816894533,88.87000274658203,89.94999694824219,8208000,0.009200041737831066,0.00915797914210828,2021,9,3,2,89.47799949645996,86.94099975585938,82.88569999694825,73.4829001235962,0.005137144265281095,0.004671883427997832,0.006659735978983202,0.014818936768942815,0.015007832999773374,-0.0011105619114543108,1.171632448851706,0.014452423195870938,0.0014585985282021823,51.093746274706135,0.5390573178333966,0.7221046420377257,1.1571415492466508,50.93823251475768,920642500.0,Bull / Normal,-0.001667525309319129,0
2021-09-02,90.16999816894533,90.5,89.41000366210938,89.80000305175781,7717400,-0.001667525309319129,-0.0016689171771795356,2021,9,3,3,89.49649963378906,87.17499984741211,83.01700004577637,73.64615013122558,0.005528295604888649,0.004598955183625662,0.006476933668022216,0.014820656135212877,0.012173149416083051,0.004137344798383236,1.1056581634590106,0.012138043439290157,0.0024458168779008336,45.15054050157644,0.54028714227168,0.6857411420845165,1.1257128034319186,46.91694382059244,912925100.0,Bull / Normal,0.0022271374325779636,1
2021-09-03,89.33999633789062,90.4800033569336,89.30000305175781,90.0,8456900,0.0022271374325779636,0.0022246610381716943,2021,9,3,4,89.52049980163574,87.42019989013671,83.14880004882812,73.81055013656616,0.004893103891826605,0.0045883717638835,0.006490407839409551,0.014378189928896657,0.007274779373020124,0.00536196799523414,1.1949727747307677,0.013111114501953125,-0.005122569022654204,42.8571238690452,0.5510477340158957,0.6588024604707924,1.1171417236328114,52.27879844057452,921382000.0,Bull / Normal,-0.014222208658854152,0
2021-09-07,90.04000091552734,90.66999816894533,88.54000091552734,88.72000122070312,11046000,-0.014222208658854152,-0.014324313529101195,2021,9,3,1,89.46149978637695,87.62539993286133,83.25310005187988,73.97290014266967,0.008580828066399855,0.006667382651025305,0.007175267298895283,0.014501434939815361,-0.008160936304575372,-0.013125698388738116,1.5050215071197628,0.024008084131100536,0.0004444546169704861,33.81712000212599,0.4510904860765379,0.6172600655919416,1.1685703822544653,22.33327229817719,910336000.0,Bull / Normal,0.00845356165104505,1
2021-09-08,88.13999938964844,89.5999984741211,87.97000122070312,89.47000122070312,8851200,0.00845356165104505,0.008418030402055106,2021,9,3,2,89.45299987792968,87.84479995727538,83.35830009460449,74.1380001449585,0.009525358869382234,0.006842286314305193,0.007431416723109084,0.01451807177373543,0.003814697383176746,-0.0018964543741947226,1.1788514748629022,0.01821836628119763,-0.006537441648719703,54.7069250095537,0.42746483044226125,0.5793010185620056,1.1285700116838748,55.555618348996866,919187200.0,Bull / Normal,0.0007823817354326579,1
2021-09-09,89.5999984741211,90.83000183105467,89.41000366210938,89.54000091552734,11034700,0.0007823817354326579,0.0007820758343865511,2021,9,3,3,89.44850006103516,88.07360000610352,83.46620010375976,74.30720014572144,0.008339181241048913,0.0068423217444471465,0.00743383190794291,0.014413216887385123,-0.004558043875763085,-0.0010040872548079394,1.4406422292635226,0.01585881342892697,0.0014529702877425213,57.58687350236135,0.4096673285445007,0.5453742805585047,1.147141592843193,54.895082509483665,930221900.0,Bull / Normal,0.00156354018558158,1
2021-09-10,89.6500015258789,90.5500030517578,89.51000213623047,89.68000030517578,10547400,0.00156354018558158,0.001562319129240356,2021,9,3,4,89.44200019836425,88.31040008544922,83.57060012817382,74.47520013809203,0.008388458708125294,0.006844227662791974,0.007428096704703849,0.012279025148140832,-0.0013363334354550283,-0.0014474697355731925,1.3346780418546855,0.011596798750984249,0.0012285080324640361,56.87732658314012,0.4022228857356396,0.5167440015939316,1.1428560529436385,59.79016501896707,940769300.0,Bull / Normal,-0.00880910919758049,0
2021-09-13,90.12000274658205,90.51000213623048,88.2300033569336,88.88999938964844,18883400,-0.00880910919758049,-0.008848138779631549,2021,9,3,0,89.36750030517578,88.49740005493165,83.69290008544922,74.63180013656616,0.009006491460034514,0.007136698629436263,0.007514181236624678,0.012356944625250795,-0.01233334011501741,-0.016485925083530195,2.2177332692874585,0.025649665822389502,0.004906360837521874,48.080099959369214,0.3287865924303901,0.47915251976122336,1.2442844935825903,32.16776128003089,921885900.0,Bull / Normal,-0.028124648635008742,0
2021-09-14,86.19000244140625,86.94999694824219,84.7300033569336,86.38999938964844,22714200,-0.028124648635008742,-0.028527722081493474,2021,9,3,1,89.146000289917,88.58880004882812,83.80810005187988,74.77670013427735,0.01419960995197206,0.01122387594195047,0.009549382611845795,0.012726240602359752,-0.02626241883449132,-0.048777805770332416,2.4438849617507503,0.025697344681016417,-0.030374586193962917,36.36358381948351,0.06807397981310714,0.3969368117716002,1.4571413312639518,27.213056523821916,899171700.0,Bull / Normal,0.01551110055275351,1
2021-09-15,86.55000305175781,88.36000061035156,86.16999816894531,87.7300033569336,14951100,0.01551110055275351,0.015392033098945565,2021,9,3,2,88.98500061035156,88.6818000793457,83.93570007324219,74.92655015945435,0.016120351413330018,0.012717463226233792,0.010337323671891574,0.012551518279622944,-0.019447835475908115,-0.035403998893381416,1.5405675259893683,0.024962981392991898,0.0018521086148838104,45.157776763106554,-0.030068907095781583,0.3115356679981238,1.5528559003557487,49.180340171023666,914122800.0,Bull / Normal,-0.005471370552451504,0
2021-09-16,87.66999816894531,87.97000122070312,86.19000244140625,87.25,12410500,-0.005471370552451504,-0.005486393322129991,2021,9,3,3,88.90050048828125,88.70500015258789,84.06320007324219,75.07420015335083,0.015915749580253987,0.012179715119638345,0.009223049172626951,0.012556029784910138,-0.025575171902083693,-0.019001601023337367,1.2482725047122651,0.020401132140938395,-0.000683975671859345,42.31973647076831,-0.14490968278154526,0.22024659784219003,1.6285700116838737,41.31143071194786,901712300.0,Bull / Normal,-0.009856740519788687,0
2021-09-17,86.20999908447266,87.56999969482422,85.94999694824219,86.38999938964844,58069000,-0.009856740519788687,-0.009905639776815687,2021,9,3,4,88.78450050354004,88.72100021362304,84.17490005493164,75.21245014190674,0.015541540629538048,0.012356015116334409,0.009433152768304708,0.012590853968730218,-0.03668600473161976,-0.02615262900200277,4.667693410778562,0.018752202315400708,-0.01191978126678904,34.89795680047956,-0.3018372943835459,0.11582981939704284,1.6792847769601014,27.213056523821916,843643300.0,Bull / Normal,-0.002546605188765483,0
2021-09-20,85.02999877929688,87.41000366210938,84.93000030517578,86.16999816894531,13897700,-0.002546605188765483,-0.0025498533033747363,2021,9,3,0,88.646000289917,88.68920013427734,84.28890007019044,75.34790012359619,0.015646562530245708,0.012188596462722173,0.009391968217482874,0.01257597233901946,-0.030599631447628006,-0.03114463904232312,1.094334229549788,0.028780357544760386,-0.015742569972914282,33.467745036662635,-0.438896491513745,0.004884557214885288,1.807856423514231,23.60647823308187,829745600.0,Bear / Normal,0.008703725379331617,1
2021-09-21,86.73999786376953,87.66000366210938,86.12000274658203,86.91999816894531,11124400,0.008703725379331617,0.008666066319906011,2021,9,3,1,88.53600006103515,88.68600006103516,84.39940002441406,75.4861501121521,0.010510543576479838,0.012264947150398699,0.009640797926498534,0.012570562900153879,0.00613495523835339,-0.024685867480194745,0.8624542002428182,0.017717452231580392,0.006614827746737033,39.323674346433535,-0.4814483241198815,-0.09238201905206807,1.8457134791782934,35.90156327583779,840870000.0,Bear / Normal,0.017487394207102103,1
2021-09-22,87.62000274658203,89.0,87.23999786376953,88.44000244140625,9908000,0.017487394207102103,0.017336249272219845,2021,9,3,2,88.53050003051757,88.71340011596679,84.52590003967285,75.62855012893677,0.011194950939634678,0.013399042377132636,0.010412222322938753,0.012731407777870582,0.008093001907044206,-0.001242242874766153,0.7576119624390242,0.019900521117652784,0.00805343525521168,43.16744755742067,-0.388046161844386,-0.15151484761053166,1.90142822265625,60.81967233618387,850778000.0,Bear / Normal,0.011080910227114993,1
2021-09-23,88.94000244140625,90.05999755859375,88.66000366210938,89.41999816894531,9720200,0.011080910227114993,0.01101996673434732,2021,9,3,3,88.57049980163575,88.73620010375977,84.64680000305175,75.7766501235962,0.011003415434921721,0.013942503474368434,0.010704042215065207,0.01274839282018425,0.024871039185619725,0.00902725567105822,0.7321346256398514,0.01565638475902563,0.005653550273602296,48.40065350746499,-0.23226935374117375,-0.16766574883666008,1.9392852783203125,76.88518008502417,860498200.0,Bear / Normal,0.0058153017569790855,1
2021-09-24,89.2699966430664,90.05999755859375,88.94000244140625,89.94000244140625,7617800,0.0058153017569790855,0.005798458158574305,2021,9,3,4,88.63149986267089,88.8102001953125,84.76090003967285,75.93120014190674,0.007347502917569891,0.014061368089249248,0.010769533804295699,0.012734144036096033,0.04109275468038942,0.013751140711418586,0.5769858552195566,0.012452691647603077,-0.00167749417300928,49.75410861245216,-0.06609323045837812,-0.14735124516100367,1.9349991934640067,85.4098424216957,868116000.0,Bear / Normal,0.012230358508581451,1
2021-09-27,89.77999877929688,91.30999755859376,89.1500015258789,91.04000091552734,11533000,0.012230358508581451,0.012156171946946738,2021,9,3,0,88.71599998474122,88.88120025634765,84.87940002441407,76.0877501487732,0.004351448027102109,0.014107784522561471,0.010987890168683753,0.012545701686052943,0.05651622200378692,0.018914409292303924,0.8537865541017733,0.02372579098191177,-0.0017790044225717422,59.65057153756267,0.1526041031598453,-0.08736017549683388,1.9371419634137834,95.89670393633024,879649000.0,Bear / Normal,-0.00604133398755291,0
2021-09-28,90.63999938964844,92.2699966430664,90.05000305175781,90.48999786376952,15041800,-0.00604133398755291,-0.006059656678664056,2021,9,3,1,88.76800003051758,88.95140014648437,84.98690002441407,76.24280014038087,0.008933993720002661,0.00987892048719989,0.011099718101404348,0.012103228377697532,0.041072247699375675,0.011626617674778572,1.0750055387606041,0.024533027336907886,-0.004393689827069014,54.314701153379616,0.2783342025420268,-0.01422129988906174,1.9792845589773995,76.39256811314971,864607200.0,Bear / Normal,0.008398741896034068,1
2021-09-29,91.1500015258789,92.08000183105467,91.0,91.25,12007300,0.008398741896034068,0.008363668706924461,2021,9,3,2,88.87400016784667,89.00320007324218,85.09540000915527,76.3960001373291,0.007331002281867903,0.009249358761432964,0.011183128341378964,0.012002756789028613,0.03177292493241901,0.023785513428821847,0.8463593430605484,0.011835636504708749,0.007293664246771324,56.83451921159372,0.4342957419562481,0.07548210848000023,1.9914278302873893,86.47218101715907,876614500.0,Bear / Normal,-0.04515071503103596,0
2021-09-30,91.25,91.58000183105467,87.12000274658203,87.12999725341797,15649900,-0.04515071503103596,-0.04620176774221129,2021,9,3,3,88.73300018310547,88.95199996948242,85.16519996643066,76.52785013198853,0.02348687850897094,0.01806473692992787,0.015073079702862835,0.012609970760732028,-0.025609494099974595,-0.03135074808781668,1.0749225827566893,0.051187871285026165,0.0,42.26804171409008,0.2228774042547883,0.10496116763495786,2.235713413783483,31.83018612096547,860964600.0,Bear / High Vol,0.02995524724694265,1
2021-10-01,87.76000213623047,90.2699966430664,87.5999984741211,89.73999786376953,13320900,0.02995524724694265,0.02951535202278436,2021,10,4,4,88.72999992370606,88.93299987792969,85.2856999206543,76.66725011825561,0.02825087740355504,0.019937989432229738,0.016630679779763905,0.013151000792118516,-0.0022237555282146326,-0.0006682091976510929,0.897678928950009,0.02975259898042925,0.007230631271341925,52.321129232465424,0.26290151993832467,0.13654923809563124,2.2971420288085938,66.44560965392469,874285500.0,Bear / High Vol,-0.0053487378979852895,0
2021-10-04,89.4800033569336,90.43000030517578,88.95999908447266,89.26000213623047,10853900,-0.0053487378979852895,-0.005363093609376462,2021,10,4,0,88.69300003051758,88.96439987182617,85.4107999420166,76.79965013504028,0.02741075318955342,0.02005943650159475,0.016665904251816445,0.012774321234925634,-0.01955183173766084,-0.008222198486328103,0.7255707554989865,0.01646875627965568,-0.0028971976044686793,58.80908501216532,0.25297315914666285,0.15983402230583757,2.104999542236328,58.99187999185089,863431600.0,Bear / High Vol,0.02498314669694479,1
2021-10-05,89.3499984741211,91.97000122070312,89.16999816894531,91.48999786376952,9788600,0.02498314669694479,0.02467617020831315,2021,10,4,1,88.8314998626709,89.03699981689454,85.54429992675782,76.93905012130737,0.030109168729615138,0.021140892114215635,0.01723558285915551,0.013116356138851221,0.011050945116668931,0.03122178319379909,0.6571184022824537,0.03060447171424219,0.0010082493360606324,60.94293588558218,0.42020304096088523,0.2119078260368471,2.148571014404297,89.37330833163541,873220200.0,Bear / High Vol,-0.001639540161562203,0
2021-10-06,90.41999816894533,91.5,89.6500015258789,91.33999633789062,10268300,-0.001639540161562203,-0.001640885678419955,2021,10,4,2,88.92499961853028,89.10779968261718,85.66879989624023,77.07045011520385,0.029957433486263396,0.020782060001283343,0.017174494533310183,0.013119849665725923,0.0009862612371576152,0.02090080576365061,0.6860578582164019,0.020253980165243973,-0.011695264179778885,62.13648325337187,0.5344690313040843,0.27642006709029454,2.153570992606027,87.32968979323707,862951900.0,Bear / High Vol,0.010619676588499605,1
2021-10-07,91.70999908447266,92.87999725341795,91.6500015258789,92.30999755859376,9124400,0.010619676588499605,0.010563683890462854,2021,10,4,3,89.0634994506836,89.21039962768555,85.80109985351562,77.20960008621216,0.015648202439348186,0.020763692607690603,0.017303009265270623,0.013071487682822033,0.059451399844645314,0.03093585676506372,0.613545693500157,0.013324620951899697,0.004050829444018083,67.45281788156632,0.695281867198247,0.36019242711188504,2.1478565761021193,92.83018976566747,872076300.0,Bear / High Vol,0.022532790445957795,1
2021-10-08,92.37999725341795,95.0199966430664,92.11000061035156,94.38999938964844,13202300,0.022532790445957795,0.02228267731642596,2021,10,4,4,89.29899940490722,89.34559967041015,85.95809982299805,77.35580007553101,0.013718134847563042,0.021636018264192185,0.01792063033639362,0.012982593256988135,0.05181637660542271,0.05252006097730599,0.8798990425100479,0.03082949519580119,0.0007583110895410654,71.83846445725109,0.9792774617043136,0.4840094340303708,2.178570338657923,92.92137432064052,885278600.0,Bear / High Vol,0.009534924586275695,1
2021-10-11,94.29000091552734,96.8000030517578,94.1999969482422,95.29000091552734,12959300,0.009534924586275695,0.00948975409731823,2021,10,4,0,89.61899948120117,89.50859970092773,86.12359985351563,77.50575006484985,0.010796366637850906,0.021553312215465307,0.017768478383055234,0.012914647506489423,0.06755544067872377,0.07199911767154554,0.8810977330224848,0.027285193394220336,-0.0010594181032705927,72.0611461299844,1.2624162690176064,0.639690801027818,2.254284994942798,84.40080486957137,898237900.0,Bull / High Vol,0.002938385734145177,1
2021-10-12,95.83000183105467,96.5199966430664,95.26000213623048,95.56999969482422,9964100,0.002938385734145177,0.0029340771169731905,2021,10,4,1,90.07799949645997,89.6679997253418,86.29209983825683,77.65880006790161,0.009162196150083542,0.02123690384138114,0.016128275215346596,0.012879789005126154,0.04459505876401826,0.1062623031604717,0.7081490694265535,0.013183996137484144,0.005666921086568457,70.10715144797103,1.4921982426797058,0.8101922893581955,2.1957130432128866,87.29335415128125,908202000.0,Bull / High Vol,0.008684752890081304,1
2021-10-13,96.0999984741211,96.98999786376952,95.9499969482422,96.4000015258789,9453900,0.008684752890081304,0.00864725736024828,2021,10,4,2,90.51149940490723,89.80119979858398,86.46579986572266,77.8164500617981,0.007168529615242263,0.02124116076770234,0.01596973940941216,0.012704645602183415,0.05539747526669481,0.09882591858193623,0.68527551752295,0.010788391069144575,0.005545660573289487,69.85210352883176,1.7214327186224097,0.9924403752110385,2.1814275469098723,94.02232391317804,917655900.0,Bull / High Vol,-0.011618285569024223,0
2021-10-14,96.8000030517578,97.3499984741211,94.37000274658205,95.27999877929688,7911200,-0.011618285569024223,-0.011686305209820233,2021,10,4,3,90.91299934387207,89.90579971313477,86.62479988098144,77.97055006027222,0.01236886323041233,0.013587700152036688,0.016235679261611645,0.012744344737109649,0.0321742097200024,0.09203436996328795,0.5829575264538568,0.0312761940146725,0.00414939335630104,64.68645216522793,1.7920699639371094,1.1523662929562528,2.314284733363554,79.76539042678388,909744700.0,Bull / High Vol,0.0005248011376828288,1
2021-10-15,95.08999633789062,96.04000091552734,94.7300033569336,95.33000183105467,7422800,0.0005248011376828288,0.000524663477726401,2021,10,4,4,91.35999946594238,90.02379974365235,86.78979988098145,78.1252000617981,0.008514321126013283,0.011602216469860975,0.01591400112330905,0.012675811498060859,0.009958707993267701,0.10348422855154538,0.6724470466522142,0.013741713347654689,-0.0019941482351019417,62.52188494453881,1.8309789327548032,1.2880888209159629,2.253570556640618,80.25417901565095,917167500.0,Bull / High Vol,0.012378058140259274,1
2021-10-18,95.5,96.6500015258789,95.0999984741211,96.51000213623048,7344100,0.012378058140259274,0.012302076340828808,2021,10,4,0,91.87699966430664,90.16359985351562,86.96229988098145,78.28430006027222,0.009208875271586155,0.010993270744965542,0.015888578540916912,0.011947293709884123,0.012803035040209965,0.11999540660326469,0.6856717652539818,0.016060543129714958,0.001783259893843285,66.94820090727893,1.93472838927552,1.4174167345878743,2.205714089529848,91.78888867343954,924511600.0,Bull / High Vol,0.0056988437487228705,1
2021-10-19,97.0,97.27999877929688,96.31999969482422,97.05999755859376,5616500,0.0056988437487228705,0.00568266676963823,2021,10,4,1,92.38399963378906,90.30679977416992,87.14309982299805,78.45085004806519,0.009317721550173194,0.009209019634779719,0.015873910561226702,0.011958588076281543,0.015590644224416028,0.11665899221419052,0.5382152985770091,0.009890780018751991,0.005077171825961122,66.55269671879583,2.037839667942947,1.541501321258889,2.1607137407575263,97.1651902576396,930128100.0,Bull / High Vol,-0.004327201519779389,0
2021-10-20,97.2699966430664,97.97000122070312,96.25,96.63999938964844,6574100,-0.004327201519779389,-0.004336590952711468,2021,10,4,2,92.79399948120117,90.44679977416992,87.32209983825683,78.61925004959106,0.00919601402190904,0.009490549577791486,0.015767067109425426,0.011980295674400173,0.002489604356542552,0.09271818998054515,0.6402063743095536,0.01779802598888843,0.002163600759889454,84.3321414583548,2.0618974862657353,1.6455805542602584,1.9649996076311322,87.17452768763192,923554000.0,Bull / High Vol,-0.003518174048406042,0
2021-10-21,96.56999969482422,96.83000183105467,95.70999908447266,96.3000030517578,6224400,-0.003518174048406042,-0.0035243773765893213,2021,10,4,3,93.1379997253418,90.58019989013673,87.48939987182617,78.78790006637573,0.006962956720728875,0.009725821228306043,0.015787334764997305,0.011945201196243737,0.010705334650807696,0.07694033799703037,0.616647826961352,0.01163035006322955,-0.0007243345950570933,78.32473433815619,2.030126582085586,1.7224897598253242,1.820714133126388,81.46506356274843,917329600.0,Bull / High Vol,0.02024918885198934,1
2021-10-22,96.29000091552734,98.2699966430664,96.22000122070312,98.25,6819600,0.02024918885198934,0.020046900255179034,2021,10,4,4,93.55349960327149,90.74899993896484,87.6691999053955,78.96380006790162,0.010500121602846992,0.009265627844470919,0.01620707553911433,0.012175251097994742,0.030630421827959164,0.09239490030042541,0.6782958458407682,0.020865093357387086,-0.00010386433970390167,84.4444483419653,2.137654814487007,1.8055227707576607,1.8621422903878277,99.78025663275358,924149200.0,Bull / High Vol,-0.0036641283496342547,0
2021-10-25,98.44000244140624,98.9499969482422,97.5500030517578,97.88999938964844,5083100,-0.0036641283496342547,-0.0036708577111074442,2021,10,4,0,93.89599952697753,90.89919998168945,87.83719993591309,79.13635005950928,0.010551543788953476,0.009338023703957216,0.016200558639306147,0.01215745955143309,0.014299007593741253,0.07524163450390287,0.5223333444655386,0.014301705028230376,0.001933867088104181,78.62254629329489,2.1688218445798952,1.8781825855221077,1.762141636439727,88.60217117908645,919066100.0,Bull / High Vol,-0.00929610826834959,0
2021-10-26,98.3000030517578,98.55999755859376,96.94000244140624,96.9800033569336,7089700,-0.00929610826834959,-0.009339586746357745,2021,10,4,1,94.22049980163574,91.02240005493164,87.97809997558593,79.30610008239746,0.011628772666379161,0.010080326816052471,0.016320098894462506,0.0122364670578365,-0.0008241727145302802,0.0717206945118356,0.7595629703275794,0.016704424222642664,0.004188412142872251,73.61813010743126,2.0959322633297717,1.9217325210836407,1.7457128252301868,73.01376949807944,911976400.0,Bull / High Vol,-0.00979588105539897,0
2021-10-27,96.80999755859376,97.3000030517578,96.0,96.02999877929688,5941200,-0.00979588105539897,-0.009844176353709298,2021,10,4,2,94.45949974060059,91.12400009155273,88.09899993896484,79.47415008544922,0.012358697099928075,0.010310473645870434,0.016543911854548784,0.01195684253545161,-0.0063120924483046625,0.05238354826626712,0.6578953925064904,0.013537468169145351,-0.001752998478605177,65.60403436300295,1.9391559326433452,1.9252172033955817,1.7285701206752202,57.30994543418405,906035200.0,Bull / High Vol,0.002082730190347881,1
2021-10-28,96.6500015258789,97.6999969482422,95.93000030517578,96.2300033569336,5177200,0.002082730190347881,0.0020805643145935006,2021,10,4,3,94.91450004577636,91.26980010986328,88.21519996643066,79.64500009536744,0.012350447122114734,0.009525204331476677,0.012141019385909125,0.011953770532235725,-0.0007268919273718533,0.10444171227330834,0.6085825992302791,0.01839339687541316,0.0064563444180288565,59.16336553535315,1.8101816121433245,1.9022100851451302,1.6471415928431898,42.736977025081934,911212400.0,Bull / High Vol,-0.0030136226271518796,0
2021-10-29,95.79000091552734,96.97000122070312,95.45999908447266,95.94000244140624,7578600,-0.0030136226271518796,-0.003018172731652698,2021,10,4,4,95.2245002746582,91.41440017700195,88.32940002441406,79.81670011520386,0.004924620491562223,0.00961152091603912,0.010738523684793926,0.011919912978832253,-0.023511425532760977,0.06908853047944863,0.9219859450246446,0.015739025409684325,-0.004572403887114141,53.44645548697451,1.6653705288930354,1.8548421738947114,1.569284166608538,34.27951271761647,903633800.0,Bull / Normal,-0.016260216263190408,0
2021-11-01,96.0,96.02999877929688,93.91000366210938,94.37999725341795,7327600,-0.016260216263190408,-0.01639386432421029,2021,11,4,0,95.48050003051758,91.5232000732422,88.45019996643066,79.97970010757446,0.007016027962078985,0.00999726207161094,0.011459399107216245,0.01213223768654172,-0.03585659575151301,0.05736046375366688,0.9109907938658925,0.022462335016763573,0.0006253654061600292,44.44443652931862,1.4084911121606325,1.7655719615478958,1.6307127816336506,9.325282091183189,896306200.0,Bull / Normal,0.015787301722030245,1
2021-11-02,93.7300033569336,95.91999816894533,93.5,95.87000274658205,6229600,0.015787301722030245,0.01566397854100333,2021,11,4,1,95.6995002746582,91.65820007324218,88.5798999786377,80.15260011672973,0.012226261675338615,0.011304705124005334,0.010682978876181321,0.012275958367014077,-0.011445664796135402,0.04787413908714311,0.7920056956875509,0.02524249608443455,-0.006886987872431002,47.66931268410855,1.3100419661735856,1.6744659624730338,1.702141353062224,43.4863132785138,902535800.0,Bull / Normal,0.00292060885861245,1
2021-11-03,96.5,96.87000274658205,94.75,96.1500015258789,5746400,0.00292060885861245,0.002916352166634095,2021,11,4,2,95.94000053405762,91.8102000427246,88.71519996643066,80.32555011749268,0.011566363230168767,0.01131253308035122,0.010640920258686449,0.012266477759173137,0.001249638114208862,0.05266044866254216,0.7521953320274023,0.022048910170962856,0.006571369931878042,54.13106465853586,1.2403162761712423,1.5876360252126758,1.6407132829938667,48.623908436015114,908282200.0,Bull / Normal,-0.0054082606781965525,0
2021-11-04,96.2300033569336,96.61000061035156,95.31999969482422,95.62999725341795,5857500,-0.0054082606781965525,-0.005422938264037983,2021,11,4,3,96.10600051879882,91.95039993286133,88.85509994506836,80.4976501083374,0.011761765415773564,0.011385033638477952,0.010610475399880085,0.01229542050615687,-0.006235125039849687,0.03596576516770922,0.7834904549929376,0.013489500706654441,0.0008320523118572692,51.3636146104191,1.1300714058457828,1.4961231013392973,1.6392849513462662,39.08254029582432,902424700.0,Bull / Normal,-0.007110742703189232,0
2021-11-05,96.1999969482422,96.5500030517578,94.0999984741211,94.9499969482422,6160200,-0.007110742703189232,-0.0071361445229140485,2021,11,4,4,96.13400039672851,92.07499984741212,89.03379989624024,80.67060009002685,0.012059116642557112,0.008801738819605439,0.00958604670337482,0.012340973312798669,-0.010319006336993453,0.005932806041051508,0.8647041607623748,0.02580310327942629,0.005960469635001213,42.57140926440342,0.9765738744845152,1.392213255968341,1.70357077462333,26.60546348947722,896264500.0,Bull / Normal,0.0020010789627493697,1
2021-11-08,95.25,95.25,94.30999755859376,95.13999938964844,5056400,0.0020010789627493697,0.001999079471224405,2021,11,4,0,96.12650032043457,92.19079986572265,89.20959991455078,80.8418000793457,0.00905773066874522,0.008961981766378349,0.009350818504180345,0.012321818909427117,0.00805257637579504,-0.0015741580904368169,0.751444141770361,0.009880202306460297,0.003159589904161152,40.53256708440171,0.8603401187497326,1.2858386285246193,1.7021424429757286,30.09174877019683,901320900.0,Bull / Normal,-0.005780986496597085,0
2021-11-09,95.11000061035156,95.61000061035156,94.05999755859376,94.58999633789062,6102600,-0.005780986496597085,-0.0057977610793659975,2021,11,4,1,96.07750015258789,92.29359985351563,89.39319984436035,81.00575006484985,0.0047426319213244375,0.008745606924408207,0.009407867436407771,0.012340824171291023,-0.013351479837493296,-0.010254299048477078,0.9337139018962382,0.016386543099345716,-0.00031531195595255564,40.019478319783225,0.7155944527916489,1.1717897933780252,1.689999716622491,19.9999440044124,895218300.0,Bull / Normal,-0.008034618207628741,0
2021-11-10,94.0999984741211,94.8499984741211,93.36000061035156,93.83000183105467,5828800,-0.008034618207628741,-0.008067069692914746,2021,11,4,2,95.94900016784668,92.38759994506836,89.55159988403321,81.16215007781983,0.003980170507372045,0.008597893953100913,0.009293398193611004,0.012392408743125213,-0.02412896160173017,-0.02665974744963373,0.9172596772721407,0.015879759508609436,-0.005180229228672136,38.447160285534466,0.5334084637858325,1.0441135274595867,1.7164279392787418,8.407898543999114,889389500.0,Bull / Normal,0.002238080362086947,1
2021-11-11,94.11000061035156,94.76000213623048,93.8000030517578,94.04000091552734,3620600,0.002238080362086947,0.0022355795908229914,2021,11,4,3,95.8870002746582,92.46940002441406,89.70519989013673,81.32625007629395,0.0050462468208762505,0.00860679166996642,0.008996157060337507,0.012029956805867718,-0.016626543799610816,-0.013014251465743754,0.5896694652323679,0.01020841211321357,0.002984107149449279,26.480504169731987,0.40134348809776554,0.9155595195872226,1.6385710580008421,12.164593034999669,893010100.0,Bull / Normal,-0.005316886379543195,0
2021-11-12,94.29000091552734,94.47000122070312,93.43000030517578,93.54000091552734,6435300,-0.005316886379543195,-0.00533107132208929,2021,11,4,4,95.79750022888183,92.54419998168946,89.85959991455078,81.49180007934571,0.004766949494571256,0.008659674083022043,0.00905181352158533,0.012048909835138864,-0.014849879705456481,-0.018776889553611897,1.056582398502629,0.01111824786560064,0.0026584431897716137,26.07266626211664,0.2534140229507216,0.7831304202599224,1.6128572736467663,3.461546361803698,886574800.0,Bull / Normal,0.0051314488223335175,1
2021-11-15,93.81999969482422,94.25,92.91999816894533,94.0199966430664,5700900,0.0051314488223335175,0.005118327806231757,2021,11,4,0,95.67299995422363,92.62459991455079,90.02239990234375,81.65435007095337,0.0056989361196512845,0.007437842015945575,0.008627048167747954,0.012059209105844059,-0.011772154233415821,-0.025800491535056258,0.9488034897141806,0.014145946378873387,0.002993358740179316,32.9099292917013,0.17291721771955793,0.6610877797518496,1.5921434674944197,23.01252625597713,892275700.0,Bull / Normal,0.016911338269042675,1
2021-11-16,94.13999938964844,96.37000274658205,94.0199966430664,95.61000061035156,7392900,0.016911338269042675,0.01676993358959648,2021,11,4,1,95.60050010681152,92.76239990234374,90.19389991760254,81.82055007934571,0.009826854898136356,0.007712362343963147,0.009430697888124284,0.012232586624153352,0.010783426492769088,-0.014939181791827849,1.2124805345286096,0.024579082611795394,0.0012763534446571475,47.74194977407193,0.23471727690625244,0.5758136791827302,1.6671436854771227,56.276216074723095,899668600.0,Bull / Normal,-0.0029285511715243517,0
2021-11-17,95.76000213623048,96.13999938964844,94.81999969482422,95.33000183105467,6257600,-0.0029285511715243517,-0.002932847768092136,2021,11,4,2,95.53500022888184,92.87959991455078,90.36219993591308,81.98635009765626,0.00869989688271746,0.007667283579737278,0.009407622632197792,0.012204029427314094,0.0159863579956101,-0.013555438398875741,1.0289549799309712,0.013846634527119206,0.0015688894981837288,45.20255690113598,0.2581252009757833,0.5122759835413409,1.6350010463169653,59.506218422807045,893411000.0,Bull / Normal,-0.0070281984273186104,0
2021-11-18,95.1500015258789,95.33000183105467,93.5,94.66000366210938,5725300,-0.0070281984273186104,-0.00705301254794582,2021,11,4,3,95.45300025939942,92.98199996948242,90.52779998779297,82.14290012359619,0.009866637137078445,0.007790881609888395,0.009496455963465177,0.012251256369890922,0.006592968317162828,-0.01703010734866728,0.9453063664079663,0.01933236594398304,-0.001888181073307503,43.442635765565285,0.22007599751353268,0.45383598633577926,1.657858167375837,44.050720928660056,887685700.0,Bull / Normal,-0.007289271230848771,0
2021-11-19,94.80999755859376,96.95999908447266,93.94000244140624,93.97000122070312,8936600,-0.007289271230848771,-0.0073159677797567674,2021,11,4,4,95.23900032043457,93.06779998779297,90.6891000366211,82.2947501373291,0.010232653565024832,0.007806649742855168,0.008187678185955602,0.01229988372592883,0.004596967083249304,-0.04356232854246178,1.4501805707349646,0.03213788021534117,0.0015845540955163617,47.69406237904767,0.1327144496458743,0.3896116789977983,1.7221439906529028,25.990168658680723,878749100.0,Bull / Normal,0.006810677677286492,1
2021-11-22,93.7300033569336,95.66999816894533,93.41000366210938,94.61000061035156,6488200,0.006810677677286492,0.006787589782267217,2021,11,4,0,95.07500038146972,93.18220001220703,90.83980003356933,82.4522501373291,0.010429482850297834,0.00815321270682906,0.008420319922292807,0.01229751348513032,0.0062753030030944235,-0.03350698538919106,1.0410001508184306,0.02388748009994917,-0.002553983831561937,42.16416671174073,0.11381045946912138,0.33445143509206293,1.7107151576450903,41.83173411943756,885237300.0,Bull / Normal,-0.017651391588328624,0
2021-11-23,94.16000366210938,94.29000091552734,92.26000213623048,92.94000244140624,8905500,-0.017651391588328624,-0.017809035242130778,2021,11,4,1,94.87300033569336,93.31320007324219,90.95100006103516,82.59860015869141,0.008821698843250523,0.009717014733206832,0.009005575527210298,0.012531694687981832,-0.02792592983893627,-0.04165808182804642,1.4083293139030117,0.02184203492545277,-0.00475633596172868,32.9798569427892,-0.035516571490830984,0.26045783377548415,1.7271434238978784,14.468100993769303,876331800.0,Bull / Normal,0.006886156367942098,1
2021-11-24,92.2300033569336,93.6999969482422,92.1500015258789,93.58000183105467,10908500,0.006886156367942098,0.006862555079341582,2021,11,4,2,94.75050048828123,93.4302000427246,91.05600006103515,82.75015016555786,0.010501568425169184,0.009784254595611358,0.009026498572795064,0.012543739730144443,-0.018357284867164703,-0.025512829109505253,1.659891521596393,0.016563319000159785,-0.007639327155389941,39.26703452881875,-0.10105185444773213,0.18815589613084088,1.7457144601004464,29.729751164236383,887240300.0,Bull / Normal,-0.013357554771763036,0
2021-11-26,92.88999938964844,94.08000183105467,92.06999969482422,92.33000183105467,4519300,-0.013357554771763036,-0.013447569388631548,2021,11,4,4,94.5555004119873,93.5318000793457,91.1184001159668,82.89830017089844,0.011356586580450287,0.01056041556996608,0.009379594847724661,0.012628214330501113,-0.02461442785668677,-0.04052791634448094,0.6911385978112593,0.02176976168492181,-0.007373396322987219,37.055353847267185,-0.2509606732379126,0.10033258225709021,1.7142857142857142,5.317017764477619,882721000.0,Bull / Normal,0.00660674318481802,1
2021-11-29,93.16999816894533,94.12999725341795,92.87000274658205,92.94000244140624,9552500,0.00660674318481802,0.006585014309289982,2021,11,4,0,94.40550041198729,93.66280014038085,91.19190017700195,83.0476001739502,0.012293580075600984,0.01078779588443692,0.009570940355664422,0.012649148242430519,-0.010960931849705702,-0.03126954266894255,1.439146440400656,0.013557074174064812,0.009097761520980772,39.563575191567395,-0.3168896344473211,0.016888138916207954,1.7757137843540747,17.79146943093106,892273500.0,Bull / Normal,-0.023671234343077496,0
2021-11-30,93.0199966430664,93.5199966430664,90.61000061035156,90.73999786376952,23271200,-0.023671234343077496,-0.02395589923196588,2021,11,4,1,94.22350044250487,93.75420013427734,91.22170013427734,83.1906001663208,0.014160799846154462,0.012755775379023414,0.010287348931612261,0.013030612723908522,-0.04090479570463734,-0.0385674877683535,3.1300392277123983,0.03206960658169401,0.000860707978898565,34.20836705226732,-0.540431041765359,-0.09457569722010545,1.8728561401367207,2.0472013331616985,869002300.0,Bull / Normal,-0.010910269859779276,0
2021-12-01,91.69000244140624,92.38999938964844,89.66000366210938,89.75,12084900,-0.010910269859779276,-0.010970223325105312,2021,12,4,2,93.91750030517576,93.81080017089843,91.2484001159668,83.32890016555785,0.013337411841034002,0.010681655763352928,0.009577135071005884,0.012975293098134784,-0.03432324464825964,-0.06383647200636211,1.5638700961234853,0.030417779694028552,0.01046952391450336,33.57486943413481,-0.7883857512552339,-0.23333770802713116,1.9614274161202587,1.2328273195202883,856917400.0,Bull / Normal,0.0026740709055101952,1
2021-12-02,89.4000015258789,91.04000091552734,89.0,89.98999786376953,7089800,0.0026740709055101952,0.0026705019389370137,2021,12,4,3,93.6095001220703,93.8418000793457,91.27760009765625,83.46850015640258,0.012345984412247426,0.01101708203516416,0.009568931135474835,0.012934942736769265,-0.03836293969908633,-0.06406659973324491,0.9095632562000223,0.022669196176841554,-0.003899704447031685,33.73492351606707,-0.9545226797998225,-0.37757470238166946,2.0385704040527344,12.43716052305448,864007200.0,Bear / Normal,-0.019446605639987014,0
2021-12-03,90.3499984741211,90.79000091552734,87.72000122070312,88.23999786376953,10808600,-0.019446605639987014,-0.019638178571399247,2021,12,4,4,93.24000015258788,93.81820007324218,91.27720008850098,83.60405014038086,0.013302888877425296,0.011852526326305951,0.010226956154551601,0.013180263139103726,-0.04429767016325881,-0.07727700096095413,1.3439712718462478,0.034791475171654894,0.004000451371235122,30.65691885997886,-1.2134103283199238,-0.5447418275693203,2.183570316859654,5.627670598337882,853198600.0,Bear / Normal,0.007932962313954572,1
2021-12-06,88.33999633789062,89.16999816894531,87.8499984741211,88.94000244140625,8398500,0.007932962313954572,0.007901661796660598,2021,12,4,0,92.93950042724609,93.79820007324219,91.30420013427734,83.72650016784668,0.013697959354507298,0.012745790406992023,0.010531961624472546,0.013219953961867363,-0.043038518344367116,-0.06329641600843905,1.0299600206028794,0.014841462318306497,0.0011332556271757587,31.752901991369797,-1.3465736726387973,-0.7051081965832158,2.1828558785574788,13.203479467098228,861597100.0,Bear / Normal,0.012480330333730638,1
2021-12-07,89.9800033569336,90.7300033569336,89.20999908447266,90.05000305175781,6803700,0.012480330333730638,0.01240309297897051,2021,12,4,1,92.68500061035155,93.7784001159668,91.32980018615723,83.85425018310546,0.013346127622493022,0.01345622947837156,0.011052712451455593,0.013266545474479296,-0.007604086712098113,-0.053500066959685455,0.825534956042936,0.01687955825595351,0.011693286338872065,29.315489030476698,-1.3470113020043044,-0.8334888176674335,2.1428555079868863,25.2164758629516,868400800.0,Bear / Normal,-0.012326491646130977,0
2021-12-08,90.05000305175781,90.16999816894533,87.91000366210938,88.94000244140625,7695800,-0.012326491646130977,-0.012403092978970534,2021,12,4,2,92.40250091552733,93.74740020751953,91.34940017700195,83.9754502105713,0.01360942379975026,0.012990474442972848,0.011244388078637401,0.012842780785277577,-0.009025042435584996,-0.05973141045805408,0.9248397922180929,0.02541032656621342,0.0,27.610380250620494,-1.4205506751021346,-0.9509011891543738,2.209997994559153,13.203479467098228,860705000.0,Bear / Normal,-0.0019114660858239318,0
2021-12-09,89.12000274658203,89.98999786376953,88.23999786376953,88.7699966430664,8615800,-0.0019114660858239318,-0.0019132952684412575,2021,12,4,3,92.14950065612791,93.69780014038086,91.35050010681152,84.09280017852784,0.013390591667313819,0.01243371291169023,0.011183702897202906,0.012695267418263614,-0.013557075782466566,-0.0539273695965502,1.0183468617676694,0.01971386804301167,0.0020238396698309697,28.61291965096521,-1.4755400974810726,-1.0558289708197137,2.2042835780552474,11.36358944930456,852089200.0,Bear / Normal,0.15613384177630385,1
2021-12-10,104.29000091552734,106.33999633789062,100.0999984741211,102.62999725341795,45824600,0.15613384177630385,0.145081543631497,2021,12,4,4,92.57900047302245,94.00780014038087,91.47990005493165,84.28340015411376,0.06979113377670504,0.05215182440977318,0.037274652593457795,0.02376879827810541,0.1630779662060351,0.09134406905851367,4.335027469603695,0.06080091621128555,0.1748338950024413,66.07274089719266,-0.3961666321660857,-0.9238965030889882,3.243569510323662,80.07518766184803,897913800.0,Bear / High Vol,-0.016954086625112663,0
2021-12-13,102.44000244140624,104.36000061035156,100.5199966430664,100.88999938964844,16317600,-0.016954086625112663,-0.017099452525027953,2021,12,4,0,92.94650039672851,94.23080017089843,91.58190002441407,84.45700016021729,0.07280041913689027,0.05293661505869179,0.037533881349036104,0.023851229004233514,0.13436020485961708,0.07857599318134079,1.4747186822462763,0.038061294385131596,-0.0018512600321188377,61.19828257048482,0.31520781029753664,-0.6760756404116833,3.356427328927176,70.7304061362966,881596200.0,Bear / High Vol,-0.009911785172461829,0
2021-12-14,100.0,101.45999908447266,99.38999938964844,99.88999938964844,9511600,-0.009911785172461829,-0.00996123393679293,2021,12,4,1,93.2400005340576,94.4434001159668,91.70389999389648,84.62315013885498,0.07462016557510699,0.05215454629558076,0.03766903589395504,0.02389838601931939,0.10927258194799738,0.062433556223860265,0.8450680449649836,0.020722792146084766,-0.008821482753817457,62.69637251278213,0.78918826738105,-0.3830228588531367,3.336427416120258,65.3598354476022,872084600.0,Bear / High Vol,0.037641427161927865,1
2021-12-15,100.58000183105467,103.76000213623048,100.23999786376952,103.6500015258789,14452200,0.037641427161927865,0.03695027916942298,2021,12,4,2,93.64200057983398,94.68660018920899,91.86180000305175,84.80685012817383,0.07200543100581654,0.05217129434574048,0.038332433852008074,0.024309480427021714,0.16539238453657124,0.08409163125407271,1.2449788471958643,0.0339604845213833,0.006907622841348626,66.51360341228218,1.4514900692126673,-0.016120273239975946,3.5021422249930256,85.55319270986986,886536800.0,Bear / High Vol,-0.004148579824848508,0
2021-12-16,103.9499969482422,104.0,102.27999877929688,103.22000122070312,9053200,-0.004148579824848508,-0.00415720905643661,2021,12,4,3,94.0365005493164,94.92420028686523,92.01599998474121,84.99490013122559,0.07228300649030968,0.05240366133507392,0.03834616253232237,0.02425452268709208,0.16278027626539715,0.08276512365573252,0.7706051240320833,0.01666344894751018,0.0028943117988126012,68.35186124228194,1.9195442762836592,0.3710126366647511,3.4814278738839306,83.24384567476316,877483600.0,Bear / High Vol,-0.06394108114772334,0
2021-12-17,97.69000244140624,99.9499969482422,95.80999755859376,96.62000274658205,28872300,-0.06394108114772334,-0.06607685699390667,2021,12,4,4,94.13450050354002,95.010400390625,92.11040000915527,85.12815013885498,0.03623276421263104,0.0573080378676285,0.04125787288560086,0.02571293070754571,-0.058559823323348636,0.020705673026053528,2.2372054748665686,0.04284826404431965,-0.0535748761276678,55.15984175536784,1.7378826596568757,0.644386641263176,3.882142748151508,47.798087324220745,848611300.0,Bear / High Vol,-0.05154215706239751,0
2021-12-20,96.41999816894533,96.41999816894533,91.5199966430664,91.63999938964844,17205400,-0.05154215706239751,-0.05291793662792463,2021,12,4,0,94.01800041198729,94.955400390625,92.15050003051758,85.22555011749267,0.040583817770324916,0.06059588617917215,0.042923015284276216,0.02660431531367415,-0.09168401284527183,-0.024795166550890202,1.2917975577672731,0.05347011739976528,-0.002070012129489346,51.17065724517404,1.178485026593819,0.7512063183293046,4.038572038922993,21.052627265873404,831405900.0,Bear / High Vol,-0.0014185645382341905,0
2021-12-21,91.80999755859376,91.83999633789062,89.70999908447266,91.51000213623048,15823000,-0.0014185645382341905,-0.001419571653460065,2021,12,4,1,93.86300048828124,94.87980041503906,92.1942000579834,85.31990013122558,0.041199954863821046,0.060553212552146025,0.042889379167396914,0.026561883007347447,-0.08389225452619609,-0.03276607603976589,1.147783572832718,0.023276114126268434,0.0018550651470708055,52.34167335439709,0.7164103476923316,0.7442471242019101,3.9957150050572006,20.354467827056162,815582900.0,Bear / High Vol,-0.018030832557763166,0
2021-12-22,91.2699966430664,91.86000061035156,89.51000213623047,89.86000061035156,10539000,-0.018030832557763166,-0.01819536883725289,2021,12,4,2,93.70900039672851,94.7656004333496,92.2168000793457,85.40860012054443,0.028375486318130846,0.060741907542398756,0.0428972894150854,0.02665621771149136,-0.13304390460702809,-0.033139678826632823,0.7599852171012899,0.026151774517686594,-0.002622724156500201,49.8332941655991,0.21459775278268012,0.6383172499180642,4.017857687813897,11.4930179958698,805043900.0,Bear / High Vol,-0.0015579722757347314,0
2021-12-23,90.02999877929688,90.36000061035156,89.05999755859375,89.72000122070312,9655400,-0.0015579722757347314,-0.0015591871765592094,2021,12,4,3,93.51600036621093,94.6320004272461,92.21660011291505,85.5201501083374,0.028933843276771568,0.060739098506553985,0.04285856641609572,0.026635400300655743,-0.1307886053124001,-0.04124813565744767,0.6994274422081723,0.014489556777422707,0.0018918113486606108,51.97967209942784,-0.1921738640875219,0.47221902711694697,3.8914293561662965,10.113590928240358,795388500.0,Bear / High Vol,-0.002006245014787744,0
2021-12-27,89.69999694824219,90.33000183105467,89.0199966430664,89.54000091552734,7666200,-0.002006245014787744,-0.002008260220098938,2021,12,4,0,93.37650032043457,94.5172004699707,92.21150009155274,85.6320500946045,0.02167058425679134,0.028204485857102543,0.04276530960120215,0.02596845770996317,-0.07327677116325848,-0.03021770670634738,0.5490735073930683,0.014630390603012557,-0.0002229633547566366,50.8138881443251,-0.5230385584689401,0.2731675099997696,3.8907154628208716,8.844264249545464,787722300.0,Bear / High Vol,-0.00993968483971841,0
2021-12-28,89.69999694824219,89.80000305175781,88.5199966430664,88.6500015258789,5610500,-0.00993968483971841,-0.009989413304992749,2021,12,4,1,93.1620002746582,94.38360046386718,92.20370010375977,85.73665008544921,0.007334659049347265,0.028187607522467004,0.04277625192288816,0.025718041819453672,-0.0326276504112164,-0.04615882077506883,0.4075927545039163,0.014438876330055606,0.0017868665521433836,48.08951793438347,-0.8472995830591685,0.049074091387981966,3.854287283761162,4.015182625340694,782111800.0,Bear / High Vol,-0.004963366427893412,0
2021-12-29,88.5,89.19000244140625,87.72000122070312,88.20999908447266,5628500,-0.004963366427893412,-0.0049757248408890745,2021,12,4,2,93.03550033569336,94.21760040283203,92.19060012817383,85.84345008850097,0.006866099391114186,0.02828109150728417,0.04247034714570587,0.025716704890747726,-0.03606166511552611,-0.02788184746373057,0.4368993458735387,0.016664791247706576,-0.0016920645605980895,48.985261082398075,-1.1267943175020463,-0.1860995903900237,3.7978591918945312,2.6315681646835154,776483300.0,Bear / High Vol,-0.0022672820577932518,0
2021-12-30,88.6500015258789,88.91000366210938,87.7699966430664,88.01000213623047,7382400,-0.0022672820577932518,-0.002269856233415557,2021,12,4,3,92.94850044250488,94.03660049438477,92.17170013427734,85.95240009307861,0.0035014599727291045,0.02277988167735281,0.042403914366357535,0.025509800325948677,-0.02058756356059921,-0.019387162827515625,0.5836948284293475,0.012953152952755922,0.004988124316664938,48.944452073838974,-1.348884885173149,-0.4186566493466488,3.7542882646833147,1.5574704166256925,769100900.0,Bear / High Vol,-0.009089910604927476,0
2021-12-31,88.05000305175781,88.0999984741211,87.18000030517578,87.20999908447266,5908200,-0.009089910604927476,-0.009131475917376739,2021,12,4,4,92.80950050354004,93.84800048828124,92.14740013122558,86.05475009918213,0.003722415994622377,0.022547088148723974,0.04244388356117066,0.02553433891905206,-0.027975948529649353,-0.0308923085375038,0.469328461210021,0.01054922805416144,0.00045450419902758814,16.390591700390317,-1.571333466421251,-0.6491920127615693,2.56500244140625,0.17461454460997497,763192700.0,Bear / High Vol,0.007911964782133518,1
2022-01-03,87.33000183105469,87.94000244140625,85.76000213623047,87.9000015258789,10644400,0.007911964782133518,0.007880829309459252,2022,1,1,0,92.79250068664551,93.68000045776367,92.1301001739502,86.16295009613037,0.007184474596644438,0.016332829271526936,0.042250478517600144,0.02551679880651567,-0.01831582949385524,-0.0038530864247700025,0.8461088127855878,0.02480091316646861,0.0013760205004221494,20.328931707356176,-1.6726666790086284,-0.8538869460109813,2.4464307512555803,11.732454168205582,773837100.0,Bear / High Vol,0.010693911213812246,1
2022-01-04,87.9000015258789,89.58000183105469,87.7300033569336,88.83999633789062,11959000,0.010693911213812246,0.010637135754432885,2022,1,1,1,92.78750038146973,93.49180038452148,92.12040016174316,86.2755500793457,0.00848994166828867,0.008351189790757586,0.04228018336328027,0.025380987951350773,0.0021432014522442255,-0.0011244220909653047,0.9373403017923821,0.020823936857053447,0.0,24.690787620460895,-1.6580117274678088,-1.0147119023023468,2.4307163783482144,16.885935100782056,785796100.0,Bear / High Vol,-0.026789704542152126,0
2022-01-05,88.48999786376953,88.5999984741211,86.22000122070312,86.45999908447266,11236700,-0.026789704542152126,-0.02715508915436572,2022,1,1,2,92.60800018310547,93.26320037841796,92.08120018005371,86.37150009155273,0.015050281841015924,0.01117224474245506,0.04261690471191049,0.02556503799835687,-0.01983902072512378,-0.039866783405012596,0.8656873719673747,0.027527148723338262,-0.003939649803562834,7.970647905441751,-1.8174925380436093,-1.1752680294505993,2.341430119105747,3.8377030165809685,774559400.0,Bear / High Vol,-0.0013879568338277526,0
2022-01-06,86.0,87.41999816894531,85.55000305175781,86.33999633789062,7918400,-0.0013879568338277526,-0.0013889209381073777,2022,1,1,3,92.47799987792969,93.05040023803711,92.03640014648437,86.46905006408691,0.015079359343068541,0.010322676618785396,0.0425369944338708,0.02555893811220595,-0.018975181886200176,-0.02923325873786109,0.6095193523010156,0.02165850354995725,-0.005320368833490624,8.09333318180613,-1.9313025940563193,-1.3264749423717435,2.3521439688546306,5.486066812331645,766641000.0,Bear / High Vol,0.013551144868723775,1
2022-01-07,86.44999694824219,88.0,86.27999877929688,87.51000213623047,9836800,0.013551144868723775,0.013460149246661467,2022,1,1,4,92.4150001525879,92.88000030517578,92.00200019836426,86.56345008850097,0.0164091444342484,0.011721040348809645,0.042653678866156015,0.025599131154858946,0.003440007509542875,-0.0141939231101047,0.7536466836803101,0.019654910052744914,0.001274040016414598,19.034682350744518,-1.9051270746083304,-1.4422053688190608,1.9457152230398995,18.03127842599973,776477800.0,Bear / High Vol,0.020226221001697464,1
2022-01-10,87.37999725341797,89.37999725341797,86.94999694824219,89.27999877929688,11025500,0.020226221001697464,0.02002438800123867,2022,1,1,0,91.74750022888183,92.74100021362305,92.00540016174317,86.65860008239746,0.01853113320449051,0.013744026501292837,0.022597299636891163,0.025711573834314435,0.015699627183870746,-0.13007891290454532,0.9746457732126448,0.02721774572581282,-0.0014856002701281617,39.739127781080164,-1.7217120257408425,-1.4981067002034172,1.755000523158481,59.112474971707144,787503300.0,Bear / Normal,-0.008960522326404763,0
2022-01-11,88.63999938964844,89.0,87.41000366210938,88.4800033569336,7249800,-0.008960522326404763,-0.009000909246199637,2022,1,1,1,91.12700042724609,92.59180023193359,92.00310020446777,86.74535011291503,0.018643900999744546,0.013670261721562105,0.022476689167637794,0.025732595846408354,-0.004052149885146905,-0.12300521466737302,0.6676351480464227,0.017970120677736474,-0.007168452042999433,37.55135893516953,-1.6222074254121992,-1.5229268452451739,1.7364289419991619,46.43425418105491,780253500.0,Bear / Normal,-0.0019214036153912817,0
2022-01-12,88.88999938964844,89.5199966430664,87.66999816894531,88.30999755859375,5840300,-0.0019214036153912817,-0.00192325187920455,2022,1,1,2,90.54800033569336,92.47040023803712,91.99680015563965,86.83415008544922,0.012105043926354258,0.013583774055709975,0.02248006042143767,0.025673369956221614,0.021397160463922926,-0.11592753931135491,0.5470822529638345,0.020948913206498714,0.0046337705375179,42.75022124525393,-1.5393230025104714,-1.5262060766982333,1.7007146562848763,57.380372301952875,774413200.0,Bear / Normal,-0.005888310015198295,0
2022-01-13,88.7300033569336,88.91999816894531,87.55000305175781,87.79000091552734,6044300,-0.005888310015198295,-0.0059057144681228645,2022,1,1,3,89.75500030517578,92.30880020141602,91.9835001373291,86.92225009918212,0.0127822141737508,0.0137044794932211,0.02001495514657158,0.02566439042957651,0.016794123687035478,-0.15301495780867602,0.5894023041521839,0.015605366247868327,0.004756039066371501,41.28274454208814,-1.4983241355527497,-1.5206296884691366,1.705714089529854,46.861891962638445,768368900.0,Bear / Normal,-0.00113906450709933,0
2022-01-14,87.4800033569336,88.0999984741211,86.66000366210938,87.69000244140625,6054800,-0.00113906450709933,-0.0011397137341294672,2022,1,1,4,88.97850036621094,92.13960021972656,91.97490013122558,87.00165012359619,0.011488894712456676,0.013355378697731473,0.02005728480185131,0.025661453589716225,0.0020569112190806926,-0.15045532450722332,0.5991858522154033,0.016421425155894044,-0.0035311260435232665,41.58326281290763,-1.4571046834724228,-1.507924687469794,1.714999062674386,50.352926815257355,762314100.0,Bear / Normal,-0.024404143346653084,0
2022-01-18,86.87000274658203,86.97000122070312,85.33999633789062,85.55000305175781,6824700,-0.024404143346653084,-0.02470685962217939,2022,1,1,1,88.42500038146973,91.93800033569336,91.94420013427734,87.05860012054444,0.009452897995596553,0.01518229764479843,0.015726354389047435,0.02583297711791304,-0.041778626551728926,-0.11457254585118337,0.7580755254138636,0.01905324166764022,-0.00935111953466002,37.33660533023004,-1.5789172614045555,-1.5221232022567464,1.7914276123046875,4.952982117730042,755489400.0,Bear / Normal,-0.025365350332331227,0
2022-01-19,85.7699966430664,86.69000244140625,83.2300033569336,83.37999725341797,10501800,-0.025365350332331227,-0.025692596498302103,2022,1,1,2,88.0120002746582,91.70660034179687,91.89080009460449,87.10410011291503,0.012135254175111158,0.015936967942136736,0.012487671280458879,0.025848476967988237,-0.05764021146045728,-0.09013533600223389,1.2116317478484244,0.04149675220013061,0.002571520554774235,32.7129512920272,-1.829466982883858,-1.583591958382169,1.933570316859654,2.3621091736582773,744987600.0,Bear / Normal,-0.007915519962286788,0
2022-01-20,83.91999816894531,85.0,82.5199966430664,82.72000122070312,10836900,-0.007915519962286788,-0.007947013994944387,2022,1,1,3,87.57250022888184,91.45820037841797,91.82450012207032,87.14735012054443,0.011180895454515252,0.014257803580558158,0.012484036114326842,0.025857770159674064,-0.06329969983502326,-0.0960550837103219,1.2873210123803482,0.029980697779691274,0.006476384424505455,31.670128885479244,-2.0575672518049117,-1.6783870170667174,2.029284340994699,2.8329239470956993,734150700.0,Bear / Normal,-0.006044487338267346,0
2022-01-21,83.36000061035156,83.38999938964844,82.02999877929688,82.22000122070312,11609000,-0.006044487338267346,-0.0060628292006454036,2022,1,1,4,87.19050025939941,91.21080047607421,91.75220016479493,87.18205013275147,0.011156453331079553,0.014227394351013238,0.012105611127368144,0.025846671070285543,-0.06344685769150116,-0.08502113663204602,1.3703303240915616,0.01654099477207393,0.007736936414457629,32.3425377433726,-2.2527162687452886,-1.7932528674024317,2.060713086809431,2.5165876106767016,722541700.0,Bear / Normal,0.0024324610225354704,1
2022-01-24,81.22000122070312,82.41999816894531,79.58999633789062,82.41999816894531,16770400,0.0024324610225354704,0.0024295073780028773,2022,1,1,0,86.82550010681152,90.98260040283203,91.68510017395019,87.21625011444092,0.012171749448516058,0.013018185324923187,0.012186885966697905,0.025835868980554413,-0.060098119805416905,-0.0813642772228732,1.8998054926518817,0.03433634911339991,-0.012162490697557888,29.91199902003612,-2.3639846449072053,-1.9073992229033865,2.107141767229353,28.328331080410262,739312100.0,Bear / Normal,-0.016379501384528705,0
2022-01-25,81.33000183105469,82.0999984741211,80.19999694824219,81.06999969482422,13469900,-0.016379501384528705,-0.01651512845925916,2022,1,1,1,86.40200004577636,90.72320037841797,91.59630020141601,87.24100009918213,0.010597258319309818,0.009537333224325071,0.012473413772846373,0.025893475580801913,-0.05236707419195752,-0.094594607260433,1.477349065517682,0.023436555236600164,-0.013224901263117476,22.348757385717875,-2.5319129131131604,-2.0323019609453414,2.133570534842355,14.904363660111636,725842200.0,Bear / Normal,-0.018255869773095346,0
2022-01-26,81.91000366210938,82.02999877929688,79.27999877929688,79.58999633789062,13971300,-0.018255869773095346,-0.018424564429689323,2022,1,1,2,85.94899978637696,90.44420028686524,91.49420013427735,87.25560009002686,0.00837361940301207,0.00991794823969568,0.012785593911714131,0.025972842181716485,-0.045454557932022244,-0.10219971835356889,1.4651641654401297,0.03455208099677723,0.01036146503573732,23.878319583986283,-2.7526898820542556,-2.1763795451671246,2.1428565979003906,3.027320539690369,711870900.0,Bear / Normal,0.0023872653618379758,1
2022-01-27,80.11000061035156,81.1500015258789,79.19999694824219,79.77999877929688,10331900,0.0023872653618379758,0.00238442037081679,2022,1,1,3,85.52749977111816,90.15940032958984,91.39200012207031,87.27040008544923,0.009906144071778897,0.010412715101536388,0.012900844777666098,0.02592049838499948,-0.03554161506311038,-0.09556740043838963,1.0574235031330517,0.02444227384649635,0.00653353808754201,25.189118937748304,-2.8791367155904766,-2.3169309792517954,2.148571559361049,5.6201729477334705,722202800.0,Bear / Normal,0.008774186366851344,1
2022-01-28,79.98999786376953,80.5,78.56999969482422,80.4800033569336,7854700,0.008774186366851344,0.008735916886435774,2022,1,1,4,85.15099983215332,89.85680038452148,91.30960014343262,87.28135009765624,0.012263956349182193,0.01197945387623272,0.013252268462838245,0.025852433006558668,-0.021162707831867467,-0.08555844331921736,0.8019549867067438,0.023981116111739153,0.0026322272209303617,22.431377336090677,-2.8895532517336875,-2.431455433748174,2.1635714939662387,17.44296067969215,730057500.0,Bear / Normal,0.008449307614463386,1
2022-01-31,80.48999786376953,81.63999938964844,80.12000274658203,81.16000366210938,10594200,0.008449307614463386,0.008413812016879999,2022,1,1,0,84.84850006103515,89.57340042114258,91.22650016784668,87.29240013122559,0.013327539497360298,0.012983805876660271,0.013502035576652294,0.025882282106992536,-0.015287485256347488,-0.06937272658956439,1.0563839525204561,0.018728395447030234,0.0001241862129603955,15.18013479028987,-2.8105399351739493,-2.5072723340333294,2.098571232386998,23.65301085952295,740651700.0,Bear / Normal,-0.0014785946422776197,0
2022-02-01,81.4000015258789,81.4000015258789,79.6500015258789,81.04000091552734,8016900,-0.0014785946422776197,-0.0014796888420539945,2022,2,1,1,84.50550003051758,89.30100036621094,91.14150016784669,87.30385013580322,0.011062731852613547,0.01164866246806786,0.013245087496837662,0.025879792292786606,-0.00037003551757497366,-0.07804323653318579,0.8100034706207158,0.021594274188423638,0.0029570952801912876,16.1202413610048,-2.726178838620328,-2.5510536349507293,2.0900001525878906,22.557095060192108,732634800.0,Bear / Normal,0.018015783168542798,1
2022-02-02,81.16000366210938,82.87999725341797,80.83999633789062,82.5,9287600,0.018015783168542798,0.01785542210297952,2022,2,1,2,84.18850021362304,89.07160034179688,91.06970016479492,87.32015014648438,0.0074076993683937315,0.011438113199507813,0.013762821881658198,0.026005969539996825,0.03656242990331693,-0.07136421205801635,0.9512284926096871,0.024727283824573863,0.0014807841217464573,26.32438657077799,-2.5125492338568876,-2.543352754731961,2.10357175554548,37.971023039300604,741922400.0,Bear / Normal,-0.006787849195075801,0
2022-02-03,81.62999725341797,82.76000213623047,81.62999725341797,81.94000244140625,8207200,-0.006787849195075801,-0.006810991426862565,2022,2,1,3,83.96250038146972,88.81820037841797,91.0002001953125,87.34655014038086,0.009691490857583104,0.011367716940976467,0.012672960165003784,0.026007663432217814,0.027074501067426704,-0.0522784720209204,0.853820929806748,0.01379063765125642,-0.010545487837357955,26.23884643107486,-2.3612147421054743,-2.506925152206664,2.0864295959472656,35.362048040374155,733715200.0,Bear / Normal,0.00207466638857956,1
2022-02-04,82.02999877929688,82.91000366210938,81.47000122070312,82.11000061035156,5570200,0.00207466638857956,0.0020725172402647784,2022,2,1,4,83.75100059509278,88.60160034179688,90.95740020751953,87.3827501296997,0.009569785460831438,0.011247877393841439,0.012714041892179673,0.026008954934641167,0.020253444152938727,-0.048992308396505146,0.5866511636234572,0.017537479365512386,0.0010983199317693417,27.463652543459176,-2.2021782950099436,-2.4459757807673204,2.086430140904018,42.142860386646745,739285400.0,Bear / Normal,-0.016684968169508374,0
2022-02-07,82.13999938964844,82.25,80.66000366210938,80.73999786376953,6292200,-0.016684968169508374,-0.016825730187386156,2022,2,1,0,83.41250038146973,88.34480026245117,90.88750015258789,87.41160011291504,0.012755353721487681,0.012345126826659633,0.012509568806418124,0.026066658826927467,-0.0051750342457898,-0.07736263406692401,0.6752968550111187,0.019692796382944966,0.0003653486673229067,29.285091411384414,-2.161769009462887,-2.389134426506434,2.0321437290736606,26.724106341697166,732993200.0,Bear / Normal,0.0006193095501709767,1
2022-02-08,80.29000091552734,80.86000061035156,79.80000305175781,80.79000091552734,6585300,0.0006193095501709767,0.0006191178571523051,2022,2,1,1,82.98800048828124,88.11400024414063,90.82290016174316,87.44305011749267,0.012769028833908614,0.011266593452127206,0.011217297814540785,0.02606284160748675,-0.0030848963126319795,-0.0950940633943902,0.7240038391894165,0.013120405329640551,-0.005573407978056372,36.35408409533442,-2.1014849211081668,-2.3316045254267808,1.860715048653739,34.525678310095124,739578500.0,Bear / Normal,0.032924817459726086,1
2022-02-09,81.75,83.6500015258789,81.6500015258789,83.44999694824219,8755900,0.032924817459726086,0.03239440671414386,2022,2,1,2,82.73650016784669,87.92420013427734,90.7935001373291,87.48420009613037,0.01859898856422407,0.013584284250469147,0.013991006599085263,0.026450319899170766,0.011515114524147663,-0.05684907569906006,0.9547403629385098,0.02396644785068657,0.01188264727805134,53.17665525910049,-1.8181118359286756,-2.2289059875271597,1.8878577096121651,96.0629034341274,748334400.0,Bear / Normal,-0.019173139995600663,0
2022-02-10,82.75,83.77999877929688,81.62000274658203,81.8499984741211,6336300,-0.019173139995600663,-0.019359328363185067,2022,2,1,3,82.41350021362305,87.74640014648438,90.75030014038086,87.51960010528565,0.02082496936069795,0.01557942901526309,0.014456159812671645,0.026531873674575174,-0.0010984130412922122,-0.0731513901377524,0.6890446971571184,0.026389689346149225,-0.008388220177843067,48.53056938050426,-1.7030118687130482,-2.123727163764338,1.945000239780971,62.95584175959349,741998100.0,Bear / Normal,-0.02565667090128365,0
2022-02-11,81.83999633789062,82.43000030517578,79.52999877929688,79.75,7670500,-0.02565667090128365,-0.025991543509808524,2022,2,1,4,82.01150016784668,87.54640014648437,90.67860015869141,87.53900009155274,0.023623176626076898,0.01773661965274371,0.01526729585712541,0.026587265715956356,-0.02874193877492237,-0.09158219423261582,0.8268222184015777,0.036363655496914185,-0.0001222008114469443,40.786759293483584,-1.7609475348561858,-2.0511712379827074,1.950000217982701,22.648762236687,734327600.0,Bear / Normal,-0.010031386228938066,0
2022-02-14,79.58000183105469,79.7300033569336,78.44000244140625,78.94999694824219,5389800,-0.010031386228938066,-0.010082039617614062,2022,2,1,0,81.57449989318847,87.32560012817383,90.58370010375977,87.55480007171631,0.02302198092102186,0.017631798812577152,0.015288204994361416,0.02660416096585767,-0.02216994009025819,-0.0996693494107731,0.5830696891495791,0.016339467579372283,-0.002131638482072884,42.39597842535759,-1.850088855366593,-2.0109547614594847,1.8849999564034599,9.55046547910916,728937800.0,Bear / Normal,0.010386316992029743,1
2022-02-15,79.38999938964844,79.93000030517578,79.20999908447266,79.7699966430664,5712800,0.010386316992029743,0.010332749793039888,2022,2,1,1,81.2854995727539,87.15620010375977,90.48720008850097,87.56700004577637,0.02393606674331673,0.01810971101882714,0.0149547575759525,0.026652274758376004,-0.012625377656913739,-0.06756290125664288,0.6217512820736071,0.009025965287735879,0.005573178700623706,50.67771166532711,-1.8334322065455808,-1.975450250476704,1.7585716247558594,24.906275538487037,734650600.0,Bear / Normal,-0.0072708314663137985,0
2022-02-16,79.47000122070312,79.77999877929688,78.22000122070312,79.19000244140625,6227000,-0.0072708314663137985,-0.007297392788329878,2022,2,1,2,81.07599983215331,86.96120010375977,90.37970008850098,87.57030006408691,0.013708752731120382,0.016811450737493735,0.014076596299380685,0.026652218896001646,-0.05104846809614738,-0.05025179839328864,0.6938548108529723,0.019699425565089648,-0.003760755108284899,47.84200286423248,-1.845755654963014,-1.949511331373966,1.7307139805385046,17.446072781162524,728423600.0,Bear / Normal,-0.04621800163243406,0
2022-02-17,78.76000213623047,78.9800033569336,75.33000183105469,75.52999877929688,9247100,-0.04621800163243406,-0.04732014688852465,2022,2,1,3,80.71649971008301,86.67080001831054,90.22460006713867,87.55200004577637,0.021296401286226382,0.02151457967466838,0.01712941189310031,0.027211071281057323,-0.0772144143267448,-0.08691975743838287,1.0395828672480414,0.048325189790409326,-0.005429982218954271,35.11724174632879,-2.1263426299886703,-1.984877591096907,1.8685711451939173,2.3668286446398294,719176500.0,Bear / Normal,-0.012710169468926225,0
2022-02-18,75.5,75.7300033569336,74.27999877929688,74.56999969482422,7790100,-0.012710169468926225,-0.012791634700295536,2022,2,1,4,80.33399963378906,86.3833999633789,90.06540008544921,87.52615005493163,0.020566556621173265,0.0212592215101967,0.01722774154638913,0.02717466145256329,-0.06495298188308185,-0.0930430723948058,0.8949956141182309,0.01944487841720296,-0.00039717701286522204,30.514472166238733,-2.3985250287844906,-2.067607078634424,1.8635717119489397,3.0526412160773027,711386400.0,Bear / Normal,-0.0060345574639102395,0
2022-02-22,73.81999969482422,74.91000366210938,73.62000274658203,74.12000274658203,8039000,-0.0060345574639102395,-0.0060528389901883676,2022,2,1,1,79.9189998626709,86.09040008544922,89.89410011291504,87.49475006103516,0.020795385564840247,0.021118996601256566,0.01714633228246782,0.027143608729069443,-0.06117788965624138,-0.10070365938797854,0.9723622451540642,0.017404221097210237,-0.010057663981082949,29.930388373575013,-2.620336920820108,-2.178153047071561,1.8307146344866072,4.921261764178026,703347400.0,Bear / Normal,-0.022261217818897006,0
2022-02-23,74.06999969482422,74.37999725341797,72.3499984741211,72.47000122070312,6807100,-0.022261217818897006,-0.0225127385075967,2022,2,1,2,79.48899993896484,85.48720016479493,89.74750015258789,87.45635005950928,0.01655779399104315,0.02128214146892756,0.01739762613298515,0.027222454049425047,-0.09151304662863857,-0.1060811460033858,0.8579273299467947,0.02801157368708513,-0.0006746229075135637,21.22775962713561,-2.8958838306523518,-2.3216992037877193,1.8300001961844308,1.0498927679616168,696540300.0,Bear / Normal,0.032289172050160575,1
2022-02-24,70.94000244140625,74.94000244140625,70.2300033569336,74.80999755859375,11240500,0.032289172050160575,0.0317788332841106,2022,2,1,3,79.25,84.96560012817383,89.59820014953613,87.44195003509522,0.028586074104576434,0.02113814653057733,0.019033266640742084,0.027586442867208107,-0.05531007384490638,-0.06005778363154979,1.4414935465896537,0.06295948721002996,-0.02111216715227248,31.441936349930813,-2.892100262049297,-2.435779415440035,2.0857140677315846,33.800706634197155,707780800.0,Bear / Normal,0.020585496134004844,1
2022-02-25,74.6500015258789,76.83000183105469,74.31999969482422,76.3499984741211,8291800,0.020585496134004844,0.020376478429769886,2022,2,1,4,79.07849998474121,84.49480010986328,89.46910011291504,87.43995002746583,0.023085201288267642,0.02301633167102051,0.019722812852300556,0.0276228992917037,0.010856609401256767,-0.04299323586936277,1.0774434400017672,0.03287494677660323,-0.002138698542123723,36.00582177091717,-2.7333284442464247,-2.495289221201313,2.1621426173618863,45.16603088357427,716072600.0,Bear / Normal,-0.004977043366238831,0
2022-02-28,75.56999969482422,76.69999694824219,75.0199966430664,75.97000122070312,9234400,-0.004977043366238831,-0.004989470095968818,2022,2,1,0,78.85299987792969,83.94120010375977,89.31390014648437,87.4291000366211,0.02205819261047669,0.022031010965178437,0.019566167752779737,0.027602951153768766,0.01877432656039124,-0.05603879160178882,1.1892651383584498,0.0221139960271312,-0.01021609423556513,37.82542268388935,-2.6080986990126007,-2.5178511167635707,2.1685714721679688,42.3616221618502,706838200.0,Bear / Normal,0.0005265356704566848,1
2022-03-01,75.9800033569336,76.5,75.62000274658203,76.01000213623047,8752100,0.0005265356704566848,0.0005263970991902292,2022,3,1,1,78.59549980163574,83.39700012207031,89.16060020446777,87.414700050354,0.021506181600906685,0.02199604739801162,0.019408186458978842,0.027597629855459264,0.025499181322353515,-0.06345491983119822,1.1406820815124812,0.011577387563294312,0.00013165902421682463,37.79366175340596,-2.4770713475307815,-2.509695162917013,2.155714307512556,42.65683197027069,715590300.0,Bear / Normal,0.029864446510578402,1
2022-03-02,76.44999694824219,78.86000061035156,76.25,78.27999877929688,8527200,0.029864446510578402,0.029427188251267614,2022,3,1,2,78.45749969482422,83.03020004272462,89.0203002166748,87.41070003509522,0.01701077196562021,0.02412817031988335,0.020763519764793563,0.027816343493609515,0.08017107024601455,-0.03405728165165467,1.1076867919209739,0.03334185808702188,0.005788643594867016,36.52943819152617,-2.1651035040735565,-2.4407768311483222,2.1549998692103793,59.40958038315902,724117500.0,Bear / Normal,-0.000383224064444021,0
2022-03-03,78.95999908447266,79.04000091552734,77.43000030517578,78.25,8203000,-0.000383224064444021,-0.00038329751355138187,2022,3,1,3,78.24499969482422,82.76240005493165,88.85890022277832,87.40850002288818,0.01520423574651457,0.024047129032219852,0.02025346115262934,0.02778858693154392,0.04598319146731589,-0.051515151515151514,1.0731327614232125,0.02057508767222444,0.008686769491310014,39.78433305751451,-1.898403774310836,-2.332302219780825,2.1157144818987166,65.7376938460788,715914500.0,Bear / Normal,-0.022492040079622577,0
2022-03-04,77.66999816894531,77.91000366210938,75.77999877929688,76.48999786376953,8841300,-0.022492040079622577,-0.022748844014720337,2022,3,1,4,77.97249946594238,82.46199996948242,88.67090019226075,87.39725002288819,0.018852606714159264,0.019894427401617232,0.02072947906483897,0.02785133688711328,0.0018336528152766984,-0.06651213589521077,1.1518588581076856,0.027846841970189204,-0.0074121639751397765,40.5671186172775,-1.8082157943463386,-2.227484934693928,2.0850001743861606,64.53604614762646,707073200.0,Bear / Normal,-0.028369698386057296,0
2022-03-07,76.29000091552734,76.38999938964844,73.44000244140625,74.31999969482422,11110100,-0.028369698386057296,-0.02877989500619944,2022,3,1,0,77.58299942016602,82.15119995117188,88.45840019226074,87.37525001525879,0.0230003435847066,0.021669194935011554,0.021425474577732792,0.02802518679494128,-0.021719119380891216,-0.09487274214616515,1.3970267865843882,0.03969317761511819,-0.0026146810540952914,37.58712959057734,-1.8900545153230865,-2.15999885081976,2.2092857360839844,42.164923965587484,695963100.0,Bear / Normal,-0.01332074633792657,0
2022-03-08,73.83999633789062,75.2300033569336,73.11000061035156,73.33000183105469,9134100,-0.01332074633792657,-0.01341026332357238,2022,3,1,1,77.21249961853027,81.8233999633789,88.2277001953125,87.34675003051758,0.023126664484340104,0.02200979320980657,0.021339904646720628,0.028058986947565475,-0.03525852163998755,-0.09177602463177592,1.128395247795799,0.02891044175160823,-0.006458602783969361,32.89054161043599,-2.011608277126129,-2.1303207360810337,2.2907142639160156,32.46073256602625,686829000.0,Bear / Normal,0.03777439757124523,1
2022-03-09,74.91999816894531,76.94999694824219,74.69000244140625,76.0999984741211,8959500,0.03777439757124523,0.03707841774089831,2022,3,1,2,76.97799949645996,81.55459991455078,88.03590019226074,87.3303500366211,0.026323331081059102,0.02364862084581499,0.023340339549075523,0.01957238725331075,-0.027848752416592237,-0.058051768637928824,1.0908287352011572,0.029697694509211867,0.021682753282262622,42.64634484231183,-1.862950001859673,-2.076846589236762,2.4378569466727122,66.62879391449533,695788500.0,Bear / High Vol,0.0072273727041511915,1
2022-03-10,75.0999984741211,76.8499984741211,75.02999877929688,76.6500015258789,13812600,0.0072273727041511915,0.007201380408250096,2022,3,1,3,76.6379997253418,81.31459991455078,87.84910018920898,87.31945003509522,0.026896719142728526,0.021700674068910658,0.02193969927490757,0.019566471560442483,-0.020447264844998037,-0.08148586783748846,1.631477212931482,0.023744287783343913,-0.013140604731287406,53.12850169232035,-1.6813747564040256,-1.9977522226702147,2.292142595563616,72.87173607310365,709601100.0,Bear / High Vol,0.015264163674547193,1
2022-03-11,76.69999694824219,79.9000015258789,74.0,77.81999969482422,22795800,0.015264163674547193,0.015148838409928771,2022,3,1,4,76.43649978637696,81.10679992675782,87.66220016479492,87.31225002288818,0.025619362942299537,0.021272852005575403,0.022038350293825254,0.019715200883375614,0.017387918266430713,-0.04923639406750946,2.453987333800538,0.07581600551292875,0.0006522559865364331,58.97295038319728,-1.4266207955596144,-1.8835259372480948,2.609999520438058,78.49015279305323,732396900.0,Bear / High Vol,-0.00963762532692325,0
2022-03-14,77.91999816894531,78.5999984741211,75.44000244140625,77.06999969482422,13306200,-0.00963762532692325,-0.0096843678046679,2022,3,1,0,76.30249977111816,80.88799987792969,87.46230018615722,87.30270000457763,0.020640312406604296,0.021495295891545654,0.02142705729208141,0.018954441896953163,0.037002153004469296,-0.03360501950063677,1.3902513563001022,0.04100163546422148,0.001284997102457514,58.011946785664854,-1.2705985094785461,-1.7609404516941853,2.7435706002371654,70.73420509899279,719090700.0,Bear / High Vol,0.04580250153463972,1
2022-03-15,78.05000305175781,81.54000091552734,77.06999969482422,80.5999984741211,16847200,0.04580250153463972,0.044784534750902466,2022,3,1,1,76.3849998474121,80.75579986572265,87.30190017700195,87.3120000076294,0.022600373116382824,0.025608245080431982,0.02376524191897662,0.020046711198269427,0.09914082178554673,0.020899323491558874,1.6608134212084156,0.05545907326708381,0.012715756595486372,70.03450714790921,-0.852283727340307,-1.5792091068234098,2.9178564889090404,91.68874761876494,735937900.0,Bear / High Vol,-0.007940439227848484,0
2022-03-16,81.0,81.2300033569336,77.75,79.95999908447266,14071300,-0.007940439227848484,-0.007972132398699826,2022,3,1,2,76.39449996948242,80.59699981689454,87.1385001373291,87.31395000457763,0.022497839685460402,0.024488137981769863,0.023749860643038346,0.01844423639413283,0.050722742283157984,0.0023818785182656566,1.3322735462564868,0.04352180336141814,0.004962798181780835,63.85154559971633,-0.5658856729607891,-1.3765444200508856,2.8299996512276784,81.25739295543546,721866600.0,Bear / High Vol,0.008003994459433672,1
2022-03-17,79.77999877929688,81.29000091552734,79.26000213623047,80.5999984741211,10462400,0.008003994459433672,0.007972132398699846,2022,3,1,3,76.46499977111816,80.43219985961915,86.96200012207031,87.3156000137329,0.022475345901577643,0.024526109366074356,0.023736275581889336,0.017357017973206934,0.05153290110383857,0.017805227797007772,0.9711109708510772,0.025186089549972677,-0.0022511294051619783,62.01244510842891,-0.2839968109768165,-1.1580348982360718,2.7957136971609935,88.84931901094814,732329000.0,Bear / High Vol,0.013399526693557595,1
2022-03-18,79.62999725341797,81.98999786376953,78.83999633789062,81.68000030517578,24176000,0.013399526693557595,0.013310547011564056,2022,3,1,4,76.7724998474121,80.3365998840332,86.79990013122558,87.31855003356934,0.022387652518378497,0.02291690437193838,0.021068129428185638,0.017470330354912557,0.049601652859017964,0.0814246210151488,2.098595626681574,0.03856515076040348,-0.012034754827130317,65.52474617420334,0.02624670913438365,-0.9211785767619807,2.900713784354074,96.50903542256806,756505000.0,Bear / High Vol,-0.008814902277338721,0
2022-03-21,81.27999877929688,81.9800033569336,80.2699966430664,80.95999908447266,8131300,-0.008814902277338721,-0.00885398336188212,2022,3,1,0,77.09199981689453,80.22899993896485,86.63970008850097,87.30890003204345,0.022210240997591425,0.020260918491542188,0.020921748671202906,0.017364891413047662,0.05047358771314081,0.08569128893387878,0.7047930835575006,0.021121624669029303,-0.004897178310289007,62.978497660771446,0.2115798915114624,-0.694626883107292,2.9600001743861606,88.40091105996207,748373700.0,Bear / High Vol,0.010375543191505132,1
2022-03-22,81.45999908447266,82.2300033569336,80.83000183105469,81.80000305175781,9292300,0.010375543191505132,0.010322086685489219,2022,3,1,1,77.47599983215332,80.1147999572754,86.49740013122559,87.29820003509522,0.010569694498145621,0.01871628112900981,0.02081558856990643,0.0174334577082917,0.01488839454534241,0.10361575850764426,0.8010734658584925,0.01711493244068799,0.006175889397902614,59.97733671840873,0.42138164841070136,-0.47142517680369334,2.856428963797433,95.2850857930176,757666000.0,Bear / High Vol,-0.017237207940166144,0
2022-03-23,81.25,81.41000366210938,80.22000122070312,80.38999938964844,7451100,-0.017237207940166144,-0.017387498168765628,2022,3,1,2,77.87199974060059,79.93699996948243,86.33900009155273,87.2771000289917,0.01341200375087401,0.018094012900669792,0.020495285851443532,0.017553061838658877,0.005377692722601468,0.10928657424505106,0.6405685689747516,0.014802866655569135,-0.006723753438124027,55.62565433475466,0.4684752495918474,-0.28344509152458525,2.8542861938476562,79.82452397862767,750214900.0,Bear / High Vol,0.023012793732640757,1
2022-03-24,80.6500015258789,82.81999969482422,80.48999786376953,82.23999786376953,7025700,0.023012793732640757,0.022751992983801865,2022,3,1,3,78.24349975585938,79.81219985961914,86.20200004577637,87.26570003509522,0.016625413028162807,0.01891730676811324,0.019952447441319382,0.017802837913314783,0.020347387353549573,0.09931828027873357,0.615141748684691,0.02833173506295967,0.003234259711462921,65.04447884969015,0.6476114222466691,-0.09723378877033437,2.851428985595703,94.0267570984412,757240600.0,Bear / High Vol,-0.006201295234476323,0
2022-03-25,82.04000091552734,82.83999633789062,81.2300033569336,81.7300033569336,5682300,-0.006201295234476323,-0.006220603129795671,2022,3,1,4,78.5125,79.68059997558593,86.07550010681152,87.26285003662109,0.016203879630564296,0.019120228278894653,0.019744431065359225,0.017808113999585463,0.0006121823160012418,0.07046502934294163,0.503268370384902,0.019698922241882508,-0.0024318695700051235,71.23210589688904,0.7398967658355105,0.0701923221508346,2.7485716683523997,88.59205068492076,751558300.0,Bear / High Vol,0.02288015466022686,1
2022-03-28,81.73999786376953,83.70999908447266,81.73999786376953,83.5999984741211,6626700,0.02288015466022686,0.022622329237021833,2022,3,1,0,78.8939998626709,79.59679992675781,85.95280006408692,87.2663500213623,0.01789383847541405,0.019104932241585715,0.02008758272509912,0.018074479086867795,0.03260868848199827,0.10043434422558173,0.5937685085046158,0.023564608333251958,0.00012228687661114128,78.01418410196837,0.95294162539345,0.24674218279935767,2.7385711669921875,98.8671408782369,758185000.0,Bear / High Vol,0.008253617870816576,1
2022-03-29,84.48999786376953,84.51000213623047,83.11000061035156,84.29000091552734,5762000,0.008253617870816576,0.00821974303251146,2022,3,1,1,79.30799980163575,79.52879989624023,85.8342000579834,87.27470001220703,0.017805846884071524,0.013903102583713928,0.020071585987764148,0.018076649986622683,0.030440070548579667,0.10893301600566829,0.5232994018202863,0.01660934287190175,0.010645925907808986,75.20000751201923,1.1640403098271719,0.4302018082049205,2.580000196184431,97.90674428176634,763947000.0,Bear / High Vol,-0.011033340788639934,0
2022-03-30,83.95999908447266,84.36000061035156,83.12000274658203,83.36000061035156,5533100,-0.011033340788639934,-0.011094659544094809,2022,3,1,2,79.56199989318847,79.48499984741211,85.71150009155274,87.28330001831054,0.015881631790695662,0.014242668934169481,0.019520857654083026,0.01809432866157014,0.036944909108751256,0.06489527223138158,0.5094372629175413,0.014875214187744974,-0.003915076847435373,70.1743842233454,1.241977541835837,0.5925569549311038,2.5385714939662387,89.0580276676198,758413900.0,Bull / High Vol,-0.007557548570120032,0
2022-03-31,83.11000061035156,83.91000366210938,82.58999633789062,82.7300033569336,9433300,-0.007557548570120032,-0.007586251547861329,2022,3,1,3,79.78600006103515,79.47199996948243,85.58930015563965,87.31155002593994,0.014149980120586,0.014633387938454721,0.01965808360419681,0.018052511623777877,0.005958238155304274,0.05725243906624411,0.8636405875279177,0.015955605834121128,-0.002999040285143127,65.25793902931699,1.238629694369564,0.7217715028187959,2.2114290509905135,80.37487498138915,748980600.0,Bull / High Vol,-0.008703024193009168,0
2022-04-01,83.04000091552734,83.36000061035156,81.47000122070312,82.01000213623047,6147500,-0.008703024193009168,-0.008741116682337192,2022,4,2,4,80.0620002746582,79.45779998779297,85.45800018310547,87.33380004882812,0.014519543392349891,0.014507710918674569,0.018947040862621396,0.017763727820691452,0.003425899520327347,0.07216635411981831,0.5698448047719578,0.023045961960943193,0.003747099552943136,65.37983559269858,1.1644553040265748,0.8103082630603516,2.120715005057199,66.3978604887733,742833100.0,Bull / High Vol,0.02511885751657217,1
2022-04-04,82.25,84.30000305175781,82.0,84.06999969482422,7882400,0.02511885751657217,0.024808564420451554,2022,4,2,0,80.5495002746582,79.49479995727539,85.35280021667481,87.37300003051757,0.01538085829488663,0.015981256074474554,0.01793623633134687,0.018073878061624776,0.005622024273703952,0.13118945156130035,0.74175844857829,0.02735819031886368,0.002926446256773169,61.891713816580726,1.2574016090983662,0.8997269322679546,1.9657151358468192,93.49109020176131,750715500.0,Bull / Normal,-0.01344114734768509,0
2022-04-05,83.4000015258789,84.5199966430664,82.66999816894531,82.94000244140625,5143400,-0.01344114734768509,-0.013532297263138674,2022,4,2,1,81.03000030517578,79.50520004272461,85.24390022277832,87.39775005340576,0.015948683823383616,0.016667428523404606,0.017943198999142665,0.01805960215588385,-0.016016116496119337,0.13105141647878438,0.49327210189213594,0.022305261872014565,-0.007969527434012361,59.88065153435379,1.2257511941771213,0.964931784649788,1.8492862156459264,72.18320216954179,745572100.0,Bull / Normal,-0.009886661088580495,0
2022-04-06,81.91999816894531,82.47000122070312,81.37000274658203,82.12000274658203,5492400,-0.009886661088580495,-0.009935858657357114,2022,4,2,2,81.33100051879883,79.52620010375976,85.12470024108887,87.4149500656128,0.015814180818278047,0.01589291789824031,0.016666393937464566,0.017884824526346044,-0.014875214187744956,0.07910649662507052,0.535647933682799,0.013395012631887393,-0.01229809793147196,54.98035655183241,1.121572104903251,0.9962598487004807,1.8164291381835938,57.74658859969724,740079700.0,Bull / Normal,-0.007062856936872475,0
2022-04-07,81.25,82.01000213623047,80.77999877929688,81.54000091552734,7112200,-0.007062856936872475,-0.0070879169776287615,2022,4,2,3,81.57550048828125,79.5652001953125,85.00470024108887,87.43215007781983,0.015779218172113002,0.014291016394360215,0.016823812233544205,0.017872605852046447,-0.01438417010902393,0.06379646826226693,0.7170474445821189,0.015084662044679583,-0.010594285405308783,49.52574714853857,0.9809009104888418,0.9931880610581529,1.6871435982840401,30.697700001241994,732967500.0,Bull / Normal,-0.007358332933337541,0
2022-04-08,81.70999908447266,81.83000183105469,80.26000213623047,80.94000244140625,6182500,-0.007358332933337541,-0.007385539008180981,2022,4,2,4,81.73150062561035,79.5884002685547,84.87390029907226,87.448150100708,0.01566438981284071,0.014344519214140095,0.01673235796699871,0.017890079321160317,-0.013047185306089837,0.04009255665403888,0.6802878280470045,0.01939707990447327,0.0020848438439610125,49.931705415570335,0.8116469521375365,0.9568798392740296,1.6771430969238281,16.74423226030812,726785000.0,Bull / Normal,-0.014578703602461607,0
2022-04-11,80.62999725341797,81.12999725341797,79.69999694824219,79.76000213623047,5738400,-0.014578703602461607,-0.014686017174066951,2022,4,2,0,81.86600074768066,79.57400024414062,84.71540031433105,87.4546501159668,0.0034402195600543297,0.012178089680948082,0.016949828935162246,0.017962931900990013,-0.051266772620900736,0.034903366446839446,0.658853516348199,0.017928789705062117,-0.0038300615102241802,43.19091276254077,0.5756599581202124,0.8806358630432662,1.6792858668736048,1.244920991441465,721046600.0,Bull / Normal,-0.005391177202344388,0
2022-04-12,79.94999694824219,80.98999786376953,79.0199966430664,79.33000183105469,6174700,-0.005391177202344388,-0.005405762041410756,2022,4,2,1,81.80250091552735,79.53740020751952,84.55540031433105,87.45880012512207,0.003580326922179567,0.0113081354548328,0.013471942281512885,0.017970113305153496,-0.043525446154910385,-0.015756782470339292,0.7552179842344409,0.024832990989947817,0.002382081330529639,46.214290307497635,0.34990761700292694,0.7744902138351984,1.7071429661342077,5.636457963423296,714871900.0,Bull / Normal,0.005294316894631557,1
2022-04-13,79.26000213623047,79.95999908447266,78.62999725341797,79.75,4728600,0.005294316894631557,0.005280351269551481,2022,4,2,2,81.79200096130371,79.51160018920899,84.40630027770996,87.46705013275147,0.0071473417662373286,0.011671840867561355,0.01342294948521029,0.017736320454378028,-0.02886023705936458,-0.002626301736832204,0.6133937136419327,0.016677138947394202,-0.0008823861491052749,40.09546162749693,0.20255270092087585,0.660102711252334,1.6285716465541296,19.015328737561752,719600500.0,Bull / Normal,-0.0037617937524490053,0
2022-04-14,79.83000183105469,80.36000061035156,79.31999969482422,79.44999694824219,5590400,-0.0037617937524490053,-0.0037688870932782643,2022,4,2,3,81.73450088500977,79.45060012817383,84.26110023498535,87.47510013580322,0.007156217696269314,0.011617773649004475,0.013308901275401634,0.01745060172767159,-0.02563164022343256,-0.014268009276056537,0.7488498475951785,0.013090005732849226,0.00100315775617163,40.776667866218865,0.06086353232981878,0.540254875467831,1.587857927594866,13.921897789418326,714010100.0,Bull / Normal,-0.0154813816838828,0
2022-04-18,79.1500015258789,79.9800033569336,77.91000366210938,78.22000122070312,4955900,-0.0154813816838828,-0.0156024696382846,2022,4,2,0,81.56150093078614,79.37620010375977,84.09720024108887,87.4685001373291,0.008563896266348016,0.012111400289387633,0.013272789079776892,0.017531103241259692,-0.03360515367753014,-0.042360419583071574,0.7619409283997841,0.02646381568038553,-0.0037759022515597286,27.047780736809827,-0.14895941884668673,0.4024120166049275,1.5942867824009486,4.689831887671185,709054200.0,Bull / Normal,0.01713112141368711,1
2022-04-19,78.25,79.77999877929688,78.23999786376953,79.55999755859375,5412400,0.01713112141368711,0.016986038366026825,2022,4,2,1,81.49150085449219,79.3252000427246,83.96340019226074,87.45720012664795,0.012282287190020991,0.010010816615557047,0.013835790568060207,0.017667953865796074,-0.0025075798931789572,-0.01729250916144609,0.8498884721588665,0.019356472634293076,0.00038351801110602616,30.88113119919771,-0.20475878191568597,0.2809778569008048,1.605715070452009,24.962112686623154,714466600.0,Bull / Normal,0.009175507533116356,1
2022-04-20,79.79000091552734,81.86000061035156,79.79000091552734,80.29000091552734,9472600,0.009175507533116356,0.00913366829993148,2022,4,2,2,81.41600074768067,79.31620010375977,83.83050018310547,87.44325012207031,0.012539701192238744,0.01054624418681494,0.01378737700000912,0.01770764576111198,0.012101336976105381,-0.01845968312831281,1.4853435109715902,0.02578153781567463,0.00289094223217142,37.387008704537834,-0.18790891217828687,0.18720050308498645,1.681429726736886,36.00604811948499,723939200.0,Bull / Normal,-0.010088398920881092,0
2022-04-21,81.48999786376953,81.5999984741211,79.33000183105469,79.4800033569336,5616100,-0.010088398920881092,-0.010139631679528877,2022,4,2,3,81.37050094604493,79.2900001525879,83.70200019836426,87.41020015716553,0.013522529943564982,0.01056065633882099,0.013427922197791303,0.017629168540491638,-0.0033855378440929007,-0.011319766632962858,0.8934824353326556,0.02856060074472026,0.014945783217821824,36.84209550897057,-0.2371812250390377,0.10232415746018161,1.749286106654576,23.75191167898798,718323100.0,Bull / Normal,-0.04114247778495683,0
2022-04-22,79.2699966430664,79.69999694824219,76.16000366210938,76.20999908447266,9357100,-0.04114247778495683,-0.04201278425501241,2022,4,2,4,81.06900100708008,79.1452001953125,83.53470016479493,87.36330017089844,0.02283251372034883,0.01602597048313367,0.015080651409009951,0.018263153446627656,-0.04078033968812145,-0.07332197149719732,1.4615444690887507,0.04645050949559801,-0.002642258492668611,30.536894538170543,-0.5339370106955954,-0.024928076170973784,1.867142813546317,0.598031870088459,708966000.0,Bull / Normal,0.010103717119947175,1
2022-04-25,76.19999694824219,77.05999755859375,74.69999694824219,76.9800033569336,7305900,0.010103717119947175,0.010053015798658088,2022,4,2,0,80.83150100708008,79.04780029296874,83.39710021972657,87.30940017700195,0.023613026089472133,0.016865926989823986,0.01537567902686827,0.018311360169006016,-0.015852695530786165,-0.05811819166647603,1.1268659248725201,0.030657320179747656,-0.00013124440822236708,23.952990374967072,-0.6989283878576202,-0.15972813850830309,1.8714283534458704,23.21798859009251,716271900.0,Bull / Normal,-0.032086270628626234,0
2022-04-26,76.3499984741211,76.6500015258789,74.4800033569336,74.51000213623047,7555200,-0.032086270628626234,-0.032612318227444204,2022,4,2,1,80.37700119018555,78.94300033569336,83.24470024108886,87.24655017852783,0.023399316035871302,0.018784783752418953,0.015441845257650461,0.018718507696945996,-0.06347405200262979,-0.10873201559572387,1.1570330201284724,0.029123582159852758,-0.00818400695426516,21.80602767912869,-1.0172672748884253,-0.33123596578432757,1.9178570338657923,0.375454159166973,708716700.0,Bull / Normal,0.003355254232081606,1
2022-04-27,74.58000183105469,76.0199966430664,74.41999816894531,74.76000213623047,7279200,0.003355254232081606,0.003349637925851156,2022,4,2,2,79.9005012512207,78.85920043945312,83.09240028381348,87.18500019073487,0.02214338453245793,0.01905034418531763,0.015247764838070778,0.01868593132461506,-0.06887531095079891,-0.1130620319822695,1.1019632391288388,0.02140179813271697,0.0009394670892135355,24.408907819118667,-1.235142274415253,-0.5120172275105126,1.9199998038155692,4.479628321021433,715995900.0,Bull / Normal,0.018459031754751498,1
2022-04-28,75.5199966430664,76.62999725341797,74.5999984741211,76.13999938964844,6177900,0.018459031754751498,0.01829073177630325,2022,4,2,3,79.53950119018555,78.78660049438477,82.97140029907227,87.12430019378662,0.02662233737626711,0.02031149346544756,0.016123091195302922,0.01885732177613197,-0.04202319861872261,-0.08661229807868487,0.9307002736556188,0.02666139736760836,0.01016579033065097,32.21343406680394,-1.281681113949503,-0.6659500047983107,1.969285147530692,23.11828839101865,722173800.0,Bull / Normal,-0.03598631318274015,0
2022-04-29,75.33999633789062,75.87000274658203,73.1500015258789,73.4000015258789,7946900,-0.03598631318274015,-0.036649786529165666,2022,4,2,4,79.07300109863282,78.67080047607422,82.81600028991699,87.06010021209717,0.025085809943469862,0.02261831439533706,0.017601915791569944,0.019226046731001728,-0.03687177000854036,-0.1127765194303324,1.2107560121488485,0.03705723656891375,-0.010507001026671618,28.233253324535156,-1.5221124432989654,-0.8371824924984417,2.070713588169643,2.870264365993744,714226900.0,Bull / Normal,0.008174365962506869,1
2022-05-02,73.93000030517578,74.5999984741211,72.52999877929688,74.0,7379900,0.008174365962506869,0.008141136795159156,2022,5,2,0,78.6725009918213,78.64020050048828,82.65550025939942,86.99265022277832,0.02476529915678001,0.022943647770990623,0.01785893935295976,0.01925679378559083,-0.03871139551808278,-0.09767103923402776,1.1139127015692345,0.02797296884897593,0.007220691665926075,32.79569034863239,-1.645275430542597,-0.9988010801072728,2.1164278302873885,15.755637001166079,721606800.0,Bull / Normal,-0.009594582222603454,0
2022-05-03,73.8499984741211,74.20999908447266,72.80999755859375,73.29000091552734,5211500,-0.009594582222603454,-0.009640906774565708,2022,5,2,1,78.13350105285645,78.61460052490234,82.49900024414063,86.92420021057129,0.020959848380225268,0.02155631210428339,0.016408444039182436,0.01927884045326635,-0.016373657035635758,-0.1282264638804388,0.8027992840043995,0.019102217333746813,-0.0020270476470122464,32.25616302342834,-1.7796591745171497,-1.1549726989892481,2.075713566371373,8.145787642836465,716395300.0,Bear / Normal,0.02619727309265918,1
2022-05-04,73.37999725341797,75.3499984741211,72.79000091552734,75.20999908447266,6759900,0.02619727309265918,0.025860002235760585,2022,5,2,2,77.74700088500977,78.63640045166015,82.36340026855468,86.85695018768311,0.02485162029693685,0.023632119518551264,0.017880292105186553,0.01950776393864097,0.006019220644512435,-0.09319994127555675,1.0285150898024111,0.03403799481128128,0.001227948379948215,37.74297586812185,-1.7115023202848363,-1.2662786232483658,2.1635704040527344,28.72454211375891,723155200.0,Bear / Normal,-0.03204355886253951,0
2022-05-05,74.0,74.72000122070312,71.98999786376953,72.80000305175781,7197200,-0.03204355886253951,-0.03256819154297504,2022,5,2,3,77.28100090026855,78.64300048828125,82.06510032653809,86.77250019073486,0.026423552849233145,0.025007085959694548,0.01887555330036164,0.01991348282986507,-0.04386651385164986,-0.1134924425609829,1.081029931395484,0.03750004453973269,-0.016088274155057987,33.88270179074517,-1.8308491713417823,-1.379192732867049,2.3192847115652904,8.206737209559389,715958000.0,Bear / Normal,-0.004258312843309686,0
2022-05-06,72.12999725341797,72.94000244140625,71.62999725341797,72.48999786376953,6222500,-0.004258312843309686,-0.004267405278916242,2022,5,2,4,76.82850074768066,78.59660049438476,81.7811003112793,86.68150016784668,0.021584323047541307,0.022214574755858228,0.018876363161477686,0.019394586309735975,-0.012397869798252414,-0.11098850809596272,0.9409154967912854,0.01807153023304228,-0.009203375965018808,35.46422216364374,-1.9282199195439773,-1.4889981702024349,2.2649993896484375,8.406650324006781,709735500.0,Bear / Normal,-0.013105214184548797,0
2022-05-09,71.63999938964844,72.58999633789062,71.16999816894531,71.54000091552734,7019700,-0.013105214184548797,-0.013191845215182903,2022,5,2,0,76.35850067138672,78.50040054321289,81.49760032653809,86.60075016021729,0.021093820129714374,0.02169450650096696,0.01894664112155348,0.019320039561765236,-0.03324323087125214,-0.11613542429386159,1.0547850520653335,0.019849009655759035,-0.011725734572630228,29.244314778082156,-2.0583167589405917,-1.6028618879500662,2.254999433244978,3.4612035741813925,702715800.0,Bear / Normal,0.013838382039420116,1
2022-05-10,72.5,73.62000274658203,71.2699966430664,72.52999877929688,8129000,0.013838382039420116,0.013743505916710237,2022,5,2,1,75.99700050354004,78.43160049438477,81.18640029907226,86.52410015106202,0.02278652410823204,0.020650621597559336,0.01932963559632073,0.019174642958775363,-0.010369792969527114,-0.09064698048258213,1.1999179290972348,0.03240047074406426,0.013419053287491559,30.183849759331096,-2.057813692310262,-1.6938522488221055,2.258571079799107,13.039315153966736,710844800.0,Bear / High Vol,-0.020681097824975625,0
2022-05-11,72.30999755859375,73.45999908447266,70.87000274658203,71.02999877929688,6932100,-0.020681097824975625,-0.020897946721022412,2022,5,2,2,75.58200035095214,78.3320004272461,80.8645002746582,86.4402501296997,0.01734265059520731,0.021283018460586153,0.019663692454250505,0.01930475051289576,-0.05557772046348497,-0.10462628085442294,1.0175559633027522,0.036463415210497396,-0.0030332445113169177,29.156374008263242,-2.153626803157607,-1.785807159689206,2.28142820085798,1.8119607902433545,703912700.0,Bear / High Vol,-0.004223503132745665,0
2022-05-12,70.87999725341797,70.93000030517578,68.97000122070312,70.7300033569336,11698900,-0.004223503132745665,-0.0042324473148395774,2022,5,2,3,75.13100051879883,78.18100051879883,80.60560028076172,86.3580001449585,0.012896476065278845,0.019664026089854274,0.019507716106146402,0.019243337841667797,-0.028434060550142193,-0.11310340618265091,1.6336929890525296,0.027710999454950817,-0.0021118052718118196,34.16185088359917,-2.2280825584184782,-1.8742622394350605,2.1757142203194753,21.75528965306515,692213800.0,Bear / High Vol,0.0062207661689384075,1
2022-05-13,70.95999908447266,71.9800033569336,70.52999877929688,71.16999816894531,6700100,0.0062207661689384075,0.006201497074140008,2022,5,2,4,74.71700057983398,78.03940048217774,80.4009002685547,86.27570014953614,0.013991478525378796,0.017161672569542027,0.019689496191702502,0.01925739033766289,-0.018209404520950545,-0.10421647699610226,0.928441765398739,0.02037381782973575,0.0032517420701707947,32.88151854367845,-2.225926284135653,-1.944595048375179,2.1107145036969865,28.645792458621962,698913900.0,Bear / High Vol,-0.020514249290928266,0
2022-05-16,70.69000244140625,70.91000366210938,69.38999938964844,69.70999908447266,6942100,-0.020514249290928266,-0.0207275892183432,2022,5,2,0,74.29150047302247,77.9038005065918,80.1829002380371,86.18855014801025,0.015555996123777904,0.017490617794907043,0.019857886333123912,0.018519674685176787,-0.02558012031919743,-0.10879573003609277,0.9489174814545485,0.0218046807118594,-0.00674435492325903,34.96237402636639,-2.3153373775855783,-2.018743514217259,2.0592858450753346,9.660551527821907,691971800.0,Bear / High Vol,0.031128936988161104,1
2022-05-17,71.05000305175781,71.9000015258789,70.69999694824219,71.87999725341797,5952500,0.031128936988161104,0.03065425733976502,2022,5,2,1,73.90750045776367,77.85500045776367,80.00310020446777,86.10995014190674,0.02157004075513875,0.020918197688266076,0.020917868864898194,0.018917076667407315,-0.008961830095390089,-0.09653092685830811,0.8106564035727443,0.016694555140368446,0.019222550349790944,41.94628352372711,-2.185897925898729,-2.0521743965535535,2.101428985595703,37.989524019159155,697924300.0,Bear / High Vol,-0.0498051521766012,0
2022-05-18,70.80000305175781,70.94000244140625,67.80999755859375,68.30000305175781,7977300,-0.0498051521766012,-0.05108821244629076,2022,5,2,2,73.3080005645752,77.75440048217773,79.78890022277832,86.00275016784668,0.030208721377443563,0.02330868438289575,0.022899649734276762,0.019952265977684694,-0.03843440482128768,-0.14933363715345005,1.097584634117817,0.04582730223951204,-0.015024961643397968,30.47806887894093,-2.3451583154400595,-2.110771180330855,2.247143336704799,6.079468706723802,689947000.0,Bear / High Vol,-0.01844805387893811,0
2022-05-19,67.4800033569336,67.9000015258789,66.72000122070312,67.04000091552734,9451600,-0.01844805387893811,-0.01862034142814806,2022,5,2,3,72.68600044250488,77.57320053100585,79.56390022277832,85.88770015716553,0.030498647104933316,0.02220808442296546,0.02301954812261506,0.01988990945685397,-0.052170256839730866,-0.15651738696512052,1.2670002312386686,0.017601436292678775,-0.012005851510765265,32.903201724737656,-2.5437225139487794,-2.1973614470544396,2.1464293343680247,3.7079930088909436,680495400.0,Bear / High Vol,0.023717128821255207,1
2022-05-20,67.87999725341797,68.69000244140625,66.8499984741211,68.62999725341797,7531100,0.023717128821255207,0.0234402470701435,2022,5,2,4,72.30700035095215,77.41280044555664,79.36370018005371,85.78370014190673,0.033701257703300236,0.024384993943197947,0.022703948498477514,0.019675626712137406,-0.035689208667644134,-0.09946203808050003,1.0220634387479177,0.026810491635179526,0.01252977813871227,36.29400197920549,-2.5434671494848544,-2.2665825875405226,2.1300010681152344,22.13205840776342,688026500.0,Bear / High Vol,0.02054500536992454,1
2022-05-23,69.30999755859375,70.47000122070312,68.66999816894531,70.04000091552734,7370200,0.02054500536992454,0.020336803588738624,2022,5,2,0,71.96000022888184,77.2572004699707,79.18200019836426,85.68630016326904,0.03451196971608781,0.025468650584824858,0.023183957625748788,0.019674865933134496,0.00473392390458649,-0.09015331435135832,0.9997910940971874,0.02569964346415029,0.009908208252797436,41.991119961736416,-2.4018027723777777,-2.293626624507974,2.1614298139299666,38.47046061931608,695396700.0,Bear / High Vol,-0.014420361550945615,0
2022-05-24,69.66999816894531,70.52999877929688,68.30999755859375,69.02999877929688,6644100,-0.014420361550945615,-0.014525345457420654,2022,5,2,1,71.68600006103516,77.09640045166016,78.99220016479492,85.58195014953613,0.030489106678800733,0.02510306437897314,0.022399080085720724,0.01974287111350239,-0.03964939597970807,-0.07354721782069229,0.9068976554646109,0.03215994871738193,-0.0052827347479375095,34.055711953477186,-2.344011162749581,-2.3037035321562955,2.1371443612234935,28.874969482421875,688752600.0,Bear / High Vol,0.011589208545629281,1
2022-05-25,68.87999725341797,70.22000122070312,68.7699966430664,69.83000183105469,7103300,0.011589208545629281,0.011522568047825685,2022,5,2,2,71.43950004577637,76.88100051879883,78.81840019226074,85.48290016174316,0.019758186465041856,0.02488624735275912,0.022607807200108593,0.019812733823306644,0.02240115242948737,-0.06594435746794325,0.970742300191735,0.02076477931569916,-0.002172990417665978,41.64321030694486,-2.2082025509319863,-2.284603335911434,2.010716029575893,45.072462646382064,695855900.0,Bear / High Vol,0.026206527038079575,1
2022-05-26,70.12999725341797,72.12000274658203,69.91000366210938,71.66000366210938,6758900,0.026206527038079575,0.025869019901212063,2022,5,2,3,71.21550025939942,76.71500061035157,78.65600021362305,85.39305019378662,0.016573107605373363,0.026324380307004597,0.023059606006004884,0.019720881279710455,0.06891412117376605,-0.05883892518323475,0.9200238482857003,0.030840063794766528,0.0042960821208208495,47.84863966093664,-1.9306520389003623,-2.2138130765092194,2.0807157244001115,71.59422244876973,702614800.0,Bear / High Vol,0.015629291933454192,1
2022-05-27,72.36000061035156,72.8499984741211,71.55000305175781,72.77999877929688,6566700,0.015629291933454192,0.015508412430744892,2022,5,2,4,71.18450012207032,76.55860061645508,78.4954002380371,85.30790019989014,0.01570173543047507,0.026672834676934223,0.022011347879486744,0.019841201613010128,0.06046920722661442,-0.008446903728788535,0.9023377758357003,0.017861987416425737,0.009768307458408836,53.18601976979283,-1.601851861562622,-2.0914208335199,2.072144099644252,87.82603215180944,709181500.0,Bear / High Vol,-0.011816441670457922,0
2022-05-31,72.2300033569336,72.9800033569336,71.5199966430664,71.91999816894531,16890300,-0.011816441670457922,-0.011886810707744735,2022,5,2,1,71.08050003051758,76.36340057373047,78.35000022888184,85.21560020446778,0.017784134737124903,0.02596922901012307,0.022065243955867026,0.01969263495684151,0.026841765117698424,-0.02810813285209035,2.178564288432145,0.020300427572836215,-0.007556958389503764,48.42213907373639,-1.3945942002398652,-1.9520555068638932,2.0085727146693637,77.15131448623256,692291200.0,Bear / High Vol,-0.004449384079133534,0
2022-06-01,73.0199966430664,73.2699966430664,71.1500015258789,71.5999984741211,5804700,-0.004449384079133534,-0.004459312048319153,2022,6,2,2,70.99599990844726,76.17620056152344,78.20260025024415,85.11950019836426,0.015399924007013748,0.024124826383178876,0.021991992933473543,0.01936516647164271,0.037230186010013266,-0.023059113389207297,0.745855182258908,0.02960887098278005,0.01529475114191629,51.57024828128318,-1.2418470714374905,-1.8100138197786129,1.9750011989048548,74.50382693026728,686486500.0,Bear / High Vol,0.02150839313333175,1
2022-06-02,71.4800033569336,73.19000244140625,71.01000213623047,73.13999938964844,6200400,0.02150839313333175,0.021280351720817166,2022,6,2,3,70.89249992370605,76.00300048828124,78.05890022277832,85.03045021057129,0.016656967168338203,0.01741462050249385,0.021710726253304176,0.019493993268494884,0.04740079438350708,-0.027522932057202687,0.799573416414828,0.029805856212302872,-0.0016759094936415495,56.21453598978551,-0.985172215764635,-1.6450454989758174,1.9835728236607142,98.01530772106914,692686900.0,Bear / High Vol,-0.01845773154753627,0
2022-06-03,72.55999755859375,72.95999908447266,71.2300033569336,71.79000091552734,8169500,-0.01845773154753627,-0.018630201035013994,2022,6,2,4,70.84199981689453,75.83100051879883,77.88400024414062,84.94470020294189,0.017362555293341405,0.017416192414094717,0.020890935415445552,0.01899964339740592,0.0018140838232569845,-0.013873655135871354,1.0469355717169129,0.02409800397655218,-0.007930022366622765,51.52710070539969,-0.8805388342896947,-1.492144166038593,2.0164293561662947,77.40462958972465,684517400.0,Bear / High Vol,0.01643683368334603,1
2022-06-06,72.62999725341797,74.83999633789062,72.62999725341797,72.97000122070312,5274700,0.01643683368334603,0.016303211165119152,2022,6,2,0,70.86599998474121,75.6456005859375,77.72890022277832,84.86600021362305,0.017541506578179086,0.016780544863054126,0.02120462581996119,0.019102459053690467,0.002610640898503158,0.006621649483776526,0.6800922141451754,0.030286406023049824,0.011700742821817454,58.14186484231884,-0.6943954046951433,-1.332594413769903,2.1071434020996094,76.97048963454051,689792100.0,Bear / High Vol,-0.0038371765741102015,0
2022-06-07,71.58999633789062,73.12999725341797,71.58999633789062,72.69000244140625,5675700,-0.0038371765741102015,-0.003844557423271541,2022,6,2,1,70.92350006103516,75.46480056762695,77.57270027160645,84.78475021362304,0.01645370084573287,0.0162397257181515,0.02099080992964459,0.018991764394301534,0.010706400056520238,0.016074944243246403,0.738191050196003,0.02118586963549359,-0.01891194819414315,52.233881165744734,-0.5629792823675928,-1.178671387489441,2.0607147216796875,73.52222673221185,684116400.0,Bear / High Vol,-0.018021806905898052,0
2022-06-08,72.01000213623047,72.1500015258789,70.94000244140625,71.37999725341797,5253500,-0.018021806905898052,-0.01818617749939268,2022,6,2,2,70.86599998474121,75.22040054321289,77.40860023498536,84.69605018615722,0.01878731611713324,0.016722410678968503,0.021174031416583115,0.019087312169839457,-0.003072642812731896,-0.015855529370381927,0.6962995459838023,0.016951514864547247,-0.00935479821621844,59.70993884461394,-0.558104053006133,-1.0545579205927795,1.8950004577636719,57.389148213292444,678862900.0,Bear / High Vol,-0.030260522777078358,0
2022-06-09,70.7699966430664,71.16000366210938,69.19999694824219,69.22000122070312,6824900,-0.030260522777078358,-0.030727823741380125,2022,6,2,3,70.77550010681152,74.91900054931641,77.22390022277833,84.59940017700195,0.017887351471698683,0.019476972004652943,0.021752984780571045,0.018434305542639074,-0.05359581899996724,-0.025482156690129543,0.905216177411707,0.028315612240714116,-0.008545820031148196,56.50358003374959,-0.7202316445434178,-0.9876926653829072,1.9378574916294642,29.662119902794423,672038000.0,Bear / High Vol,-0.030049144674568096,0
2022-06-10,67.9800033569336,68.22000122070312,66.95999908447266,67.13999938964844,10256100,-0.030049144674568096,-0.0305098733811602,2022,6,2,4,70.59599990844727,74.59460052490235,77.03980018615722,84.49200016021729,0.019774952113788775,0.018957306453968526,0.02269648994515019,0.018765613924791993,-0.06477227283156595,-0.050756451249810874,1.373452687922211,0.01876678802032778,-0.017913866540046494,45.68116752241161,-1.0049729903101081,-0.9911487303683475,1.9678573608398438,2.284268628364124,661781900.0,Bear / High Vol,-0.046023180905286676,0
2022-06-13,65.77999877929688,66.0999984741211,63.7599983215332,64.05000305175781,16547200,-0.046023180905286676,-0.047115906471925484,2022,6,2,0,70.2400001525879,74.22100051879883,76.84650024414063,84.36865016937256,0.015729461317287693,0.020942865290898963,0.024585391485250383,0.019522581873989812,-0.12224199012915082,-0.10004208655852231,2.0788618723727157,0.0365339584870429,-0.020256190388962765,34.17855845957972,-1.463103689984024,-1.0855397222914829,2.0778571537562778,2.6173716799991738,645234700.0,Bear / High Vol,0.10413735911230781,1
2022-06-14,72.0,72.43000030517578,69.0199966430664,70.72000122070312,29661300,0.10413735911230781,0.09906435960122736,2022,6,2,1,70.29050025939941,73.99520050048828,76.72650024414062,84.27550018310546,0.06128705162872415,0.04243428697265704,0.03431246090904338,0.023890334276610754,-0.02710140534513117,0.014488626445204433,3.2610244401200568,0.04821837674277506,0.12412172629902794,53.43636171836702,-1.2732848265080179,-1.12308874313479,2.517856870378767,62.815921888206624,674896000.0,Bear / High Vol,-0.014423137087875681,0
2022-06-15,70.44999694824219,71.41999816894531,68.66999816894531,69.69999694824219,11765500,-0.014423137087875681,-0.014528161608170886,2022,6,2,2,70.18150024414062,73.70780044555664,76.60130020141601,84.17675018310547,0.061102709050338995,0.042643633490133594,0.03373278286132378,0.023927904655623812,-0.02353600966404268,-0.030328330390581915,1.253469133369201,0.039454808040265694,-0.0038179336510233875,49.73799900119808,-1.1914238375250221,-1.1367557620128366,2.610713686261858,53.61010550669552,663130500.0,Bear / High Vol,-0.01420370024556361,0
2022-06-16,68.5,68.95999908447266,67.58000183105469,68.70999908447266,10686000,-0.01420370024556361,-0.014305538263819839,2022,6,2,3,70.20200004577637,73.42320037841797,76.46420021057129,84.07465019226075,0.05973981649331323,0.041955371408908926,0.031912707081115155,0.023919085741783516,-0.007367843502405602,0.0060028699033021216,1.1222685662404686,0.020084373043309,-0.017216599724290963,43.84646356620977,-1.192684443978365,-1.1479414984059422,2.5985704149518694,44.675105136587185,652444500.0,Bear / High Vol,-0.014408352160686477,0
2022-06-17,68.75,69.37000274658203,67.38999938964844,67.72000122070312,16445600,-0.014408352160686477,-0.01451316042779606,2022,6,2,4,70.23600006103516,73.1352003479004,76.33070022583007,83.96350021362305,0.05816919322010928,0.041835463053270606,0.03179725735577534,0.023892569023399104,0.008638692825846395,0.010143202504316884,1.6659702162339303,0.029238088027799296,0.0005821702235531438,39.38758738282285,-1.2590544416544418,-1.170164087055642,2.6471424102783203,35.74010476647886,635998900.0,Bear / High Vol,-0.0005906809628809517,0
2022-06-21,68.61000061035156,69.52999877929688,67.38999938964844,67.68000030517578,10047700,-0.0005906809628809517,-0.0005908554836083381,2022,6,2,1,70.18850021362304,72.85800033569336,76.21160026550292,83.85290019989014,0.05179281564835367,0.04120482865574724,0.03134334765940047,0.023657228317404314,0.056674427485735146,-0.013842299085840004,1.0050398532005844,0.03161937618201787,0.013142341606697283,40.79062015187866,-1.2998964850420975,-1.1961105666529332,2.695713315691267,35.379085608638846,625951200.0,Bear / High Vol,-0.01699174823719618,0
2022-06-22,66.93000030517578,67.56999969482422,66.37999725341797,66.52999877929688,8219900,-0.01699174823719618,-0.017137764401430895,2022,6,2,2,70.01300010681152,72.56980026245117,76.07910026550293,83.73555019378662,0.006548699661628711,0.04131070787279653,0.031156184209410947,0.023723118975547096,-0.05924777105602819,-0.050114250290541174,0.8187314488336421,0.017886704693230216,-0.011081560233720098,39.371069142152095,-1.408819615287257,-1.238652376379798,2.6371424538748607,25.00000860717046,617731300.0,Bear / High Vol,0.01653387185185684,1
2022-06-23,66.44999694824219,67.87000274658203,66.30999755859375,67.62999725341797,8775800,0.01653387185185684,0.0163986755693236,2022,6,2,3,69.94300003051758,72.32720016479492,75.95060020446778,83.6301001739502,0.014105253356645107,0.0418290253231201,0.03128169964574979,0.023619007207002024,-0.02969870567370836,-0.020281059693409542,0.8649188849033425,0.023066764029913363,-0.0012024925976638204,38.231518432274854,-1.3903541596772016,-1.2689927330392787,2.5928570883614674,34.92779444699791,626507100.0,Bear / High Vol,0.04539405322346157,1
2022-06-24,68.33000183105469,70.77999877929688,67.97000122070312,70.69999694824219,20132600,0.04539405322346157,0.04439389876267574,2022,6,2,4,69.98649978637695,72.15460006713867,75.8460001373291,83.5362501525879,0.02574592926975761,0.043486668167034545,0.0328476297089196,0.024399585851679065,0.028962274636665564,0.012458758332734243,1.864500803400677,0.03974537029543132,0.010350504303788671,47.83126922718445,-1.1151421699719322,-1.2382226204258096,2.681428909301758,62.63537788060477,646639700.0,Bear / High Vol,-0.004101743969594618,0
2022-06-27,69.37000274658203,70.8499984741211,68.94000244140625,70.41000366210938,8840600,-0.004101743969594618,-0.004110179195383238,2022,6,2,0,69.92399978637695,71.96780014038086,75.73970016479493,83.4406001663208,0.024062261888316568,0.04205012416271283,0.03232410643001958,0.02437556091492125,0.039722421631969373,-0.017443482223277407,0.810920263237673,0.02712677081911152,-0.01881179998683471,44.71947485572129,-0.9099454353932686,-1.1725671834193014,2.6000003814697266,70.97124971857953,637799100.0,Bear / High Vol,-0.0259906509852873,0
2022-06-28,70.56999969482422,71.06999969482422,68.52999877929688,68.58000183105469,7252100,-0.0259906509852873,-0.026334376807934226,2022,6,2,1,69.71399993896485,71.75040023803712,75.60050018310547,83.3351001739502,0.0285962373606041,0.03973455831452757,0.03257660003893313,0.024555590222819425,0.013297894825956114,-0.0577081206194926,0.663127657171752,0.037037049397936436,0.002272348024332577,42.03179201182364,-0.8847920665010207,-1.1150121600356453,2.671428952898298,55.594030066143404,630547000.0,Bear / High Vol,0.009186311411451209,1
2022-06-29,69.02999877929688,70.08999633789062,68.77999877929688,69.20999908447266,8077900,0.009186311411451209,0.009144373891202132,2022,6,2,2,69.57849998474121,71.5702001953125,75.47320014953613,83.23670017242432,0.026335134561617107,0.021025796605471443,0.032598330362235355,0.024591649713679935,0.04028258461369094,-0.037680744625530616,0.7696474279423206,0.018927865567442977,0.006561635115594558,45.67901347100889,-0.8047457194723222,-1.0529588719229808,2.6542857033865794,62.86043271064758,638624900.0,Bear / High Vol,0.009536247230748085,1
2022-06-30,68.20999908447266,70.25,68.20999908447266,69.87000274658203,9888600,0.009536247230748085,0.009491064248729286,2022,6,2,3,69.49200019836425,71.37640029907226,75.35080017089844,83.15410018920899,0.02596515536060472,0.020811763701651043,0.03268006851631438,0.024376022946418077,0.033121478399156024,-0.024161952016861443,0.9241872262794188,0.029197092247533057,-0.014448779269299992,51.376539007028036,-0.6802105888459806,-0.9784092153075808,2.6442857469831194,70.47292995522241,648513500.0,Bear / High Vol,0.014312293698155232,1
2022-07-01,69.8499984741211,70.9800033569336,69.80999755859375,70.87000274658203,7805600,0.014312293698155232,0.014210839703129231,2022,7,3,4,69.37850036621094,71.18800033569336,75.25210021972656,83.06980018615722,0.01636136234115633,0.02053468479180324,0.03246120509616026,0.024433764770177384,0.0024046082839903615,-0.031036322969776764,0.7240789459037258,0.0165091823479049,-0.0002863070226788575,58.277862454796754,-0.4951165624139833,-0.8817506847288614,2.5664288657052174,82.00695269116491,656319100.0,Bear / High Vol,0.01580351451646478,1
2022-07-05,70.37999725341797,72.0,70.18000030517578,71.98999786376953,9040400,0.01580351451646478,0.015679939229844102,2022,7,3,1,69.38850021362305,71.03820022583008,75.16410018920898,82.99350017547607,0.017327950434906137,0.01985296916163649,0.03240045924618677,0.02452400643032265,0.022439910800777563,0.002785860784115579,0.8352500580907343,0.025281285578981405,-0.0069141452543219325,69.30933536289182,-0.255113181218249,-0.7564231840267389,2.455000196184431,92.8104208506771,665359500.0,Bear / High Vol,-0.0045838895881705755,0
2022-07-06,72.31999969482422,72.73999786376953,71.30999755859375,71.66000366210938,6043700,-0.0045838895881705755,-0.004594427826461189,2022,7,3,2,69.32300033569337,70.94720031738281,75.04620025634766,82.91985019683838,0.008050488225268701,0.020046389277822933,0.032200769318310264,0.02451724949768129,0.04491107828550667,-0.017952549495395598,0.5564058668564408,0.019955347922092026,0.004583995566705911,53.30521578545821,-0.09049339515779309,-0.6232372262529497,1.9585718427385603,83.20382347741379,659315800.0,Bear / High Vol,0.002372288030389802,1
2022-07-07,71.83000183105469,71.9800033569336,71.18000030517578,71.83000183105469,7814500,0.002372288030389802,0.0023694785974523887,2022,7,3,3,69.28000030517578,70.84420028686523,74.946000289917,82.84815021514892,0.0085412983499918,0.018460934709916162,0.032196114768658246,0.024512441162461034,0.037855841370323606,-0.011831071419275196,0.712418434721567,0.011137449970270535,0.0023722880303898167,57.96562487517333,0.05307459195822162,-0.48797486261071554,1.8192863464355469,85.84765179587396,667130300.0,Bear / High Vol,0.0005568831199729285,1
2022-07-08,71.69000244140625,72.23999786376953,71.33000183105469,71.87000274658203,4927300,0.0005568831199729285,0.0005567281181108837,2022,7,3,4,69.30450057983398,70.79140029907227,74.86720031738281,82.77290023803711,0.008937785083321942,0.018316319434788318,0.031919207665870815,0.024455444314282336,0.028624587396310686,0.006864745194993693,0.44987224570458423,0.012661694697905393,-0.0019490378126081397,62.72144931667068,0.16814275071560303,-0.35675133994545183,1.7328578404017858,86.46974998605826,672057600.0,Bear / High Vol,-0.004174245725516945,0
2022-07-11,71.0,71.97000122070312,70.9000015258789,71.56999969482422,4543300,-0.004174245725516945,-0.004182982209836282,2022,7,3,0,69.42200050354003,70.72760025024414,74.79340034484864,82.6885502243042,0.008279900068307562,0.012247216120634046,0.031105343367064445,0.024452620502318258,0.009877196572790403,0.03394970287024823,0.41917833370315405,0.014950394011271718,-0.012105227679616396,66.41092233814837,0.2324478424711458,-0.23891150346213233,1.6678575788225447,81.80407288622473,667514300.0,Bear / High Vol,-0.01620785297835803,0
2022-07-12,71.5999984741211,71.94000244140625,70.06999969482422,70.41000366210938,7140800,-0.01620785297835803,-0.016340636944236278,2022,7,3,1,69.58550071716309,70.61300033569336,74.69980041503906,82.59350025177002,0.007244730441204587,0.013385058303706331,0.030500156683241592,0.02450997727748847,-0.02194741281490331,0.04870426425659313,0.6684377346056566,0.026558765080541523,0.0004191529890287878,60.622595030615585,0.18764505029697887,-0.1536001927103101,1.6485721043178014,63.763699983269916,660373500.0,Bear / High Vol,-0.005397029726572744,0
2022-07-13,69.05000305175781,70.52999877929688,68.68000030517578,70.02999877929688,6454800,-0.005397029726572744,-0.005411646305970979,2022,7,3,2,69.88450050354004,70.54560028076172,74.60820037841796,82.49395023345947,0.007258796649285063,0.010112162486904235,0.02835429306189296,0.024513123798474153,-0.02274636895775617,0.09336448778475037,0.6341789314417088,0.026417228421657675,-0.0193154458119058,64.48677106991009,0.12009096263933827,-0.09886196164038044,1.6878574916294642,57.85382650306778,653918700.0,Bear / High Vol,-0.008282191077606527,0
2022-07-14,69.16000366210938,69.58000183105469,68.2300033569336,69.44999694824219,4915500,-0.008282191077606527,-0.008316678977725991,2022,7,3,3,69.821000289917,70.45460021972656,74.54740036010742,82.38600021362305,0.006197622764683382,0.010267396983603792,0.016149334907964403,0.024462639831781863,-0.03313385524352774,-0.017958204900159758,0.5497762532001776,0.019438423807666746,-0.012423177671747991,57.87197785625706,0.01952746057114041,-0.07518407719807628,1.7049996512276786,31.02718593503334,649003200.0,Bear / Normal,0.01857452803761417,1
2022-07-15,70.26000213623047,70.87000274658203,70.0,70.73999786376953,5134100,0.01857452803761417,0.018404128320440895,2022,7,3,4,69.87300033569336,70.4036001586914,74.50910034179688,82.28725021362305,0.01298928783912834,0.011487016969246335,0.0163665847080826,0.02448216464650352,-0.01572290023136591,0.014921104175938948,0.5963407183361327,0.012298597297917296,0.011663142168198222,50.20450384317446,0.043421912775485794,-0.051462879203363864,1.5814285278320312,55.84987772755139,654137300.0,Bear / Normal,-0.007492208019535762,0
2022-07-18,71.25,71.70999908447266,70.1500015258789,70.20999908447266,4642300,-0.007492208019535762,-0.007520415589680726,2022,7,3,0,69.94800033569337,70.30360015869141,74.47000030517579,82.18205020904541,0.013141914216385126,0.010790383847550286,0.016108082896327727,0.024451603713784534,-0.019002383905974973,0.021830883713968463,0.5588315133159306,0.022219022631190327,0.007209529991966163,49.00197283112307,0.019368695923020596,-0.03729656417808697,1.5564286368233817,44.15012227244861,649495000.0,Bear / Normal,0.02891324320990951,1
2022-07-19,70.63999938964844,72.30000305175781,70.26000213623047,72.23999786376953,7160300,0.02891324320990951,0.02850314154811815,2022,7,3,1,70.17400016784669,70.29240005493165,74.46770027160645,82.10760021209717,0.017294034729824964,0.013499307923021767,0.016796439972745807,0.024748040287697157,0.02599054262860312,0.06674537155330951,0.9129670312856613,0.02823921616629039,0.006124488118258334,67.90605835520005,0.16224008168424575,0.00261076499437957,1.5242859976632255,88.96246943188784,656655300.0,Bear / Normal,0.004844940261226505,1
2022-07-20,72.55000305175781,73.0999984741211,72.16000366210938,72.58999633789062,5655700,0.004844940261226505,0.004833241310088261,2022,7,3,2,70.41949996948242,70.29440002441406,74.44550025939941,82.02185020446777,0.01629331150846412,0.013439505470424704,0.01677296452888448,0.024199034980128965,0.03655572759128156,0.0725472223784751,0.7418975271831454,0.012949371255458501,0.004291323327180743,67.00200713049418,0.3002475689577153,0.06213812578704672,1.4835717337472099,89.57050715977421,662311000.0,Bull / Normal,0.02686326871487732,1
2022-07-21,72.1500015258789,74.62999725341797,72.12999725341797,74.54000091552734,7005100,0.02686326871487732,0.026508785485954155,2022,7,3,3,70.82000007629395,70.35440002441406,74.42740028381348,81.94825019836426,0.015442994918949567,0.01568602773708542,0.016800334402362706,0.024419551956166102,0.07329019713389617,0.12039684778595028,0.9262880906572518,0.033539039029971726,-0.006061369805883978,70.79251979363261,0.560507389180529,0.1618119784657432,1.5164288112095423,98.59380587940777,669316100.0,Bull / Normal,0.004829629808557945,1
2022-07-22,74.81999969482422,75.29000091552734,74.26000213623047,74.9000015258789,6659800,0.004829629808557945,0.004818004561913332,2022,7,3,4,71.18350028991699,70.4018000793457,74.41670028686524,81.86530021667481,0.01572177292565036,0.015645409505121926,0.016610751152398615,0.02406628132610875,0.0588069520460075,0.10749674061377434,0.8931236798873504,0.013751652313932161,0.003756355994872932,69.02738514119068,0.7867451045491833,0.28679860368243126,1.5064283098493303,94.47592741482308,675975900.0,Bull / Normal,-0.0005340576063075364,0
2022-07-25,75.0999984741211,75.43000030517578,74.33999633789062,74.86000061035156,5721600,-0.0005340576063075364,-0.0005342002658655063,2022,7,3,0,71.39150047302246,70.47840011596679,74.40520027160645,81.78290023803712,0.013800822580803236,0.015469051778796946,0.01368569953727408,0.024063333895976778,0.06622990437992016,0.05884022406896028,0.8493809566224281,0.014560565834866313,0.0026701861704647094,65.0893906513865,0.9518401634477982,0.41980691563550465,1.4542857578822546,92.08333421636549,670254300.0,Bull / Normal,-0.01108738744706761,0
2022-07-26,74.80000305175781,75.30000305175781,73.70999908447266,74.02999877929688,7284400,-0.01108738744706761,-0.011149310663819542,2022,7,3,1,71.57250022888184,70.54440002441406,74.36270027160644,81.69150024414063,0.013851750962279398,0.014772401269724315,0.013961546268747448,0.023987673693190555,0.024778529463731935,0.05141307951863627,1.09401822362463,0.021477833223061116,-0.0008014635066066724,61.83812589936831,1.0041299904386705,0.5366715305961378,1.465714590890067,80.55552612115059,662969900.0,Bull / Normal,0.024854842599291382,1
2022-07-27,74.37999725341797,76.12000274658203,74.31999969482422,75.87000274658203,6677200,0.024854842599291382,0.024550985585439594,2022,7,3,2,71.9370002746582,70.6384001159668,74.33890029907226,81.59890026092529,0.016448895806383357,0.015460181857828086,0.013082608646215547,0.023733443291194402,0.04518537779536036,0.10629922311005613,1.007173083928325,0.023724831772711424,0.004727792515092866,67.29450142169136,1.1804356700532566,0.6654243584875615,1.5578575134277344,96.83143194753606,669647100.0,Bull / Normal,0.015421090372874868,1
2022-07-28,75.63999938964844,77.27999877929688,75.30999755859375,77.04000091552734,5688100,0.015421090372874868,0.01530339382251896,2022,7,3,3,72.32850036621093,70.78500015258788,74.34440032958985,81.50765026092529,0.013945220533789545,0.014444896330704001,0.013257107966278768,0.023789856314937463,0.033539039029971685,0.113133968135124,0.873727276846711,0.025571147420717033,-0.0030315453882589385,70.17951989060376,1.3984478294386378,0.8120290526777769,1.6335721697126115,97.34808856171931,675335200.0,Bull / Normal,0.010384156449328996,1
2022-07-29,77.01000213623047,78.16000366210938,77.0,77.83999633789062,5926600,0.010384156449328996,0.010330611457460321,2022,7,3,4,72.72700004577636,70.90420013427735,74.37960029602051,81.41900024414062,0.013980487841955078,0.01416690292248846,0.013272189663213835,0.023779658876511404,0.039252266383411394,0.11406888905122425,0.9389335168974288,0.01490241157096141,-0.00038939225000487733,73.55369721690572,1.6171356480694072,0.973050371756103,1.6400010245186942,96.77736843520586,681261800.0,Bull / Normal,-0.0051386679766538546,0
2022-08-01,77.18000030517578,77.80999755859375,76.69999694824219,77.44000244140625,5227500,-0.0051386679766538546,-0.0051519163363776205,2022,8,3,0,73.05550003051758,71.08700012207031,74.42070030212402,81.32420024871826,0.01479526498234985,0.013865911636230206,0.013304969930016617,0.023566231027481684,0.034464357601112994,0.09270494483141634,0.8454428567962932,0.014333685115666505,-0.008478880572526102,78.00795645349353,1.738135016814752,1.1260673007678328,1.587857927594866,92.74923264274382,676034300.0,Bull / Normal,-0.014075464009829952,0
2022-08-02,76.98999786376953,77.26000213623047,76.05999755859375,76.3499984741211,6403400,-0.014075464009829952,-0.014175462815419924,2022,8,3,1,73.27350006103515,71.2732000732422,74.42320030212403,81.22955024719238,0.01573339507189623,0.013991689680559236,0.013645163570141838,0.023254477918843504,0.03133864288909094,0.060563977493126586,1.0581858443640209,0.01571715260797892,-0.005811009342067203,73.83106589989154,1.7261754021530038,1.2460889210448671,1.5542869567871094,81.7723551625184,669630900.0,Bull / Normal,0.013359584713111383,1
2022-08-03,76.72000122070312,77.76000213623047,76.30000305175781,77.37000274658203,6127800,0.013359584713111383,0.013271132381353107,2022,8,3,2,73.55900001525879,71.44800018310546,74.43040031433105,81.13975025177002,0.012932882029231589,0.01419577591899433,0.01370780557421561,0.023297443376682568,0.019770659624334552,0.07968181401994334,1.011938723525123,0.018870350686877216,0.004846139541279023,78.9051209926897,1.778501681321984,1.3525714731002907,1.530001504080636,90.31862057616863,675758700.0,Bull / Normal,0.00038773139759507025,1
2022-08-04,77.44999694824219,77.8499984741211,77.11000061035156,77.4000015258789,3656200,0.00038773139759507025,0.00038765624920103015,2022,8,3,3,73.8375,71.5952001953125,74.4262003326416,81.04420024871825,0.011248867637574473,0.012318147728499602,0.013726839075986617,0.023220557611657776,0.004672905063257904,0.07754419536177859,0.6252490342175152,0.009560695725853583,0.0010339175238518413,76.76849821163103,1.8016232934772347,1.4423818371756796,1.4814295087541853,90.51183603568765,679414900.0,Bull / Normal,-0.0006460342477008219,0
2022-08-05,76.2699966430664,77.4000015258789,76.0,77.3499984741211,4858100,-0.0006460342477008219,-0.0006462430177453312,2022,8,3,4,74.11149978637695,71.76160018920899,74.42900032043457,80.9456502532959,0.009951098029018963,0.012390764098989582,0.013744559579846266,0.02316611304083772,-0.006294936881067303,0.07624872016301243,0.8312785649874318,0.018099567595302582,-0.014599546001748847,79.84947901981472,1.7952183496583416,1.5129491396722121,1.470001220703125,89.74677175270337,674556800.0,Bull / Normal,-0.011376823151617588,0
2022-08-08,76.91999816894531,77.43000030517578,76.2699966430664,76.47000122070312,4733500,-0.011376823151617588,-0.011442034272836342,2022,8,3,0,74.3564998626709,71.89440017700196,74.38770034790039,80.84480026245117,0.010909714997783716,0.013210143321276971,0.014054527775600074,0.02304709859410313,-0.012525841814597816,0.06846446202001677,0.8086421440334561,0.015169395103858337,-0.005559150790670616,69.5652235284486,1.699542691411807,1.5502678500201312,1.4035726274762834,71.97345530229704,669823300.0,Bull / Normal,0.003923047176335848,1
2022-08-09,76.20999908447266,76.91000366210938,75.83999633789062,76.7699966430664,4243700,0.003923047176335848,0.003915372093355085,2022,8,3,1,74.67449951171875,71.99660003662109,74.35580032348633,80.74715023040771,0.00890912087713007,0.012356755378651576,0.013274857788247257,0.023036881299058322,0.005500958445829873,0.09032797401173287,0.7433630798847741,0.013937832108989539,-0.003400054035308123,69.42378938337345,1.629146380992239,1.566043556214553,1.4128592354910714,76.94849847855104,674067000.0,Bull / Normal,0.010030015710968287,1
2022-08-10,77.58999633789062,77.9800033569336,77.19999694824219,77.54000091552734,5258500,0.010030015710968287,0.009980048937292622,2022,8,3,2,75.04999961853028,72.0918000793457,74.32520034790039,80.64360023498536,0.007824908129460668,0.01024719978649962,0.013121953292789371,0.023055009756148527,0.0021972103258431908,0.10723978676479229,0.93087766442378,0.010059406751118704,0.010681252190705653,65.65761704906544,1.616851648056496,1.5762051745829417,1.3207168579101562,86.06736834164565,679325500.0,Bull / Normal,-0.004900660935404644,0
2022-08-11,77.94999694824219,78.0,77.08000183105469,77.16000366210938,5554600,-0.004900660935404644,-0.004912708551176526,2022,8,3,3,75.43549995422363,72.19660018920898,74.28000038146973,80.53995025634765,0.008186768838699515,0.009312253344627501,0.012960046062487582,0.022887691598425405,-0.00310074753279288,0.1110152203406587,0.9777633043914503,0.01192325201245541,0.005287542273329304,61.770846330459335,1.5584801915172903,1.5726601779698117,1.3128596714564733,77.5281130040753,673770900.0,Bull / Normal,0.025790536149841392,1
2022-08-12,78.0,79.41999816894531,77.66000366210938,79.1500015258789,6692300,0.025790536149841392,0.02546357010657091,2022,8,3,4,75.8560001373291,72.34760025024414,74.2619004058838,80.45080024719238,0.01435670698369598,0.012055653662530372,0.013438984275381087,0.022782459315808776,0.02327088671320454,0.11888611699289675,1.162092680203548,0.02223619043469619,0.010886421695481572,68.57143989520974,1.6537333791845157,1.5888748182127526,1.396430424281529,95.27151162246918,680463200.0,Bull / Normal,-0.000505381108732661,0
2022-08-15,78.83999633789062,79.41999816894531,78.5,79.11000061035156,3733500,-0.000505381108732661,-0.000505508856807982,2022,8,3,0,76.30100021362304,72.4670002746582,74.23500038146973,80.36620025634765,0.011933163797015069,0.011849384902185607,0.013165557531832099,0.021753409432145293,0.034523333954566526,0.12676259282058866,0.6534643587569212,0.011629353581687756,-0.003916679494780829,73.6059685152595,1.7063250243611208,1.6123648594424262,1.3485728672572546,93.92161467955785,676729700.0,Bull / Normal,0.005182606870833384,1
2022-08-16,78.9000015258789,79.66000366210938,78.8499984741211,79.5199966430664,6185100,0.005182606870833384,0.005169223384826585,2022,8,3,1,76.6650001525879,72.62160018920899,74.22630035400391,80.28265022277832,0.011868585935277363,0.010385037240244354,0.012017475637526982,0.02157762593463378,0.035821285922231105,0.10077517988061846,1.091879706282929,0.01018618237151181,-0.0026545200714507113,69.56055278436503,1.7607902415751795,1.642049935868977,1.2571443830217635,96.78145235405954,682914800.0,Bull / Normal,-0.0033953301617744014,0
2022-08-17,79.0,79.7699966430664,78.94999694824219,79.25,5185100,-0.0033953301617744014,-0.0034011073759679824,2022,8,3,2,76.99800033569336,72.74720016479492,74.19640037536621,80.19920021057129,0.01254485790311854,0.010076529717585757,0.012159175000348767,0.021421297583182966,0.022053121798844666,0.09174822975756203,0.9191638872171322,0.01034699930377563,-0.006539193473566958,63.10796562693733,1.761858240896288,1.6660115968744393,1.1750014168875558,86.76853428276902,677729700.0,Bull / Normal,0.0008832769062991908,1
2022-08-18,79.27999877929688,79.87999725341797,79.01000213623047,79.31999969482422,4120500,0.0008832769062991908,0.0008828870468049588,2022,8,3,3,77.2370002746582,72.87980010986328,74.17230033874512,80.12390022277832,0.011707590429317292,0.01006648009393234,0.010970383077409936,0.021292457843690694,0.027993726415225018,0.06412662624882204,0.7496077316657191,0.010968168438410482,0.0003785334927050473,59.61042473988187,1.7482008571492713,1.6824494489294057,1.1542865208217077,86.13867743342693,681850200.0,Bull / Normal,-0.00832067618827681,0
2022-08-19,79.02999877929688,79.12999725341797,78.44000244140625,78.66000366210938,4679000,-0.00832067618827681,-0.008355486244349456,2022,8,3,4,77.42500038146973,73.02540023803711,74.122900390625,80.03785022735596,0.005026899545409048,0.010610702389872365,0.011256002044378814,0.021225762198402703,-0.006190749896692327,0.05020029452110686,0.8668290157072234,0.008771863461583974,-0.0036560882078050094,57.6633324771022,1.6649288546562815,1.678945330074781,1.1357149396623885,69.80214567230247,677171200.0,Bull / Normal,-0.027968528797519765,0
2022-08-22,77.93000030517578,77.93000030517578,76.16999816894531,76.45999908447266,5757700,-0.027968528797519765,-0.028367097265517532,2022,8,3,0,77.50500030517578,73.1702001953125,74.04460037231445,79.93940021514892,0.012889893039826893,0.013727521378003536,0.013157739078524059,0.021547259464953197,-0.03349768051363344,0.0213732094720267,1.0663118281959538,0.02301860001706286,-0.009280489739987609,50.60639860298682,1.4052147683940888,1.6241992177386426,1.2150006975446428,15.346599160389099,671413500.0,Bull / Normal,-0.0006538768370640824,0
2022-08-23,76.25,77.01000213623047,76.25,76.41000366210938,4432300,-0.0006538768370640824,-0.0006540907077582507,2022,8,3,1,77.6240005493164,73.35560028076172,73.97510040283203,79.84330024719239,0.011756559003771263,0.013660991083134028,0.012850680752966175,0.021307930138070568,-0.039109571331052084,0.03214919521892634,0.8431178411404908,0.009946369582590963,-0.002746522194443793,44.07406744587122,1.181732988844658,1.5357059719598458,1.1650009155273438,14.109088986291644,666981200.0,Bull / Normal,-0.003141021877519967,0
2022-08-24,76.47000122070312,76.55999755859375,76.05000305175781,76.16999816894531,3876400,-0.003141021877519967,-0.003145965240926635,2022,8,3,2,77.63900032043458,73.59800018310547,73.90950035095214,79.7494002532959,0.011781394680875605,0.013171342863579575,0.011661045854742586,0.021231460269949272,-0.03886437641709384,0.003954071589602037,0.7575539940922358,0.006695477472702152,0.0007852055453244525,42.59924881129115,0.9740276465652613,1.423370306880929,1.1485721043178014,8.16836030374048,663104800.0,Bull / Normal,0.009452556623490427,1
2022-08-25,76.33999633789062,76.91000366210938,75.9800033569336,76.88999938964844,3523400,0.009452556623490427,0.00940816076046246,2022,8,3,3,77.63150024414062,73.72140014648437,73.85830032348633,79.6581502532959,0.013815374769948461,0.013560464053906708,0.011324186291333537,0.021191786901271513,-0.03063540487298244,-0.0019470602816240579,0.7034475598750989,0.012095205001406015,0.0022318258242340506,47.43875448694802,0.857631505444445,1.3102225465936321,1.1150005885532923,25.990168658680982,666628200.0,Bull / Normal,-0.029132499434914805,0
2022-08-26,76.9800033569336,77.26000213623047,74.56999969482422,74.6500015258789,4904100,-0.029132499434914805,-0.029565276680465786,2022,8,3,4,77.47200050354004,73.82040023803711,73.76410034179688,79.55845027923584,0.017329897983309684,0.01294209075975433,0.012765949037956956,0.021542552401722277,-0.050978921301043534,-0.04098143579252589,0.9892015043463265,0.03603486117108393,0.0011705549226116046,41.199218170669894,0.5779750808987245,1.1637730534546507,1.2242862156459264,1.5066265129484246,661724100.0,Bull / Normal,-0.00616207736195673,0
2022-08-29,74.11000061035156,74.86000061035156,74.06999969482422,74.19000244140625,4295500,-0.00616207736195673,-0.006181141316721808,2022,8,3,0,77.30950050354004,73.93000030517578,73.67660034179687,79.4602502822876,0.014235946829936346,0.01280985522620946,0.012781182280050105,0.02138993614766557,-0.02968868258235946,-0.04196797388351148,0.8746628765626797,0.010648347345065399,-0.007233769651567143,37.7143043985308,0.3155893503035543,0.9941363128244315,1.2042857578822546,2.0654526163187694,657428600.0,Bull / Normal,-0.0006739863878195695,0
2022-08-30,74.41999816894531,74.66999816894531,73.45999908447266,74.13999938964844,5099100,-0.0006739863878195695,-0.000674213618751159,2022,8,3,1,77.19900054931641,74.05840026855469,73.59680030822754,79.3607502746582,0.014234087223838452,0.01235090623841972,0.012465691785972354,0.021246123594036728,-0.029708207874181825,-0.028945633642962543,1.0522677276498096,0.0163204625631761,0.003100090577847176,32.617563381369436,0.10243117718643191,0.8157952856968316,1.2042852129255022,10.59190808597213,652329500.0,Bull / Normal,0.00013490877141641988,1
2022-08-31,74.45999908447266,75.1500015258789,74.04000091552734,74.1500015258789,8612900,0.00013490877141641988,0.00013489967204649802,2022,8,3,2,77.03800048828126,74.18780029296875,73.52290031433105,79.26380027770996,0.014468107524561525,0.012511968177396825,0.0119833593754691,0.02114616461684929,-0.02651958371570451,-0.04161821256811804,1.732951716020382,0.01496966402575412,0.004316154538152015,34.00635810171504,-0.06494250515400779,0.6396477275266638,1.2178568158830916,10.747704644900306,660942400.0,Bull / Normal,0.015509123428373073,1
2022-09-01,74.12000274658203,75.37000274658203,73.52999877929688,75.30000305175781,8139800,0.015509123428373073,0.015390086171625893,2022,9,3,3,76.9330005645752,74.36320037841797,73.46650032043458,79.17020030975341,0.016163707621805867,0.014217139712885952,0.012606397785991912,0.021226535734281703,-0.020678844459773527,-0.027131762696657735,1.567077473092869,0.024435642665517832,-0.00040456882912409925,27.537931089739303,-0.1035976330696684,0.49099865540739734,1.1878574916294642,28.660506107082504,669082200.0,Bull / Normal,-0.00823376788120278,0
2022-09-02,75.73999786376953,76.7699966430664,74.4800033569336,74.68000030517578,11027700,-0.00823376788120278,-0.008267852573871541,2022,9,3,4,76.79950065612793,74.50420043945313,73.41570030212402,79.06555030822754,0.009310015537335537,0.014214975600179754,0.012699558541228602,0.021116726103131585,0.00040185905805345534,-0.03451839976232984,2.0040398092948326,0.030664077085898217,0.005843224358294995,25.792352096081984,-0.18216129845092155,0.3563666646357336,1.2857142857142858,19.00313969876955,658054500.0,Bull / Normal,-0.011381875611242931,0
2022-09-06,74.69999694824219,75.19000244140625,73.55000305175781,73.83000183105469,7090100,-0.011381875611242931,-0.011447144887936475,2022,9,3,1,76.66750068664551,74.56680053710937,73.36070030212403,78.95805030822754,0.010416706268461967,0.012051447216378222,0.012699761677216476,0.020781523604201987,-0.00485241405182435,-0.034523333954566415,1.261456810836633,0.022213183651291935,0.0002677643677650114,20.333720239208077,-0.30944426158892213,0.22320447939080243,1.3449995858328683,5.763284300793124,650964400.0,Bull / Normal,0.00893940154877848,1
2022-09-07,73.68000030517578,74.66999816894531,73.41999816894531,74.48999786376953,5792600,0.00893940154877848,0.00889968163806938,2022,9,3,2,76.55350074768066,74.64840042114258,73.30810028076172,78.85720027923584,0.011323319388423613,0.01266313552200263,0.01286467233918902,0.02039112738659926,0.00472077794715986,-0.029699086609283998,1.016600532466598,0.01678077642432012,-0.002031715050233305,26.152301928217966,-0.3529916943541025,0.10796524464182146,1.375713893345424,16.56346511559243,656757000.0,Bull / Normal,0.0021479885447439617,1
2022-09-08,74.02999877929688,74.80000305175781,73.61000061035156,74.6500015258789,6897100,0.0021479885447439617,0.0021456849155394118,2022,9,3,3,76.40900077819825,74.76980041503906,73.26010032653808,78.76060028076172,0.011320944980796626,0.012742151449592447,0.012613487748249445,0.01939498944396944,0.006743088195696023,-0.037271077579645984,1.1932822832070922,0.01594109065079807,-0.006175313433542072,26.812339760102304,-0.3703235310889852,0.012307489495660129,1.398571559361049,21.541218111196773,663654100.0,Bull / Normal,0.016878795853656703,1
2022-09-09,74.6500015258789,76.01000213623047,74.44000244140625,75.91000366210938,7762400,0.016878795853656703,0.016737931845815,2022,9,3,4,76.34650077819825,74.9038005065918,73.23700035095214,78.66710029602051,0.011756022056820055,0.01366302381698506,0.013257376152245148,0.01425222649045376,0.008100937392157448,-0.01620010291178653,1.3178209030733423,0.020682382019273794,0.0,37.113418279062444,-0.2791694033490586,-0.04598788907328362,1.447857448032924,55.21073866375701,671416500.0,Bull / Normal,0.015412964201045432,1
2022-09-12,76.62999725341797,77.37999725341797,76.2699966430664,77.08000183105469,15628900,0.015412964201045432,0.015295391029960722,2022,9,3,0,76.24300079345703,75.04800048828125,73.21220039367675,78.58780029296875,0.011529982075458824,0.010420111225809887,0.012335704433765773,0.014215485826099017,0.032137138672622356,-0.026152869929477074,2.4662309299433818,0.014400630305957717,0.00948483146586884,53.21577953915009,-0.11123774673269793,-0.059037860605166484,1.3749994550432478,92.42435626968759,687045400.0,Bull / Normal,-0.01349248690739313,0
2022-09-13,76.05999755859375,79.41000366210938,75.77999877929688,76.04000091552734,29476500,-0.01349248690739313,-0.013584337641111712,2022,9,3,1,76.08950080871583,75.15140045166015,73.16970039367676,78.50010028839111,0.012352981874660841,0.01137083709979263,0.012632617916289083,0.01420222424681873,0.02993361817232243,-0.0388067206565349,3.8661203440049,0.047738096253379374,-0.013233059785034787,48.2596316506818,-0.0613627298618411,-0.05950283445650141,1.5799996512276786,43.739571684400644,657568900.0,Bull / Normal,-0.05155179013345923,0
2022-09-14,75.79000091552734,75.87000274658203,71.7699966430664,72.12000274658203,21601400,-0.05155179013345923,-0.052928093241687936,2022,9,3,2,75.7195011138916,75.15400054931641,73.09610038757324,78.39905029296875,0.02819296856667776,0.020598767870507798,0.016679948148708584,0.015655409657455786,-0.03181628655060309,-0.09305827727458293,2.573088548413514,0.05684977741781819,-0.003287743253419005,35.84907772862718,-0.33429397821380746,-0.11446106320796262,1.84857177734375,4.581227512530071,635967500.0,Bull / High Vol,-0.02606773171402299,0
2022-09-15,71.5,72.08999633789062,69.75,70.23999786376953,12478100,-0.02606773171402299,-0.02641351750505916,2022,9,3,3,75.26900100708008,75.1256004333496,73.03640037536621,78.28555027008056,0.02893807953686099,0.021846137957102187,0.01734126611692929,0.016044651653199352,-0.05907573438669733,-0.11369087869060523,1.4244772268694117,0.03331429967337197,-0.00859682089531555,28.506794694442178,-0.6942912833496564,-0.2304271072363014,1.9514290945870536,5.072439730965221,623489400.0,Bull / High Vol,-0.020073976019326367,0
2022-09-16,69.58000183105469,69.80000305175781,68.25,68.83000183105469,23412000,-0.020073976019326367,-0.020278195900717347,2022,9,3,4,74.7445011138916,75.06560043334962,72.95490036010742,78.176000289917,0.024110115047271362,0.020981945801449558,0.017543647699877003,0.016107217293086572,-0.09326836371355207,-0.13224909107575333,2.407564515880239,0.022519294065433,-0.009396299156997499,30.122961391842708,-1.0809066186629934,-0.4005230095216398,1.9014287676130022,5.1971473183644115,600077400.0,Bear / High Vol,0.003486820534432278,1
2022-09-19,68.19999694824219,69.12999725341797,67.91000366210938,69.06999969482422,8364000,0.003486820534432278,0.003480755669687046,2022,9,3,0,74.26500091552734,75.00960037231445,72.90050033569337,78.07260028839111,0.020090180068254436,0.021337845325023957,0.01769203771081343,0.015977303104287483,-0.10391803251103882,-0.12191715637949652,0.8441152130472519,0.017663147483697097,-0.009153056313420796,32.246876949343914,-1.3523472185232919,-0.5908878513219702,1.9321425301688058,10.086922023607338,608441400.0,Bear / High Vol,-0.013898929907547042,0
2022-09-20,68.2699966430664,68.45999908447266,67.44999694824219,68.11000061035156,8624300,-0.013898929907547042,-0.013996424468037455,2022,9,3,1,73.84750099182129,74.940400390625,72.83400032043457,77.96320030212402,0.020050261360981897,0.02140255238828853,0.0170545257791029,0.01495287255078138,-0.10428722001180935,-0.10920741007197832,0.857974538223008,0.014828984395530391,-0.011582496819060518,30.332687348146194,-1.6261841144000044,-0.7979471039375771,1.961428506033761,5.518422170650833,599817100.0,Bear / High Vol,-0.019967708092266,0
2022-09-21,68.70999908447266,68.87999725341797,66.73999786376953,66.75,6768200,-0.019967708092266,-0.02016975693413011,2022,9,3,2,73.36450080871582,74.86720031738281,72.74010032653808,77.85575031280517,0.011351540893894011,0.0208317089718506,0.01730322045864248,0.015156351580774831,-0.07445926985681561,-0.12642328489901167,0.6655898355005175,0.032059915949789325,0.008809256625229044,27.81774163522438,-1.9306867554209077,-1.0244950342342434,2.0349998474121094,0.07894342267609171,593048900.0,Bear / High Vol,-0.010786535141619868,0
2022-09-22,66.8499984741211,66.94000244140625,65.83999633789062,66.02999877929688,7190700,-0.010786535141619868,-0.010845131560977777,2022,9,3,3,72.8575008392334,74.78720031738281,72.66640029907227,77.74120029449463,0.00966030304915412,0.020340220931329523,0.017307449565274458,0.014851668845631615,-0.059937346419599136,-0.1331232720678014,0.6957996756476403,0.016659187094525924,0.0014981044812148877,21.47690993088942,-2.2046910672122237,-1.2605342408298394,1.9821428571428572,1.4001646194187944,585858200.0,Bear / High Vol,-0.022413989927304145,0
2022-09-23,65.3499984741211,65.44000244140625,63.869998931884766,64.55000305175781,9282500,-0.022413989927304145,-0.02266900114930536,2022,9,3,4,72.24050102233886,74.68920043945313,72.57190032958984,77.61370029449463,0.01017708000777958,0.01777363613220733,0.017182085611399958,0.015060389268126641,-0.0621821686101689,-0.16048896392047485,0.8738613090550672,0.024322284047959164,-0.010298354047357476,20.39742428681184,-2.5123044627816284,-1.5108882852201972,1.9728576115199499,4.3758295552540565,576575700.0,Bear / High Vol,-0.017041088099350676,0
2022-09-26,64.33000183105469,64.91999816894531,63.38999938964844,63.45000076293945,6897800,-0.017041088099350676,-0.017187958385416785,2022,9,3,0,71.6805009841919,74.54340049743652,72.47350032806396,77.48625028610229,0.004641793956935133,0.013969408892328828,0.01662401916416605,0.015134447041744149,-0.08136671430021591,-0.15003349677168798,0.6433266679599481,0.024113455648538507,-0.003408229439225936,20.103678041249267,-2.812431328927971,-1.7711968939617522,1.9650004250662667,0.3745403076712065,569677900.0,Bear / High Vol,-0.01623329521842587,0
2022-09-27,64.16000366210938,64.4000015258789,62.040000915527344,62.41999816894531,9284800,-0.01623329521842587,-0.016366498676449213,2022,9,3,1,71.09200077056884,74.38760047912598,72.3456003189087,77.35450029373169,0.004384604309202445,0.013871951954448626,0.016718898022239238,0.01510753978197552,-0.08354136529755762,-0.1586467702539388,0.8462618528201816,0.037808405632502734,0.01118995887521924,15.961654231430089,-3.097688410142709,-2.0364951971979437,2.0442861829485213,2.187663749752385,560393100.0,Bear / High Vol,0.010413353812020576,1
2022-09-28,62.619998931884766,63.34999847412109,62.25,63.06999969482422,8549900,0.010413353812020576,0.010359508328666221,2022,9,3,2,70.53850078582764,74.20420051574708,72.24830028533935,77.15670030593873,0.01277216895665593,0.011594079724325591,0.017168611660892057,0.015015618868922739,-0.055131090714243935,-0.14931210933311434,0.7672141768480768,0.017440914530579218,0.003204113566266586,18.221731462079987,-3.234027159341764,-2.276001589626708,2.037857328142438,5.929755995574337,568943000.0,Bear / High Vol,-0.026478487030694553,0
2022-09-29,62.290000915527344,62.59999847412109,60.77999877929688,61.400001525878906,8882100,-0.026478487030694553,-0.02683535583233168,2022,9,3,3,69.90100078582763,73.98040061950684,72.13740032196046,76.95925031661987,0.014458047731279872,0.011645118613154799,0.01753952689488674,0.015339776507519245,-0.07011960228703906,-0.17194874899024992,0.7960622161954086,0.02964168810414622,-0.01236719174046365,11.057422771309376,-3.4372094844780747,-2.5082431685969815,2.0892859867640894,3.327979517353862,560060900.0,Bear / High Vol,-0.005374622522046679,0
2022-09-30,61.2599983215332,62.13999938964844,61.060001373291016,61.06999969482422,9794400,-0.005374622522046679,-0.00538911776664834,2022,9,3,4,69.18950061798095,73.71100059509277,72.03270030975342,76.76515031814576,0.0140856836449227,0.011622672867794068,0.016584093834290548,0.015331051213372998,-0.05391174581577074,-0.18897746056069264,0.8713665813336418,0.017684591808651236,-0.0022801824245345416,5.002806879406251,-3.5835523697889045,-2.723305008835366,2.061429159981863,1.5566335991402942,550266500.0,Bear / High Vol,0.032913085742176884,1
2022-10-03,60.9900016784668,63.2400016784668,60.810001373291016,63.08000183105469,9661400,0.032913085742176884,0.032383048884440824,2022,10,4,0,68.6095006942749,73.47460060119629,71.938200340271,76.56230031967164,0.023348952938250737,0.017939696721526677,0.019198265905914984,0.015997990682524194,-0.0058313463740866656,-0.15532938439633537,0.8647900636951797,0.038522514816724,-0.00130993968818051,15.458428548247582,-3.4970282221161852,-2.87804965149153,1.9757145472935258,15.241898257576139,559927900.0,Bear / High Vol,0.04137603891232988,1
2022-10-04,63.79999923706055,65.83000183105469,63.79999923706055,65.69000244140625,9892600,0.04137603891232988,0.040542952947613155,2022,10,4,1,68.20250072479249,73.29120063781738,71.88480037689209,76.37465032577515,0.02772666329786601,0.023786541876054185,0.022141164386610082,0.016947839146451607,0.05238712541468482,-0.11025327357129433,0.8745160595946724,0.030902763259977793,0.011414035908467587,31.57593519082444,-3.1811812973631532,-2.9386759806658547,1.867142813546316,43.41295068077686,569820500.0,Bear / High Vol,0.014461819347465488,1
2022-10-05,65.33999633789062,67.19000244140625,64.9800033569336,66.63999938964844,9201600,0.014461819347465488,0.014358244629699918,2022,10,4,2,67.81000080108643,73.14340065002442,71.84390033721924,76.22475030899048,0.027780011508600915,0.02360652384868544,0.022365205442306156,0.01695267679698045,0.05660376902010977,-0.10538325546038418,0.8013561465303611,0.033163251871457064,-0.005328148736602974,39.10411862694885,-2.8216868698779365,-2.915278158508271,1.8557139805385034,64.96671657066489,579022100.0,Bear / High Vol,-0.02010798844783268,0
2022-10-06,66.33000183105469,66.80999755859375,65.22000122070312,65.30000305175781,6992000,-0.02010798844783268,-0.020312905682843097,2022,10,4,3,67.34250087738037,72.93200065612793,71.78520038604736,76.09305032730103,0.025676026764892806,0.02425847776805755,0.02252745520019898,0.017126147560247655,0.06351793858238142,-0.1252511491360081,0.608673245537673,0.024349100514288933,-0.004651824151155434,39.27051843716578,-2.6147700106841825,-2.8551765289434536,1.8271424429757244,54.13179758618701,572030100.0,Bear / High Vol,-0.030781041995316727,0
2022-10-07,64.48999786376953,64.62000274658203,62.7400016784668,63.290000915527344,7137900,-0.030781041995316727,-0.031264729764000826,2022,10,4,4,66.71150074005126,72.65700065612793,71.72100040435791,75.95195032119751,0.031896280637614065,0.02521055634463378,0.022452988716860845,0.017529402953712594,0.036351747696034,-0.1662495341556851,0.6230678885532586,0.02970455112845482,-0.012404366770798744,34.138313962544785,-2.5831997642267197,-2.800781176000107,1.9228572845458973,30.987686531667112,564892200.0,Bear / High Vol,-0.011376223894578597,0
2022-10-10,63.61000061035156,63.900001525878906,62.02000045776367,62.56999969482422,6407200,-0.011376223894578597,-0.01144142811988403,2022,10,4,0,65.98600063323974,72.3516007232666,71.62790042877197,75.81550031661988,0.029129369829606927,0.024888759605935142,0.021718937714034624,0.017376874115885697,-0.008085005095535558,-0.18824600144709058,0.5827391980150923,0.030046365307410217,0.005056086114634755,34.59399365631664,-2.586463061511566,-2.757917553102399,1.9414285932268405,22.098780897876228,558485000.0,Bear / High Vol,-0.0025571335814684737,0
2022-10-11,61.84999847412109,63.09999847412109,61.650001525878906,62.40999984741211,7376900,-0.0025571335814684737,-0.002560408631897532,2022,10,4,1,65.30450057983398,72.05100067138672,71.56900039672851,75.67895030975342,0.017245782045574316,0.02433554451954126,0.02176794776167055,0.017361602162641137,-0.04993153405527451,-0.1792477762231588,0.7458955974677426,0.023233407335159703,-0.011507131600045229,37.06793956592934,-2.572307933975452,-2.72079562927701,1.892142704554965,25.42901929604882,551108100.0,Bear / High Vol,0.021951593258040747,1
2022-10-12,62.619998931884766,64.27999877929688,62.16999816894531,63.77999877929688,9008600,0.021951593258040747,0.021714125941609267,2022,10,4,2,64.88750038146972,71.79960067749023,71.53640037536621,75.55015029907227,0.02001282456063708,0.025131535481028935,0.020479613997808798,0.017175043391401468,-0.04291717641875936,-0.11564064960716336,0.972814202486947,0.033082481196855605,0.003364830716008471,43.545611128498194,-2.422616019727286,-2.6611597073670654,1.9642851693289605,46.801845336431164,560116700.0,Bear / High Vol,0.022264004329304532,1
2022-10-13,62.47999954223633,65.70999908447266,62.27000045776367,65.19999694824219,10147100,0.022264004329304532,0.02201977968387083,2022,10,4,3,64.63550033569337,71.55620056152344,71.50210037231446,75.43290027618409,0.02269878038159964,0.023815486731945605,0.020826653646595736,0.017436703222834814,-0.001531486965419604,-0.07175400154912337,1.109724622148341,0.05276071760309688,-0.020382553495478215,51.87102416150244,-2.164451662953425,-2.5618180984843377,2.055713653564452,68.95469023009571,570263800.0,Bear / High Vol,-0.013650298026163243,0
2022-10-14,65.72000122070312,66.61000061035156,64.20999908447266,64.30999755859375,8044500,-0.013650298026163243,-0.013744319942822672,2022,10,4,4,64.40950012207031,71.29440048217774,71.44480033874511,75.31340026855469,0.017638892215026136,0.024401921866990393,0.020606147923684114,0.017095393960489376,0.016116236819585295,-0.06566909998862736,0.9604885722217081,0.03731926009936839,0.007975526024544653,52.50581819143779,-2.0085171277555105,-2.4511579043385727,2.1178567068917395,55.07015230214761,562219300.0,Bear / High Vol,0.04213962350105116,1
2022-10-17,65.87999725341797,67.56999969482422,65.87000274658203,67.0199966430664,11368300,0.04213962350105116,0.04127593003694635,2022,10,4,0,64.30699996948242,71.08780044555664,71.42470031738281,75.20845024108887,0.02214742252893732,0.025695849102132504,0.022945184803546615,0.01801352160499723,0.07112029678674103,-0.02968007906204506,1.333424822066144,0.02536551825414127,0.02441299571491617,62.2080662639771,-1.6472748483945736,-2.290381293149773,2.182142530168804,91.89980887189472,573587600.0,Bear / High Vol,0.00014924107328351255,1
2022-10-18,68.0,68.58000183105469,66.33000183105469,67.02999877929688,6688600,0.00014924107328351255,0.00014922993794242153,2022,10,4,1,64.25299987792968,70.89900039672851,71.39670028686524,75.10755023956298,0.021668602094252518,0.022573259243680945,0.022752040006097242,0.0180144816406249,0.07402658136805518,-0.015856729134877567,0.7935360140849499,0.0335670601368852,0.01462255156700281,60.87912018813587,-1.3446800163937667,-2.1012410377985717,2.2642854963030126,80.12817377797687,580276200.0,Bear / High Vol,-0.010890582438210172,0
2022-10-19,66.48999786376953,67.19000244140625,65.77999877929688,66.30000305175781,5506000,-0.010890582438210172,-0.010950318937225433,2022,10,4,2,64.23050003051758,70.68960052490235,71.34310028076172,74.99955024719239,0.023749734781452526,0.02247271869470935,0.022432708927641872,0.01801275753994995,0.03951088618206322,-0.006741527314489737,0.65816015190518,0.02126702258231633,-0.008056108091324184,64.19467869453328,-1.1505135819359253,-1.9110955466260426,2.2014285496303008,70.65638809559228,574770200.0,Bear / High Vol,0.044494672887710696,1
2022-10-20,67.52999877929688,69.91999816894531,67.19000244140625,69.25,17600500,0.044494672887710696,0.04353320184610247,2022,10,4,3,64.39150009155273,70.5238005065918,71.30780029296875,74.90160026550294,0.028660302724819783,0.025254789201746595,0.024368993363820736,0.018669539710815027,0.0621166141307159,0.04876573194353484,1.9806475970982087,0.03942232097529332,0.01855197090381509,70.57345214931823,-0.7499502248007843,-1.6788664822609909,2.3828569139753064,92.6454620789228,592370700.0,Bear / High Vol,0.04981945051613268,1
2022-10-21,71.02999877929688,72.79000091552734,70.30999755859375,72.69999694824219,15652600,0.04981945051613268,0.04861819749461348,2022,10,4,4,64.79899978637695,70.43460037231445,71.31560028076171,74.83280025482178,0.028263964297920358,0.025010627821836544,0.025769331366005552,0.01969333989052901,0.13046182099453807,0.1262586136510251,1.7004934414225714,0.03411283990423273,0.025703953491651624,72.56098062840921,-0.15235866166077017,-1.3735649181409468,2.4621426718575607,99.19206488136085,608023300.0,Bear / High Vol,0.0030261517185448117,1
2022-10-24,72.93000030517578,73.69000244140625,71.77999877929688,72.91999816894531,11489400,0.0030261517185448117,0.0030215821379413967,2022,10,4,0,65.27249965667724,70.31000030517578,71.32880027770996,74.76570026397705,0.02779236924271211,0.023755140884531338,0.025198064353283974,0.019645517205134484,0.08803345003583041,0.14925133636148358,1.2178302198780622,0.026193139194602925,0.003163732690351303,69.09667574967023,0.3351260924413282,-1.0318267160244918,2.402142933436802,93.60461616354277,619512700.0,Bear / High Vol,0.0030170217529821297,1
2022-10-25,73.44999694824219,74.11000061035156,72.61000061035156,73.13999938964844,9137700,0.0030170217529821297,0.0030124796762561424,2022,10,4,1,65.80849971771241,70.19060028076171,71.32880027770996,74.69385025024414,0.027375900747750672,0.023341595481579956,0.024613596928880477,0.019643898194659944,0.09115322574403395,0.171739851572704,0.9693151507404557,0.020508613788863338,0.007268222608411794,67.85715333708654,0.7307894462532971,-0.6793034835689341,2.3514287131173264,92.21507791351353,628650400.0,Bear / High Vol,0.022969651616015163,1
2022-10-26,72.61000061035156,75.72000122070312,72.55000305175781,74.81999969482422,10693600,0.022969651616015163,0.02270982046494173,2022,10,4,2,66.3959997177124,70.09660034179687,71.35910026550293,74.62155025482178,0.022168171046103143,0.023371514227849433,0.02483111154203505,0.019799935575634378,0.1285067307827299,0.18630093636997835,1.121610211712633,0.042368326408381445,-0.007246360182112418,75.6742181513814,1.166471135877785,-0.3101485596795903,2.46428598676409,93.60340053020768,639344000.0,Bear / High Vol,0.004410609895759032,1
2022-10-27,74.75,75.87999725341797,74.55000305175781,75.1500015258789,7053000,0.004410609895759032,0.004400911662225841,2022,10,4,3,67.0834997177124,70.01460037231445,71.38090026855468,74.5549002456665,0.020380262767996465,0.02354941190772241,0.02343846008502183,0.019730063156874388,0.08519857799103114,0.22394136251290875,0.7469265924611564,0.01769785994218716,-0.0009355746472832594,85.17202119759824,1.5208490030366306,0.05605095286365386,2.3764283316476,94.87002145667329,646397000.0,Bear / High Vol,0.0294078381849614,1
2022-10-28,75.30000305175781,77.68000030517578,75.30000305175781,77.36000061035156,8758100,0.0294078381849614,0.028983722531368772,2022,10,4,4,67.89799976348877,69.975400390625,71.42760025024414,74.5001502609253,0.012654895876885123,0.02168306033850817,0.02349574185519454,0.020099319419976083,0.06409909020253468,0.26674309803390983,0.9326176034620823,0.030765217614275725,0.001996028247946891,90.29975012161303,1.9574600908479454,0.4363327804605122,2.422856739589146,98.00374473367081,655155100.0,Bear / High Vol,0.009177857793057687,1
2022-10-31,76.5,78.33000183105469,76.4000015258789,78.06999969482422,12349000,0.009177857793057687,0.009135997188402356,2022,10,4,0,68.64749965667724,69.9636003112793,71.49450027465821,74.45155025482178,0.011763125972847135,0.02020500451882496,0.022985804265956995,0.020132386605786836,0.0706253655402882,0.23763470876105552,1.296447551037977,0.02472140787396127,-0.011116864058510433,91.42859276551367,2.3338651710472362,0.8158392585778571,2.4571426936558316,98.39107625427029,667504100.0,Bear / High Vol,-0.012296645167481635,0
2022-11-01,78.5999984741211,79.2300033569336,76.33999633789062,77.11000061035156,7753000,-0.012296645167481635,-0.012372874462992303,2022,11,4,1,69.21849956512452,69.97660034179688,71.57340026855469,74.3986502456665,0.016364908040844096,0.021595128122284986,0.02237343835625675,0.020141817917291766,0.05427948118447756,0.1738468221116547,0.8231863992151434,0.03747901693901689,0.0067887636911571824,86.04653561761404,2.525591558526955,1.1577897185676767,2.512857437133789,87.49998594230317,659751100.0,Bear / High Vol,-0.02580726038150727,0
2022-11-02,76.6500015258789,77.43000030517578,75.01000213623047,75.12000274658203,7524300,-0.02580726038150727,-0.026146110297604826,2022,11,4,2,69.64249973297119,69.95080032348633,71.65320030212402,74.34650024414063,0.021100607542327468,0.023919606102017446,0.02356805365752319,0.020415946544150097,0.004009663899779081,0.12725095189978108,0.8060815809024989,0.032215096917783625,-0.005965491905480598,76.02311395543487,2.488276601653098,1.4238870951847609,2.440000261579241,72.63648840708244,652226800.0,Bear / High Vol,-0.0011981358359208771,0
2022-11-03,74.72000122070312,75.69000244140625,74.05000305175781,75.02999877929688,6761200,-0.0011981358359208771,-0.0011988541744969883,2022,11,4,3,70.12899951934814,69.92800033569335,71.76300025939942,74.30475025177002,0.02102147170448148,0.02143192006200551,0.022821711933879017,0.02037239236407111,-0.0015968429028002662,0.14900452178887202,0.7252269283885068,0.021857915718118934,-0.005324833749385164,79.3537909244439,2.4235050044140394,1.6238106770306167,2.3857143947056363,68.77321079414313,645465600.0,Bull / High Vol,0.012928178548375246,1
2022-11-04,75.94000244140625,76.66999816894531,74.23999786376953,76.0,7219000,0.012928178548375246,0.012845322998227712,2022,11,4,4,70.76449947357177,69.91020034790039,71.81580024719239,74.2711502456665,0.015897232908688826,0.01595796610901948,0.021012935840748946,0.020434747764146582,-0.017580152528716253,0.2008215974184704,0.7739953017766832,0.031973688225997124,0.012128530946484214,77.17919243858498,2.422518750628541,1.7835522917502016,2.326428549630301,75.98511332625039,652684600.0,Bull / High Vol,0.009736813996967575,1
2022-11-07,76.11000061035156,77.08999633789062,75.48999786376953,76.73999786376953,5394300,0.009736813996967575,0.00968971669522617,2022,11,4,0,71.47299938201904,69.9520002746582,71.88620025634765,74.24375022888184,0.01600970618739909,0.0160270820118177,0.02043673545300498,0.020194384003053064,-0.017036016859916292,0.22646632951985546,0.581515121624659,0.020849602797245903,0.0014473764519942435,78.1449373305776,2.4531701620018254,1.9174758658005264,2.2799998692103793,81.48695430703282,658078900.0,Bull / High Vol,-0.01433409570943478,0
2022-11-08,76.94999694824219,77.13999938964844,75.0199966430664,75.63999938964844,9104200,-0.01433409570943478,-0.014437821260464435,2022,11,4,1,72.13449935913086,69.98100021362305,71.95550025939941,74.20985023498535,0.016318030515717993,0.017190811659374253,0.02099346153306937,0.02027533925784815,-0.019063690948872614,0.21198525195614026,0.972395635850961,0.028027535215344807,0.0027365010466308725,76.50396971103552,2.361479279392853,2.0062765485189917,2.330714089529855,70.18269356894051,648974700.0,Bull / High Vol,0.0002644668511682102,1
2022-11-09,75.37999725341797,76.54000091552734,75.0,75.66000366210938,6013700,0.0002644668511682102,0.0002644318859751473,2022,11,4,2,72.72849960327149,70.01140029907226,72.03490028381347,74.18280025482177,0.010700132282100122,0.01577459735049699,0.020896216068465014,0.02026172421141184,0.0071885103272564255,0.18626536704589536,0.6527474233154472,0.020354227345862237,-0.003437363013332478,71.81757180666526,2.2643260309423283,2.057886445003659,2.182143075125558,59.97760791266915,654988400.0,Bull / High Vol,0.0199576319554442,1
2022-11-10,77.69999694824219,78.47000122070312,76.70999908447266,77.16999816894531,10437300,0.0199576319554442,0.01976108913489812,2022,11,4,3,73.32699966430664,70.0718002319336,72.12980026245117,74.17070026397705,0.013254545929127849,0.016852334075681485,0.02082413424939428,0.020431252469969824,0.028521916892779275,0.1835889843707399,1.1311185201922749,0.022806818426733193,0.026962637951264648,67.52941655177696,2.2828599304971533,2.1028811421023583,2.12999997820173,72.34894064129887,665425700.0,Bull / High Vol,0.00738628622973847,1
2022-11-11,77.12999725341797,77.88999938964844,76.56999969482422,77.73999786376953,7712900,0.00738628622973847,0.007359141202943573,2022,11,4,4,73.99849967956543,70.12060012817383,72.2419002532959,74.16050025939941,0.01272108399109782,0.014219912191372617,0.020158236896355146,0.020454540601797366,0.02289470873380961,0.2088322316128144,0.8373725074871062,0.01697967238354402,-0.0005183480170593148,68.39694754295611,2.31683535531387,2.145671984744661,2.0878568376813615,77.69452956447353,673138600.0,Bull / Normal,0.010162090779983535,1
2022-11-14,77.4800033569336,79.54000091552734,77.33000183105469,78.52999877929688,7153000,0.010162090779983535,0.010110803897456121,2022,11,4,0,74.57399978637696,70.19760009765625,72.35090026855468,74.15075023651123,0.012765342206310192,0.014289260093421179,0.018664121626890573,0.02046827417963693,0.02332552730461357,0.17173981964711493,0.7947715962209183,0.028142100074185734,-0.0033444110365367925,69.71470413907267,2.3800716118327045,2.19255191016227,2.1385710580008372,85.55075186123447,680291600.0,Bull / Normal,0.008277111116551605,1
2022-11-15,78.93000030517578,80.68000030517578,78.01000213623047,79.18000030517578,7618500,0.008277111116551605,0.00824304368982194,2022,11,4,1,75.1814998626709,70.30460006713867,72.43570030212402,74.14085021972656,0.007082316803843234,0.013681472348384805,0.018569702407901737,0.02015598438277643,0.046800647066263856,0.1812621475032996,0.8421428464837206,0.03372061326919169,0.005093614314232741,67.24683869020673,2.4543443378154706,2.2449103956929104,2.102856772286551,77.37555623832719,687910100.0,Bull / Normal,0.008966899238900927,1
2022-11-16,79.12000274658203,80.2300033569336,78.86000061035156,79.88999938964844,6011900,0.008966899238900927,0.00892693532186373,2022,11,4,2,75.86099967956542,70.41260009765625,72.53050025939942,74.13510021209717,0.00513651909935003,0.00935554097993249,0.0179990342704548,0.02018261993767018,0.05590795034097318,0.20497731089516624,0.6626976165857938,0.017148613807093684,-0.0007577362763640722,68.20276146650829,2.541203587556879,2.3041690340657044,2.1057145254952565,88.08444580998773,693922000.0,Bull / Normal,-0.008636906329675842,0
2022-11-17,79.16999816894531,79.58000183105469,78.19000244140625,79.19999694824219,5717300,-0.008636906329675842,-0.008674420565967364,2022,11,4,3,76.35849952697754,70.50360000610351,72.63670021057129,74.11860019683837,0.007818495331464606,0.010262240581488065,0.016416389830505654,0.020213912510442262,0.026305543960914335,0.14368226640060922,0.6743928188069878,0.017550498020306907,-0.00901240738770637,57.99998407778533,2.5252531914579777,2.3483858655441594,2.046428680419922,77.6771648559793,688204700.0,Bull / Normal,0.006692000367598094,1
2022-11-18,80.0,80.45999908447266,78.8499984741211,79.7300033569336,6107000,0.006692000367598094,0.006669708330089501,2022,11,4,4,76.7099998474121,70.58,72.7419002532959,74.10755020141602,0.007776703468587149,0.009943242674716283,0.01294141709496431,0.02019713618030551,0.025598219035860126,0.09669885424749514,0.7633349249164418,0.020193158692643542,0.01010104902252232,57.3321669083988,2.5262583417438123,2.38396036078409,2.023571559361049,85.67123164715589,694311700.0,Bull / Normal,0.001128763753937445,1
2022-11-21,79.56999969482422,80.0999984741211,78.9000015258789,79.81999969482422,5235400,0.001128763753937445,0.0011281271791147027,2022,11,4,0,77.05499992370605,70.63479995727539,72.84140022277832,74.09610019683838,0.00734155990752292,0.00984503133604053,0.012961314134668733,0.019811035589588948,0.01642685515827913,0.09462426905020727,0.6810081532626058,0.015033787933226453,-0.0020068187052880706,62.96649711652818,2.505435778845154,2.4082554443963025,1.9028565543038505,87.02864303739786,699547100.0,Bull / Normal,0.028814871718258805,1
2022-11-22,79.88999938964844,82.20999908447266,79.83000183105469,82.12000274658203,8796200,0.028814871718258805,0.0284075297994017,2022,11,4,1,77.50400009155274,70.75639999389648,72.95390022277832,74.10300022125244,0.01376647830617902,0.010365266472982108,0.014033705931315872,0.020099972340581713,0.03713061922297145,0.12277828044669814,1.1467353788371122,0.028981943178478863,0.0008769693697299996,82.52785151907062,2.6440458572973,2.455413526976502,1.9007137843540736,98.89710316610677,708343300.0,Bull / Normal,0.005357949309494403,1
2022-11-23,82.12000274658203,82.91999816894531,81.77999877929688,82.55999755859375,6347900,0.005357949309494403,0.005343646565265862,2022,11,4,2,77.89099998474121,70.96519989013672,73.05960021972656,74.11185020446777,0.013757942942602316,0.010046706434663344,0.013446540331193618,0.020102006144913122,0.03342093114712519,0.10344824773241679,0.8516829993452617,0.013808132550383946,0.0,83.88838148343989,2.757611221632004,2.5158530659076024,1.864999498639788,95.85252767633087,714691200.0,Bull / Normal,0.001938028910378975,1
2022-11-25,82.8499984741211,83.48999786376953,82.54000091552734,82.72000122070312,2754900,0.001938028910378975,0.0019361533552127088,2022,11,4,4,78.26949996948242,71.21479995727539,73.1702001953125,74.10820022583007,0.011432629211547507,0.009421810455160525,0.013463791772562453,0.020100529969482965,0.04444450010220691,0.10073186348795193,0.380592267272505,0.011484489050085056,0.0035126080923334195,82.62135548375532,2.827924990419973,2.5782674508100767,1.7592849731445312,90.93054373603186,717446100.0,Bull / Normal,-0.016078358455364872,0
2022-11-28,82.11000061035156,82.13999938964844,81.06999969482422,81.38999938964844,5112200,-0.016078358455364872,-0.016209017677315907,2022,11,4,0,78.47099990844727,71.46599990844726,73.26580017089844,74.10590023040771,0.016070068314984795,0.011910526615339239,0.012936811862720474,0.02015489382160264,0.020820217770258997,0.05209408929034609,0.7245017119793202,0.013146574552749122,-0.007374281931210753,71.34985550398459,2.744690047928472,2.611551970233756,1.7628566196986608,75.26502941676004,712333900.0,Bull / Normal,-0.00663473300868489,0
2022-11-29,81.33000183105469,81.5,80.5199966430664,80.8499984741211,4928200,-0.00663473300868489,-0.00665684068969777,2022,11,4,1,78.60999984741211,71.7015998840332,73.35560012817383,74.11140022277831,0.016803226738412967,0.012228863303477467,0.01299810305856354,0.020142863847055884,0.012904018832809783,0.035609053287612324,0.7371894595758939,0.01212125387049053,-0.000737161310279857,75.21778467106114,2.6051219709722204,2.610265970381449,1.6814280918666296,68.90459300449946,707405700.0,Bull / Normal,0.026963516961272083,1
2022-11-30,80.47000122070312,83.18000030517578,80.0,83.02999877929688,9610300,0.026963516961272083,0.026606406421832027,2022,11,4,2,78.90599975585937,71.99999984741211,73.47020011901856,74.1318002319336,0.016088538068587056,0.014368335667470132,0.013697922525658242,0.02033389505824555,0.011081295692634718,0.07677341618579359,1.417869765129312,0.038299414090425095,-0.004700027960292422,79.50357035960148,2.6399889211091363,2.6162105605269863,1.7985709054129464,93.3526126273128,717016000.0,Bull / Normal,0.013007368986303947,1
2022-12-01,83.05000305175781,84.52999877929688,82.3499984741211,84.11000061035156,6127200,0.013007368986303947,0.012923499658946654,2022,12,4,3,79.35549964904786,72.34719985961914,73.60720008850097,74.15350025177003,0.016798930148121654,0.014552560580996913,0.011917107241179434,0.02036363717593398,0.01877426232550161,0.11967515355527025,0.9133991142091761,0.025918443578128864,0.00024092825189737889,78.77278219556787,2.723374980575656,2.6376434445367205,1.7535711015973772,94.7236404867861,723143200.0,Bull / Normal,-0.00903581180258528,0
2022-12-02,83.19999694824219,83.62000274658203,82.58000183105469,83.3499984741211,4798900,-0.00903581180258528,-0.009076882341015932,2022,12,4,4,79.77149963378906,72.69359985351562,73.74040008544922,74.1743002319336,0.01779664211777757,0.014595355816714025,0.012280425822151856,0.020415514870762208,0.007616020842856175,0.11088897547896481,0.7260044039234405,0.01247751571165593,-0.01081920883968439,72.8979331528854,2.697043375494573,2.6495234307282916,1.768571036202567,83.61109992603723,718344300.0,Bull / Normal,-0.04703057277394451,0
2022-12-05,82.41000366210938,82.41999816894531,79.41000366210938,79.43000030517578,9102900,-0.04703057277394451,-0.048172456402804674,2022,12,4,0,79.94299964904785,72.99119979858398,73.84020011901856,74.19380023956299,0.02797512538524225,0.022000164660690064,0.016813347360048955,0.021277368082894217,-0.02408157143593659,0.045131582962839145,1.3577886134235055,0.037894932585563666,-0.011277682414158326,52.92588034361019,2.3329712568913124,2.5862129959608957,1.8921421595982142,21.7791242339885,709241400.0,Bull / Normal,-0.006546602556572356,0
2022-12-06,79.3499984741211,79.81999969482422,78.05999755859375,78.91000366210938,7656100,-0.006546602556572356,-0.0065681255454846385,2022,12,4,1,80.05149993896484,73.30039985656738,73.92190017700196,74.21550025939942,0.027973508097208284,0.022084055295813178,0.01683082064512181,0.021213630742921107,-0.023994988851269827,0.0282773763193489,1.1230399131621023,0.022303916544811644,-0.001007199178488162,49.11476554757263,1.979661787804929,2.4649027543297026,1.8271424429757255,13.137649816753063,701585300.0,Bull / Normal,-0.0016475082597787738,0
2022-12-07,78.66999816894531,79.44000244140625,78.58000183105469,78.77999877929688,5105500,-0.0016475082597787738,-0.0016488668939575347,2022,12,4,2,80.20849990844727,73.62759986877441,74.0076001739502,74.23880023956299,0.022264927652773492,0.01947263133690137,0.016435853372946552,0.02113511855301152,-0.05118631895078041,0.04151241955295615,0.7715306621291103,0.010916484179707399,-0.003041509086626835,46.21677029874748,1.6699213665265091,2.305906476769064,1.7907137189592635,11.128301157026353,696479800.0,Bull / Normal,0.016374726269561046,1
2022-12-08,79.12999725341797,80.20999908447266,78.52999877929688,80.06999969482422,5918700,0.016374726269561046,0.01624210622550955,2022,12,4,3,80.428999710083,73.96759986877441,74.08590019226074,74.27680023193359,0.023176578923416815,0.020350881674386877,0.016729937013351383,0.020075530556197194,-0.04803234914053889,0.05828701849407092,0.8950619384313165,0.020981644955399913,0.004442732667483516,52.84872975926206,1.5111228603073812,2.1469497534767275,1.789285387311663,31.066487743444853,702398500.0,Bull / Normal,-0.002622693708917656,0
2022-12-09,79.6500015258789,80.36000061035156,79.54000091552734,79.86000061035156,6850800,-0.002622693708917656,-0.00262613899533549,2022,12,4,4,80.56349983215333,74.33679985046386,74.15860023498536,74.30205024719238,0.02339049534508326,0.020282172343079663,0.01627909203556462,0.019746590739350554,-0.04187160081176389,0.03485813794523018,1.0648983646003833,0.010267965045794518,-0.005245387417835365,50.43477328967653,1.352735239177136,1.9881068506168094,1.7328567504882812,27.82075289256588,695547700.0,Bull / Normal,0.01778109389046567,1
2022-12-12,80.30999755859375,81.41000366210938,79.94000244140625,81.27999877929688,15807600,0.01778109389046567,0.017624859533833796,2022,12,4,0,80.7404998779297,74.74099983215332,74.22600021362305,74.32670024871827,0.011487034440786727,0.020737716462415654,0.0166276317739799,0.019622923356387177,0.023290928704686742,0.04553641642402395,2.311720123866175,0.018085645211372153,0.005634822749849294,54.48402490705779,1.3265027946271175,1.8557860394188712,1.757857186453683,49.76817021918881,711355300.0,Bull / Normal,-0.00885828286806667,0
2022-12-13,84.94000244140625,85.58000183105469,79.69999694824219,80.55999755859375,22812200,-0.00885828286806667,-0.00889775070681213,2022,12,4,1,80.84199981689453,75.0905997467041,74.2826001739502,74.34965023040772,0.0120823339561604,0.020829204297146988,0.016701768828642806,0.01968197158312011,0.020909819033206656,0.025849978490411596,2.9933400997377637,0.07298913928759485,0.045029573290810976,44.693861557153745,1.2333974738024693,1.7313083262955908,2.007143293108259,33.24466196322877,688543100.0,Bull / Normal,0.015640543376556515,1
2022-12-14,80.80999755859375,82.88999938964844,80.56999969482422,81.81999969482422,11183100,0.015640543376556515,0.015519490666542865,2022,12,4,2,80.97399978637695,75.41319969177246,74.35220016479492,74.37870021820068,0.012456519172177345,0.019453132714703822,0.016940553498428518,0.019627643550788356,0.03858848645128754,0.033341745131009626,1.4338750758890477,0.028354921822017282,0.003103277154622148,47.61598809186138,1.246908888880725,1.6344284388126176,2.0921434674944197,50.0,699726200.0,Bull / Normal,-0.021388413670584527,0
2022-12-15,80.79000091552734,81.02999877929688,79.45999908447266,80.06999969482422,8196800,-0.021388413670584527,-0.021620460498229042,2022,12,4,3,80.98299980163574,75.68179969787597,74.4126001739502,74.38765022277832,0.01660982268649294,0.019682999494389324,0.017609265338891195,0.01965696242712712,0.0,0.0022531018469265085,1.0364596900028578,0.01960783940062516,-0.012588594269599232,42.25598991903749,1.1036838278863996,1.5282795166273742,2.1928580147879466,26.72873662573986,691529400.0,Bull / Normal,-0.0061196186541412345,0
2022-12-16,79.95999908447266,80.45999908447266,79.4800033569336,79.58000183105469,19200700,-0.0061196186541412345,-0.006138420265417048,2022,12,4,4,81.00200004577637,75.96739967346191,74.44970016479492,74.3943002319336,0.016825893873915393,0.019633713577890705,0.017551220180953057,0.01960975203194385,-0.0035061204252054834,0.004798041634532346,2.2371580739237276,0.012314597951625537,-0.0013738055547747557,44.437624206228996,0.9398047188535514,1.4105845570726099,2.145000457763672,20.212811288250943,672328700.0,Bull / Normal,0.011560670366638437,1
2022-12-19,79.91999816894531,81.0999984741211,79.68000030517578,80.5,7738800,0.011560670366638437,0.011494356416754555,2022,12,4,0,81.04049987792969,76.31159965515137,74.48430015563964,74.41435024261474,0.015287732228085625,0.013200667619603446,0.017676591369597303,0.01934325578358171,-0.009596441818544355,0.009657551870646541,0.8931906161200893,0.017639728806774068,0.00427238414259432,48.94895362749038,0.8740895475459212,1.3032855551672722,2.1835714067731584,32.446822541601485,680067500.0,Bull / Normal,0.0054658688373447895,1
2022-12-20,80.5,81.48999786376953,80.3499984741211,80.94000244140625,6390200,0.0054658688373447895,0.005450985186362425,2022,12,4,1,81.09650001525878,76.678999710083,74.5153002166748,74.44745025634765,0.014981173439477673,0.012939404300670004,0.017709601860427585,0.019148110548289472,0.004717041885907491,0.014031605498172617,0.7326564212631106,0.014084499076630261,0.0,42.99129502160382,0.8477420776302296,1.2121768596598637,2.0378570556640625,38.297915512619944,686457700.0,Bull / Normal,0.006918674841888572,1
2022-12-21,81.3499984741211,82.13999938964844,80.94000244140625,81.5,5932400,0.006918674841888572,0.006894850635937069,2022,12,4,2,81.06549987792968,77.06079971313477,74.55590019226074,74.48830024719238,0.013264314155276336,0.012909109647351714,0.016526956689952483,0.018960799694128158,-0.00391102048420644,-0.007549960129632827,0.691521045557813,0.014723888935486963,0.005065431434989718,40.931199718364525,0.8621107645341795,1.1421636406347269,1.9678568158830916,45.74468732689299,692390100.0,Bull / Normal,-0.012392664248226604,0
2022-12-22,80.94000244140625,81.16999816894531,79.43000030517578,80.48999786376953,8181400,-0.012392664248226604,-0.012470093681496298,2022,12,4,3,80.96199989318848,77.39499969482422,74.59730018615723,74.51025024414062,0.009956372262529909,0.012920458974385969,0.016685934852523752,0.019071190106805205,0.005245387417835312,-0.02507267146362402,0.9435963206040751,0.021617566280899926,-0.006871135688266871,40.232237945399795,0.7829736876851854,1.0703256500448186,2.0064283098493303,32.313815486444646,684208700.0,Bull / Normal,0.004472612994236513,1
2022-12-23,80.51000213623047,80.9000015258789,79.98999786376953,80.8499984741211,4129100,0.004472612994236513,0.0044626405848338675,2022,12,4,4,80.86849975585938,77.7079997253418,74.63210014343262,74.53125022888183,0.00913255315759439,0.01291873064376559,0.016720094805063118,0.018639620339923776,0.015958741063647697,-0.022606415848480554,0.4724827514788329,0.011255456762941733,0.0002485311590490413,56.40793291642509,0.7407669247382529,1.0044139049835055,1.7900003705705916,37.101054925522135,688337800.0,Bull / Normal,0.0016079763174530193,1
2022-12-27,80.87999725341797,81.47000122070312,80.61000061035156,80.9800033569336,4290700,0.0016079763174530193,0.0016066849077197751,2022,12,4,1,80.84799995422364,78.04139984130859,74.66790016174316,74.54705024719239,0.007850745034575123,0.011569184027880677,0.016344603411007748,0.018596978201549038,0.005962774620293043,-0.005037425184782451,0.4932927726578739,0.010619913246495666,0.00037104242254843296,59.6819351951703,0.7096279196367874,0.9454567079141618,1.7257145472935267,34.75182293752124,692628500.0,Bull / Normal,-0.008026691762581306,0
2022-12-28,81.08999633789062,81.63999938964844,80.19000244140625,80.33000183105469,3794000,-0.008026691762581306,-0.008059079077995737,2022,12,4,2,80.8220001220703,78.30759994506836,74.6977001953125,74.56335025787354,0.008328449309269946,0.011503709467979725,0.016376717478755003,0.018299793292430887,-0.007536454064146492,-0.0064316221753900615,0.43905075236912666,0.01805050311453665,0.0013582733563521584,56.91347958712818,0.625292361784787,0.8814238386882869,1.7678571428571428,25.531947128859876,688834500.0,Bull / Normal,0.013320050671411288,1
2022-12-29,80.97000122070312,81.80000305175781,80.69999694824219,81.4000015258789,3867800,0.013320050671411288,0.013232118774056846,2022,12,4,3,80.74050025939941,78.595,74.74700019836426,74.56735027313232,0.010220224509207503,0.011166553838934024,0.015443509932553327,0.017681796749447153,-0.00122697514259007,-0.019631425718199536,0.4629742125111246,0.013513588241959775,0.00796712778613458,56.050960720092306,0.6374477566527048,0.8326286222811705,1.7528572082519531,32.03253222643045,692702300.0,Bull / Normal,0.004176859109548348,1
2022-12-30,81.12999725341797,81.93000030517578,80.76000213623047,81.73999786376953,5375700,0.004176859109548348,0.004168160247738828,2022,12,4,4,80.62200012207032,78.90379989624023,74.79670021057129,74.57625026702881,0.007640713573872038,0.008434562176905566,0.01514912396034165,0.017625790994966986,0.01552987990030319,-0.028177419205610454,0.6463764944382788,0.01431365548718595,-0.0033170057420096855,58.45322297243059,0.666829067259556,0.7994687112768477,1.7778570992606026,37.560926592837305,698078000.0,Bull / Normal,0.02422318826376202,1
2023-01-03,82.47000122070312,83.83999633789062,82.26000213623047,83.72000122070312,8997500,0.02422318826376202,0.02393446015690708,2023,1,1,1,80.64050025939942,79.1931999206543,74.85850021362305,74.59185028076172,0.012241411248014448,0.01038257071081001,0.01605560866842787,0.01754573594267681,0.03549787013911554,0.004439145211225348,1.0552271714399644,0.018872362382018688,0.00893079735761971,60.445208834937375,0.8401984066953929,0.8076146503605568,1.8171424865722656,69.75609514038703,707075500.0,Bull / Normal,0.009077904027102734,1
2023-01-04,84.19999694824219,85.16999816894531,83.63999938964844,84.4800033569336,7836200,0.009077904027102734,0.009036947535798834,2023,1,1,2,80.8930004119873,79.42880004882812,74.9317002105713,74.6058502960205,0.011859509650851075,0.010240492415779802,0.011635308719994398,0.01693903959690562,0.04322054649186824,0.0635780313780101,0.9259074364326297,0.01811078028527685,0.005733345921408854,66.72356159657329,1.0270811261613062,0.8515079455207067,1.5064277648925781,87.97917998599061,714911700.0,Bull / Normal,-0.0020123791617474573,0
2023-01-05,85.0,85.4000015258789,83.22000122070312,84.30999755859375,7643800,-0.0020123791617474573,-0.0020144067172897765,2023,1,1,3,81.16300010681152,79.6566000366211,74.98330017089843,74.62260028839111,0.009900547490451377,0.010463926771327995,0.011479542093959624,0.016828707993086996,0.04954556998404591,0.06843231080823431,0.9032395289891464,0.025856960838609028,0.006155263049285002,61.7121116316191,1.1482328668877102,0.9108529297941075,1.495713370186942,81.74198083067093,707267900.0,Bull / Normal,0.016012408286186997,1
2023-01-06,84.73999786376953,86.33999633789062,83.81999969482422,85.66000366210938,8641600,0.016012408286186997,0.015885561961818846,2023,1,1,4,81.50700035095215,79.90700012207031,75.04880020141601,74.64190029144287,0.010211118161576884,0.011107905130062991,0.011748708840741497,0.016855838644199952,0.05233417759674275,0.08733187343765914,1.0002482795500411,0.029418591353400737,0.005100229126171421,77.32157280092238,1.3377598416188903,0.9962343121590642,1.5071416582380022,90.1592899248874,715909500.0,Bull / Normal,0.008872221274164094,1
2023-01-09,86.83999633789062,87.58999633789062,86.16000366210938,86.41999816894531,7519700,0.008872221274164094,0.008833094377019486,2023,1,1,0,81.8245002746582,80.13900009155273,75.11780021667481,74.67205028533935,0.00971140443959041,0.009284315078738196,0.011457728994113918,0.016722606233844965,0.05725471528609072,0.07930558883880656,0.8623998724698249,0.016547011178890677,0.013775304988729588,82.57136379952016,1.5316308526616353,1.1033136202595786,1.5749985831124442,85.6617801742233,723429200.0,Bull / Normal,0.0009257328482961125,1
2023-01-10,85.63999938964844,86.61000061035156,85.56999969482422,86.5,5703300,0.0009257328482961125,0.0009253046219046855,2023,1,1,1,82.15650024414063,80.36600006103515,75.1903002166748,74.69335029602051,0.007180942301903139,0.009464909634495854,0.011378848865157987,0.01658012143226599,0.033205909445321424,0.08314549635487678,0.6584177332826915,0.012023131971414379,-0.009025674564028913,81.05583979250615,1.6724515247289844,1.21714120115346,1.540713174002511,86.64219524714669,729132500.0,Bull / Normal,0.024277439007180268,1
2023-01-11,87.37000274658203,88.66000366210938,87.08999633789062,88.5999984741211,8359700,0.024277439007180268,0.02398742645109192,2023,1,1,2,82.52250022888184,80.59080001831055,75.28310020446777,74.72770027160645,0.010806999819839957,0.010711210209718174,0.011873044673186619,0.016585570566584155,0.04876887965759491,0.09005905271603831,1.0084399561626518,0.017720173264758336,0.010057835220601517,83.83386004392962,1.931243080270292,1.3599615769768263,1.6135706220354353,99.34988985737253,737492200.0,Bull / Normal,0.0020316061882139635,1
2023-01-12,88.69999694824219,89.19999694824219,88.16999816894531,88.77999877929688,6071100,0.0020316061882139635,0.0020295452672098187,2023,1,1,3,82.93350028991699,80.805,75.38430015563965,74.75360027313232,0.009826055279457437,0.00930591343597724,0.011476704389881081,0.01587646584255715,0.053018637767087595,0.10203576799669678,0.8146197072730883,0.011601698507086108,0.0011286509688857613,83.27233546965333,2.126350527557179,1.513239367092897,1.6014278956821986,95.70114316013222,743563300.0,Bull / Normal,0.004730774664566173,1
2023-01-13,87.94999694824219,89.47000122070312,87.66000366210938,89.19999694824219,5090800,0.004730774664566173,0.004719619717296103,2023,1,1,4,83.3025001525879,81.04679992675781,75.51170013427735,74.7781502532959,0.009512232023223476,0.009370873125570493,0.011196806215058005,0.015864631011392984,0.04132609309820379,0.0901979623679321,0.7121927402730669,0.02029145314482456,-0.00934897321994828,92.07723443292296,2.2884847002754896,1.6682884337294155,1.5828563145228796,97.15185467457184,748654100.0,Bull / Normal,-0.006726440522965893,0
2023-01-17,89.19000244140625,89.44000244140625,88.43000030517578,88.5999984741211,6550400,-0.006726440522965893,-0.006749164984505974,2023,1,1,1,83.72900009155273,81.3163998413086,75.63360008239746,74.80435024261475,0.011560721474169951,0.010580586470087989,0.009815126164292315,0.01580338541766187,0.025225646278237868,0.10653176984897961,0.9270643081515113,0.01139957284000944,-0.00011204604459501,86.59108363219298,2.34157017440954,1.8029447818654405,1.589999062674386,90.62496917000726,742103700.0,Bull / Normal,-0.02133182192097305,0
2023-01-18,88.5999984741211,88.62999725341797,86.5999984741211,86.70999908447266,6397700,-0.02133182192097305,-0.021562633558354298,2023,1,1,2,84.08549995422364,81.54999984741211,75.73900009155274,74.82425022125244,0.016691430353854928,0.012516860691657224,0.01122072996752796,0.015289278886332164,0.002427735080608784,0.08959533914757478,0.9956587677872633,0.023411357406649902,0.0,73.1983518044899,2.2057076153755446,1.8834973485674615,1.6735703604561942,70.2585937577075,735706000.0,Bull / Normal,-0.008880136676235884,0
2023-01-19,86.4000015258789,86.98999786376953,85.26000213623047,85.94000244140625,5597000,-0.008880136676235884,-0.008919800075458095,2023,1,1,3,84.35750007629395,81.74879989624023,75.82950012207031,74.84390022277832,0.010290015705792296,0.012922983262795704,0.011458663349444512,0.014133539863042863,-0.03002252910299763,0.06757767007958071,0.8858108049293306,0.020130273195169742,-0.0035751073909221377,72.49398581067356,2.0127020877353488,1.909338296401039,1.693570273263114,59.7491783398376,730109000.0,Bull / Normal,0.015243164084000504,1
2023-01-20,86.02999877929688,87.37999725341797,85.5,87.25,5567300,0.015243164084000504,0.015128154327423518,2023,1,1,4,84.67299995422363,81.95899993896484,75.95550010681153,74.8598002243042,0.013931297077483825,0.01349809733057856,0.011758893885420084,0.014223239429634466,-0.01723359766089183,0.07795894944729787,0.8868855697299501,0.021547246457512537,0.001047199619897432,73.01337095007278,1.9430513845690456,1.9160809140346404,1.722855704171317,74.51203841501282,735676300.0,Bull / Normal,0.019713481039577374,1
2023-01-23,87.19000244140625,89.12999725341797,86.97000122070312,88.97000122070312,7390200,0.019713481039577374,0.01952168689452966,2023,1,1,0,85.04650001525879,82.22559997558594,76.10330009460449,74.88995021820068,0.01731573252980278,0.013922882053431241,0.012272823150594372,0.01438411829123051,-0.002578427526993221,0.09165645669574385,1.1637652060942483,0.024277801540731208,-0.0006876511013610315,75.6564986557866,2.0035467842005943,1.9335740880678314,1.793569837297712,93.0651863593604,743066500.0,Bull / Normal,0.008204964791763913,1
2023-01-24,89.05000305175781,90.0999984741211,88.0,89.69999694824219,7004600,0.008204964791763913,0.008171487065857425,2023,1,1,1,85.50699996948242,82.50639984130859,76.25890007019044,74.92785018920898,0.0172384859633041,0.01389790472650067,0.011631136677612508,0.014167849261703265,0.01241533287884189,0.11442414373101006,1.1133593264466948,0.023411355023042132,0.0008992000669555037,73.28659436565488,2.086344300248925,1.96412813050405,1.793569837297712,94.18602201214271,750071100.0,Bull / Normal,-0.0006688691263654345,0
2023-01-25,88.69999694824219,89.86000061035156,87.73999786376953,89.63999938964844,5896800,-0.0006688691263654345,-0.0006690929191171428,2023,1,1,2,85.94650001525879,82.75579986572265,76.41380004882812,74.9683501815796,0.011636576123075351,0.013943860085183354,0.011711479687210818,0.014175221595705488,0.033790800785516995,0.10871986495263686,0.9242930219544672,0.023650186981447566,-0.011148272397121822,71.2520573926935,2.1226520155528306,1.9958329075138064,1.8357129778180803,93.31396412630644,744174300.0,Bull / Normal,0.0021196167190982163,1
2023-01-26,89.88999938964844,90.48999786376952,89.08999633789062,89.83000183105469,7302800,0.0021196167190982163,0.002117373500862921,2023,1,1,3,86.38899993896484,82.99759994506836,76.55910003662109,75.01280017852783,0.008590467182902116,0.01191661917798072,0.011703687996106807,0.013746225772131717,0.04526412938259616,0.10928622014391842,1.1182775940218057,0.01558501054594106,0.0027889335308147025,72.69740763467212,2.1420653546005326,2.025079396931152,1.779998779296874,90.1050042893911,751477100.0,Bull / Normal,-0.009351040300154656,0
2023-01-27,89.5,89.72000122070312,88.95999908447266,88.98999786376953,5676800,-0.009351040300154656,-0.009395035761185623,2023,1,1,4,86.82199974060059,83.20679992675781,76.70220001220703,75.05895015716553,0.010818729207635021,0.012388503316529383,0.011786297951887629,0.01380366594218754,0.019942668925725382,0.10780525127993945,0.856934972088628,0.00854030963562803,-0.003673626008327701,64.29183745506674,2.065855370941648,2.033234591733251,1.662142072405133,71.31928823380122,745800300.0,Bull / Normal,-0.018429030554186876,0
2023-01-30,88.47000122070312,88.62000274658203,86.98999786376953,87.3499984741211,6255300,-0.018429030554186876,-0.01860096075198053,2023,1,1,0,87.1194995880127,83.37019989013672,76.83739997863769,75.09905014038085,0.010411943335081181,0.01357706806896761,0.012734710488013673,0.013935487058771512,-0.01820841546987706,0.07309578423472818,0.9275472778052511,0.018660617187021663,-0.005843315603428195,53.711097214873256,1.8517780207988608,1.9969432775463731,1.667142595563615,39.96172170630173,739545000.0,Bull / Normal,0.012707505778382089,1
2023-01-31,87.69000244140625,88.4800033569336,87.3499984741211,88.45999908447266,6200400,0.012707505778382089,0.012627442979057851,2023,1,1,1,87.45549964904785,83.5415998840332,76.97709999084472,75.14260013580322,0.01179386708849894,0.014203470202966466,0.012896512448354781,0.013505037931434694,-0.013823833957151921,0.0822119084453965,0.9138191491713521,0.012774190532530191,0.0038924324353123846,57.22714063471434,1.7514977749794411,1.947854177032987,1.6735714503696977,61.18546008350053,745745400.0,Bull / Normal,0.01797427067308499,1
2023-02-01,88.37000274658203,90.6500015258789,88.20999908447266,90.05000305175781,6141300,0.01797427067308499,0.017814643420996045,2023,2,1,2,87.77199974060059,83.75860000610352,77.13110000610351,75.1956001663208,0.015092019999609225,0.013057403287976397,0.012449674868583083,0.013634594093528636,0.004573891844054545,0.07560919420399315,0.9245687513737628,0.02709608393909566,-0.0010173676104686057,55.555575043160175,1.7798084655313602,1.9142450347326618,1.6935713631766174,88.86830163147332,751886700.0,Bull / Normal,-0.0074403750764422405,0
2023-02-02,90.66000366210938,91.22000122070312,88.94999694824219,89.37999725341797,8269200,-0.0074403750764422405,-0.007468192735520798,2023,2,1,3,88.01699943542481,83.9515998840332,77.2657999420166,75.25140014648437,0.015515037128128847,0.012908362317258035,0.012622554522415732,0.013640266429353827,-0.005009513174485392,0.058001819386554354,1.2408782126023599,0.025397229158833193,0.006774020984773915,52.21565152714661,1.728258732443436,1.8770477742748168,1.7821431841169075,69.12744547094238,743617500.0,Bull / Normal,0.0026852260073759737,1
2023-02-03,88.47000122070312,90.26000213623048,88.2699966430664,89.62000274658203,5671800,0.0026852260073759737,0.002681627228936732,2023,2,1,4,88.28249969482422,84.14759994506836,77.39119995117187,75.30170017242432,0.014794518451551964,0.01228986549298594,0.012569957281649601,0.013609814114475927,0.00707950216806319,0.06298191604498538,0.8638938433208081,0.022204925598933577,-0.010181204527616438,51.57187701834765,1.6873212460606481,1.8391024686319832,1.7950008937290736,73.15438389429447,749289300.0,Bull / Normal,-0.012162507630884112,0
2023-02-06,89.51000213623047,89.61000061035156,88.4000015258789,88.52999877929688,4097200,-0.012162507630884112,-0.012237076170596915,2023,2,1,0,88.42599945068359,84.27579986572266,77.51609992980957,75.34290016174316,0.012817577020348634,0.01151078182048595,0.012629299551257411,0.0135666179785445,0.01350887608229745,0.033504494448872046,0.6464326453850244,0.01366767311822916,-0.001227411370010896,49.74729377106,1.5490671012643702,1.7810953951584607,1.8100008283342635,54.865723915723336,745192100.0,Bull / Normal,-0.00892353921179645,0
2023-02-07,87.87000274658203,88.0199966430664,86.30000305175781,87.73999786376953,9226000,-0.00892353921179645,-0.00896359244358989,2023,2,1,1,88.4919994354248,84.37939987182617,77.67229988098144,75.38420013427735,0.012255840114123256,0.011355446807057351,0.012725754220718834,0.013646389426154471,-0.008139285871070157,0.015274238865912837,1.4362919816890676,0.019603301039272426,-0.007455055256017768,54.0392060652118,1.3600751244586888,1.6968913410185062,1.8242863246372767,41.610672961344825,735966100.0,Bull / Normal,-0.01196712386514498,0
2023-02-08,86.93000030517578,87.91999816894531,86.51000213623047,86.69000244140625,7624400,-0.01196712386514498,-0.012039306347747754,2023,2,1,2,88.50149955749512,84.45879989624024,77.8367999267578,75.43660015106201,0.006071326227810664,0.011747141985818721,0.013043503063790528,0.013578913460387927,-0.03731260962223781,0.002196560016257232,1.169469011617384,0.016264805548573603,-0.009231793689480157,52.877970805740475,1.112744737149356,1.5800620202446762,1.801429203578404,20.80423404629921,728341700.0,Bull / Normal,-0.00046142478256794295,0
2023-02-09,87.13999938964844,87.9000015258789,86.33000183105469,86.6500015258789,4960300,-0.00046142478256794295,-0.00046153127174201615,2023,2,1,3,88.40399971008301,84.56399993896484,78.01499992370606,75.48495014190674,0.006857505824570826,0.011643248609069635,0.01174770584918369,0.013564250133027214,-0.03054369894193154,-0.022008995280194732,0.781202506626433,0.018118865172268028,0.005190874790277464,47.44898985279053,0.9030955602450064,1.4446687282447424,1.7792865208217077,7.113792771921337,723381400.0,Bull / Normal,0.005654908887949617,1
2023-02-10,86.52999877929688,87.37999725341797,86.33999633789062,87.13999938964844,5318400,0.005654908887949617,0.005638979913735684,2023,2,1,4,88.32199974060059,84.6897999572754,78.19569992065429,75.54810012817383,0.007869667676960996,0.011776867775413011,0.011825355463168357,0.013530161344939905,-0.02767243116412621,-0.018472622349606005,0.8425942282358738,0.011934828124991793,-0.0013849133810596784,41.31054420043617,0.7676369684953386,1.3092623762948616,1.699286869594029,17.073102652611208,728699800.0,Bull / Normal,0.026164778463008798,1
2023-02-13,87.27999877929688,89.44999694824219,87.19999694824219,89.41999816894531,5560900,0.026164778463008798,0.025828336643787215,2023,2,1,0,88.33299980163574,84.81759994506837,78.40879989624024,75.6214001083374,0.015146897514217524,0.01323279530601325,0.0132452275549715,0.013867585216565925,0.010053082592570428,0.0024663814823981944,0.8777448764410996,0.02516215663244559,0.0016066030597777163,48.841066294797365,0.8346406870570888,1.214338038447307,1.7142868041992188,63.41455850290134,734260700.0,Bull / Normal,-0.003690470116440858,0
2023-02-14,89.0,89.41000366210938,87.70999908447266,89.08999633789062,7484800,-0.003690470116440858,-0.0036972967019965005,2023,2,1,1,88.35749969482421,84.91719985961915,78.63219985961913,75.68615009307861,0.014355451611224673,0.012826541836419944,0.013178823117379161,0.013857993732124409,0.015386351800659837,0.0055304500249246935,1.1727690938491044,0.019081879532120875,-0.004696915427707688,47.77327084859725,0.851299970779948,1.1417304249138354,1.6850008283342635,56.707201716924544,726775900.0,Bull / Normal,-0.008418453595569586,0
2023-02-15,88.8499984741211,89.20999908447266,88.02999877929688,88.33999633789062,4329900,-0.008418453595569586,-0.008454088913156549,2023,2,1,2,88.43899955749512,85.01699981689453,78.85529983520507,75.76085006713868,0.013483036200341475,0.011547826684647829,0.012350546905482417,0.013855203430927016,0.01903326623620294,0.018798261684099815,0.6896095891392741,0.013357486462444619,-0.002693881172239519,44.2292668109414,0.7948216321493646,1.0723486663609414,1.6692864554268982,41.463293604642146,722446000.0,Bull / Normal,-0.007018283256613356,0
2023-02-16,87.45999908447266,88.2699966430664,87.01000213623047,87.72000122070312,5942500,-0.007018283256613356,-0.007043027248074607,2023,2,1,3,88.52799949645996,85.18279983520507,79.08699981689453,75.82945007324219,0.014301224120589508,0.011525897080033109,0.012278935011690724,0.013888129015845668,0.012348524823795337,0.020712109945662194,0.9438464941086031,0.014363822267464372,-0.009961481660606793,44.99607708748545,0.6920561252170216,0.9962901581321575,1.7021429879324788,28.861762142682135,716503500.0,Bull / Normal,-0.0050159876343276455,0
2023-02-17,87.19999694824219,87.43000030517578,86.51000213623047,87.27999877929688,6398400,-0.0050159876343276455,-0.005028609926834201,2023,2,1,4,88.52949943542481,85.35019973754883,79.32529979705811,75.89940006256103,0.014514515443139857,0.011448922045449986,0.011879657908448834,0.013914953509610384,0.001606603059777667,0.0003438255506804655,1.0095935369856097,0.010540767435981441,-0.0059280011995509335,49.69538896919627,0.5685552498134854,0.9107431764684232,1.645714351109097,19.91861976137974,710105100.0,Bull / Normal,-0.01237398998808037,0
2023-02-21,86.76000213623047,86.94000244140625,86.1500015258789,86.19999694824219,5260300,-0.01237398998808037,-0.012451185272333562,2023,2,1,1,88.39099922180176,85.49859970092774,79.56309978485108,75.95435005187989,0.0033660450298872704,0.01146875972818473,0.01123855281402085,0.013560346731036748,-0.03600985558755465,-0.031134137736938294,0.8442001860023223,0.009164744124082636,-0.005957798468596579,40.13961907665801,0.37916205036974304,0.8044269512486871,1.6457138061523449,0.9861030645488951,704844800.0,Bull / Normal,0.0013921432810963807,1
2023-02-22,86.68000030517578,87.18000030517578,85.9800033569336,86.31999969482422,5840100,0.0013921432810963807,0.0013911751480546078,2023,2,1,2,88.22199935913086,85.62359970092774,79.79559978485108,76.02195003509522,0.005067396537547575,0.011299965965722983,0.011029564424207574,0.013547904668532309,-0.03109211759938424,-0.03768113008262708,0.9460899936496416,0.013901725584854698,0.005568484616325524,31.331339052444193,0.23602899867681515,0.6907473607343128,1.5571419852120545,6.488482375945849,710684900.0,Bull / Normal,0.026181674515992626,1
2023-02-23,87.1500015258789,89.4800033569336,87.05999755859375,88.58000183105469,8637100,0.026181674515992626,0.02584480175177099,2023,2,1,3,88.16899948120117,85.7979997253418,80.06739978790283,76.10240005493164,0.015107498579340387,0.013605488754183326,0.012691282695145157,0.013937348551022744,0.002716838387066156,-0.011825050934975323,1.3688183400833136,0.027320001674366975,0.009615405861782628,46.54579115373085,0.30148300039816434,0.6128944886670831,1.620713370186943,60.74764522592263,719322000.0,Bull / Normal,0.0009031590584889226,1
2023-02-24,87.30999755859375,88.88999938964844,87.13999938964844,88.66000366210938,7659200,0.0009031590584889226,0.0009027514557480669,2023,2,1,4,88.11049957275391,85.94559982299805,80.34329982757568,76.18800006866455,0.014507974440243215,0.013582190511419148,0.012680884252426838,0.013750938228996796,0.010715941955372399,-0.013024581377007571,1.2104211393844382,0.019738325374645767,-0.014337370131050223,45.796853778251965,0.35571083441898566,0.5614577578174637,1.6035701206752233,73.8292653707195,726981200.0,Bull / Normal,-0.007895381781220068,0
2023-02-27,88.86000061035156,88.97000122070312,87.36000061035156,87.95999908447266,6748800,-0.007895381781220068,-0.007926715343888288,2023,2,1,0,88.05899963378906,86.09359985351563,80.59209980010986,76.26515007019043,0.01491822346249127,0.013891343768152912,0.012631972245163313,0.013764566110850938,0.00779102102069551,-0.011574320755391554,1.0575876602236374,0.018303781572409902,0.00225577419333742,47.41614069065694,0.33830252343386746,0.5168267109407445,1.631427219935826,56.57130650111607,720232400.0,Bull / Normal,-0.00636650255141491,0
2023-02-28,87.69999694824219,88.01000213623047,87.18000030517578,87.4000015258789,7468000,-0.00636650255141491,-0.006386855158051086,2023,2,1,1,88.06149978637696,86.20519989013673,80.8091997909546,76.34700008392333,0.01369935652487601,0.010818640844355845,0.012003548886906357,0.013386848041862758,0.013921167286783609,0.0005724447925734566,1.1592763060874425,0.00949658829020645,-0.0029559133576249233,48.425943324917455,0.27613606401713753,0.46868858155602316,1.5314276559012276,40.571376255580354,712764400.0,Bull / Normal,-0.012128205600481778,0
2023-03-01,86.9000015258789,87.20999908447266,85.98999786376953,86.33999633789062,5119800,-0.012128205600481778,-0.012202352407707808,2023,3,1,2,87.95549964904785,86.33059982299805,81.00619976043701,76.42505004882813,0.015298382449599282,0.011265016349288223,0.011914570774520943,0.013396220884086714,0.00023165712624084733,-0.02396566548183643,0.8014815464188656,0.014130197735110662,-0.005720823698749608,48.38110227328869,0.13972448037229412,0.4028957613192774,1.5314282008579798,10.285513741629464,707644600.0,Bull / Normal,0.007296790705746403,1
2023-03-02,86.05999755859375,87.27999877929688,85.87000274658203,86.97000122070312,5293600,0.007296790705746403,0.007270297925233548,2023,3,1,3,87.80149955749512,86.47839981079102,81.22289974212646,76.50405006408691,0.007711118438846128,0.011529662341676655,0.011232456102998502,0.013364559707759554,-0.018175666934645784,-0.03420323960771443,0.8342243798198261,0.01621244122023992,-0.0032429788183115375,51.40350536700345,0.08151380599886693,0.3386193702551953,1.5199993678501673,30.470866707525836,712938200.0,Bull / Normal,0.026215922125963242,1
2023-03-03,87.31999969482422,89.29000091552734,87.08000183105469,89.25,5498500,0.026215922125963242,0.025878175022164437,2023,3,1,4,87.79499969482421,86.65339981079102,81.48249973297119,76.60175006866456,0.015655144165919465,0.014235445092483864,0.012743421932127201,0.012217874224463927,0.006654594106934031,-0.001454433401350319,0.8858546801997744,0.024761894503895307,0.004024358620312137,57.99847527998511,0.21685846452770363,0.314267189109697,1.6114278520856584,93.62871695162416,718436700.0,Bull / High Vol,0.005490172143076011,1
2023-03-06,89.41000366210938,90.66999816894533,89.1500015258789,89.73999786376953,7424800,0.005490172143076011,0.0054751560834254516,2023,3,1,0,87.80099945068359,86.82939971923828,81.75419971466064,76.6910500717163,0.01478316931668926,0.014061422212705321,0.012789837685381014,0.012173607202019225,0.0202364574559335,0.001338932308748264,1.1795413565488153,0.016937783365828275,0.001792758118872549,51.40350536700345,0.3595145540515574,0.3233166620980691,1.5549992152622778,80.62497516470742,725861500.0,Bull / High Vol,-0.015377727727527768,0
2023-03-07,89.58000183105469,90.08000183105467,88.05000305175781,88.36000061035156,5382400,-0.015377727727527768,-0.015497191283702479,2023,3,1,1,87.79249954223633,86.96659973144531,82.01369972229004,76.79135005950928,0.016791304441544506,0.014449990100571195,0.01297157882229148,0.01237489312526971,0.010983971026458095,-0.001920232365179575,0.8464343731865996,0.02297418249518484,-0.0017828842937764153,47.0682931253401,0.3570998626189379,0.33007330220224285,1.5778563363211495,51.87500496705832,720479100.0,Bull / High Vol,0.0014712228669082617,1
2023-03-08,88.4000015258789,89.08999633789062,88.1500015258789,88.48999786376953,5159200,0.0014712228669082617,0.001470141678862012,2023,3,1,2,87.82999954223632,87.12659973144531,82.26079971313476,76.89860004425049,0.014860459830518405,0.014449294769602305,0.01280308051378605,0.012229980402326389,0.024901570732814182,0.00854798288420855,0.8381352173722336,0.010622610856639889,0.00045270388468804016,50.633987345404925,0.3615086475228111,0.3363603712663565,1.5607130868094308,54.58328366274849,725638300.0,Bull / High Vol,-0.01830709861335389,0
2023-03-09,88.33000183105469,89.63999938964844,86.52999877929688,86.87000274658203,10572300,-0.01830709861335389,-0.01847674724935232,2023,3,1,3,87.83899955749511,87.24699981689453,82.47749977111816,76.9898000717163,0.01796631512290239,0.013166737765521502,0.013200404373918362,0.012489697909740766,-0.0011498042165979383,0.0020763675176667107,1.677353436041609,0.03580062751263039,-0.0018080691216781116,46.687459675141454,0.23161268734395435,0.31541083448187607,1.6878564017159599,20.833353201567146,715066000.0,Bull / High Vol,-0.03223210502163798,0
2023-03-10,84.41000366210938,85.25,82.87999725341797,84.06999969482422,16029300,-0.03223210502163798,-0.03276299837179559,2023,3,1,4,87.70999946594239,87.30879974365234,82.67509979248047,77.0599500656128,0.015392274014815428,0.016209239017758042,0.015062675475097553,0.013040109338099803,-0.05803921910561094,-0.029774977329736663,2.3378544035038717,0.028190826158976907,-0.028318165151312222,39.433848070176325,-0.09615917945885144,0.23309683169373058,1.8864282880510603,15.276024410142071,699036700.0,Bull / High Vol,0.010229577893105635,1
2023-03-13,83.31999969482422,85.52999877929688,82.04000091552734,84.93000030517578,10299800,0.010229577893105635,0.010177609867995015,2023,3,1,0,87.59949951171875,87.40079971313476,82.85419982910156,77.13945007324219,0.01680374929086206,0.01687208263876781,0.015209507178831577,0.013037142551406165,-0.053599260899199086,-0.025361476933119964,1.4495562231149597,0.041092639246780326,-0.008921137179998989,45.758196752642135,-0.28326063120555034,0.1298253391138744,2.054999760219029,33.48783672560068,709336500.0,Bull / High Vol,-0.004356561229865941,0
2023-03-14,85.93000030517578,85.93000030517578,83.43000030517578,84.55999755859375,8732200,-0.004356561229865941,-0.004366078695079521,2023,3,1,1,87.35649948120117,87.46399963378906,83.02949981689453,77.21310005187988,0.0167830707508044,0.01684437934465179,0.01378671960721227,0.012910586901692143,-0.043005919256553726,-0.05435026515175434,1.20211176960511,0.029564806908463866,0.011774402406767191,44.21813037835659,-0.45613793493721744,0.012632684303656036,2.147857121058873,29.20043389432529,700604300.0,Bear / High Vol,-0.018684889395430004,0
2023-03-15,83.08000183105469,83.37000274658203,82.12000274658203,82.9800033569336,11463000,-0.018684889395430004,-0.018861657330648644,2023,3,1,2,87.05099983215332,87.48879974365235,83.19629981994629,77.269700050354,0.01615654402810982,0.017351797796798435,0.014243545137795416,0.012836942985115287,-0.06226686224265232,-0.06858225650592387,1.535985721483165,0.015063870202839095,-0.01750231516401755,30.742785001681725,-0.7124243863131312,-0.13237872981970142,2.0964279174804688,10.892268141035087,689141300.0,Bear / High Vol,0.02217397280614697,1
2023-03-16,82.91999816894531,85.11000061035156,82.08000183105469,84.81999969482422,10148100,0.02217397280614697,0.021931705089070056,2023,3,1,3,86.875,87.51079971313476,83.35199981689453,77.32990005493164,0.021787239500521874,0.01897336512698955,0.01528636105940039,0.013100055909345504,-0.023598514872137155,-0.03984601300641688,1.3087787130813386,0.03572269264558566,-0.0007231282906819426,38.22084341810077,-0.7583194835273304,-0.25756688056122723,2.1878564017159596,32.21320584077629,699289400.0,Bear / High Vol,0.005187484590772673,1
2023-03-17,85.0,85.9800033569336,84.61000061035156,85.26000213623047,13065800,0.005187484590772673,0.0051740759440245315,2023,3,1,4,86.75200004577637,87.5263996887207,83.47759986877442,77.39660007476806,0.015402970208243731,0.016455308646651595,0.015315731886178558,0.013039892038181693,0.014154900032425255,-0.028043764822612283,1.6110657968800381,0.016068528175650385,0.0021221446100378257,41.58354713721595,-0.7505354534430637,-0.35616059513759457,2.1707136971609935,37.311729380073864,712355200.0,Bear / High Vol,0.019938973793665715,1
2023-03-20,85.27999877929688,87.51000213623047,85.25,86.95999908447266,9177300,0.019938973793665715,0.019742795892263743,2023,3,1,0,86.73600006103516,87.57939971923828,83.61799987792969,77.47340007781982,0.0170774912691191,0.01798722108234908,0.01599917612902312,0.013255213005028329,0.023902022512687582,-0.003666357691335387,1.1125375500971029,0.02598898528086586,0.00023453721047831004,48.719433559402724,-0.6002714516261847,-0.4049827664353126,2.2728565761021207,57.010425663770704,721532500.0,Bear / High Vol,0.007129746470900589,1
2023-03-21,87.48999786376953,87.8499984741211,86.66000366210938,87.58000183105469,6683700,0.007129746470900589,0.007104449995665637,2023,3,1,1,86.80500030517578,87.61779968261719,83.76239990234374,77.54560009002685,0.016283204476897625,0.01767111010752358,0.01580242836226446,0.013256762055192356,0.03571433727121742,0.016009337954398184,0.8033148440833399,0.013587517551178705,0.0060947422363934935,53.703722271646704,-0.42624363621180805,-0.4092349403906117,2.257141658238002,64.19470079591486,728216200.0,Bear / High Vol,0.0036537986770257547,1
2023-03-22,87.54000091552734,89.16000366210938,87.44000244140625,87.9000015258789,7233700,0.0036537986770257547,0.0036471397699144544,2023,3,1,2,86.88400039672851,87.64739974975586,83.8931999206543,77.6261500930786,0.008740589373502633,0.017714948090610496,0.015814124615868813,0.0131374530046973,0.05929137105215854,0.018304006448570664,0.8621986381130488,0.01956770410517836,-0.0004567357238072124,52.83019218383376,-0.2595125386651347,-0.37929046004551636,2.279284885951451,67.90269380480579,735449900.0,Bear / High Vol,-0.0013652189362783895,0
2023-03-23,88.6500015258789,89.63999938964844,87.63999938964844,87.77999877929688,10747100,-0.0013652189362783895,-0.0013661516966951524,2023,3,1,3,86.84400024414063,87.6729997253418,84.01949989318848,77.70020008087158,0.00793491644602406,0.016600644639656652,0.014665792089755846,0.013137085651601111,0.03489741918324096,-0.009031418324912943,1.265059744589086,0.022784233627395595,0.00853242306007458,44.84932602507704,-0.1354982222101455,-0.3305320124784422,2.256427764892578,66.51216327439916,724702800.0,Bear / High Vol,0.0026202251097300344,1
2023-03-24,87.9800033569336,88.4800033569336,87.51000213623047,88.01000213623047,5852100,0.0026202251097300344,0.002616798304612516,2023,3,1,4,86.81150016784667,87.66119979858398,84.12599990844727,77.7768000793457,0.008154188882547405,0.011763136680641993,0.014678541508372455,0.013137933715262113,0.0322542802146073,-0.007331395206750857,0.6962661994830442,0.011021488434935639,0.00227847551171179,43.825851513735635,-0.0184440230417664,-0.2681144145911071,2.217142377580914,74.2537380707694,730554900.0,Bear / High Vol,0.02420176345548719,1
2023-03-27,88.62000274658203,90.5,88.55000305175781,90.13999938964844,8170100,0.02420176345548719,0.02391354183304305,2023,3,1,0,86.92050018310547,87.68839981079101,84.2466999053955,77.87060009002685,0.009949449773873197,0.01323666739002603,0.015530342313011168,0.013399180852105822,0.036568541152889544,0.02478399645141205,0.9639053142741186,0.021632981600243083,0.006931037331499482,56.02980840701698,0.2433896064715384,-0.165813610378578,2.249999455043248,95.74467317600185,738725000.0,Bear / High Vol,-0.0032172278399266174,0
2023-03-28,90.22000122070312,90.87999725341795,89.4800033569336,89.8499984741211,6378900,-0.0032172278399266174,-0.003222414244297441,2023,3,1,1,87.04300003051758,87.7013998413086,84.3740998840332,77.97375007629394,0.011000710663102674,0.013141704692671544,0.015463920809174917,0.01333251594425544,0.025919120753677527,0.028032001206736323,0.757446490179699,0.015581457098049834,0.0008875286398534722,54.5576433554204,0.4226222675983564,-0.048126434783191105,2.2828565325055794,88.34842527160325,732346100.0,Bear / High Vol,0.008569886316500464,1
2023-03-29,90.12999725341795,90.66000366210938,89.80999755859375,90.62000274658205,5233600,0.008569886316500464,0.00853337330072254,2023,3,1,2,87.25700035095215,87.7417999267578,84.5290998840332,78.09115009307861,0.011049933157478728,0.00982279548157221,0.015194323310172769,0.013358192559235113,0.030944268185278068,0.049571537991982995,0.6210311162267755,0.009379894921131914,0.00311629141960984,63.32621907575386,0.6196553512689746,0.08542992242724204,2.1214283534458693,97.05888445087355,737579700.0,Bear / High Vol,-0.0012138667735331898,0
2023-03-30,90.8499984741211,91.18000030517578,89.70999908447266,90.51000213623048,5640700,-0.0012138667735331898,-0.0012146041065482292,2023,3,1,3,87.43400039672852,87.81779998779297,84.68389991760255,78.22345008850098,0.011024335921188039,0.009063234857479665,0.015173015138884867,0.01303446418594747,0.031100517143974882,0.040703700883525595,0.6679629539719325,0.016241312407556496,0.002538023842067508,78.29525341914726,0.7581894239598626,0.21998182273376615,1.9414280482700883,92.66960378898811,731939000.0,Bear / High Vol,0.02662684759511391,1
2023-03-31,90.55999755859376,93.0,90.41000366210938,92.91999816894533,10476300,0.02662684759511391,0.026278522755269238,2023,3,1,4,87.6175003051758,87.95739990234375,84.85309989929199,78.33445007324218,0.013925680172869551,0.011027817885395393,0.015207619675577523,0.013401753617811863,0.055789068441501444,0.041120427663252856,1.2050699831598708,0.02787340065570755,0.0005523745573227475,80.89712944775106,1.0503375755557727,0.38605297329816746,1.8771422249930236,99.26738237665474,742415300.0,Bear / High Vol,0.010761945971865083,1
2023-04-03,92.37999725341795,94.0,92.08999633789062,93.91999816894533,8410900,0.010761945971865083,0.010704448387391634,2023,4,2,0,87.82650032043458,88.09079986572266,85.02489990234375,78.4555500793457,0.0118866248918549,0.010349069369952162,0.015314294238743606,0.01344356250177406,0.04193475488009568,0.04657901052684754,0.962034582643482,0.020336495947046538,-0.005811460677663306,84.51328280077601,1.3470309983097906,0.578248578300492,1.8349996294294075,99.3288435961081,750826200.0,Bear / High Vol,0.0008518082688924178,1
2023-04-04,93.8499984741211,94.0199966430664,92.93000030517578,94.0,6651500,0.0008518082688924178,0.0008514456861150039,2023,4,2,1,88.108500289917,88.1913998413086,85.20849990844727,78.58200008392333,0.01100727167683175,0.010580509267917575,0.014742546911089368,0.01331547909762937,0.04618810903012105,0.06382977988557981,0.7553132537234791,0.011595705722240692,-0.0007453119270542999,95.68819196712403,1.570514241995383,0.7767017110394703,1.7385711669921864,99.83252385464783,757477700.0,Bear / High Vol,0.00946807861328125,1
2023-04-05,93.62000274658205,95.11000061035156,93.4800033569336,94.88999938964844,7478800,0.00946807861328125,0.009423537283462145,2023,4,2,2,88.42850036621095,88.29519989013671,85.40079986572266,78.71785007476807,0.011003391712408283,0.010526715958793524,0.014801460697805207,0.013321187982601885,0.04711980262246729,0.07232457543655624,0.8382181196244001,0.01717775596904246,-0.004042523972531431,95.3194969685025,1.7987074555444167,0.9811028599404596,1.6385710580008361,97.90475027901786,764956500.0,Bull / High Vol,0.01085466103827648,1
2023-04-06,94.33000183105467,96.08000183105467,93.98999786376952,95.91999816894533,9146200,0.01085466103827648,0.010796172076398642,2023,4,2,3,88.88100013732911,88.42079986572266,85.58829986572266,78.85905006408692,0.00931489743542887,0.010052104951086034,0.013940969442476187,0.013373649223809559,0.05977235559636851,0.10417860177539096,1.033357417363437,0.021789032601981506,-0.005901544548380031,95.55552077770236,2.039158366439338,1.1927139612402353,1.6899997166224878,98.52258878063583,774102700.0,Bull / High Vol,-0.022518724707546456,0
2023-04-10,94.68000030517578,95.11000061035156,93.5500030517578,93.76000213623048,8681500,-0.022518724707546456,-0.02277614301713416,2023,4,2,0,89.36550025939943,88.49939987182617,85.74849990844727,78.99520008087158,0.01425979772368991,0.014128546789375982,0.012686151773792918,0.013405798445420778,0.009040077312075345,0.11526112140574729,1.023331582889976,0.016638198837998473,-0.012927417508760985,77.96053044353374,2.0320001844288953,1.3605712058779673,1.6978563581194206,75.37154834623553,765421200.0,Bull / Normal,0.002239751276535973,1
2023-04-11,93.45999908447266,94.12999725341795,93.1999969482422,93.97000122070312,8196000,0.002239751276535973,0.0022372467725923803,2023,4,2,1,89.8175003051758,88.59899993896484,85.90289993286133,79.12690010070801,0.013417738200903105,0.012694733067947135,0.012656655904941257,0.013406088399629326,0.0005324004762845558,0.10644060853696269,0.9782326525131664,0.009896778685694628,-0.003199691178781451,77.19148676446143,2.0199872886301478,1.4924544224284033,1.6792853219168518,75.57869491426656,773617200.0,Bull / Normal,-0.0007449153337756309,0
2023-04-12,94.37999725341795,95.31999969482422,93.5999984741211,93.9000015258789,8040300,-0.0007449153337756309,-0.0007451929210641238,2023,4,2,2,90.28450050354004,88.73,86.05009994506835,79.24290012359619,0.013416726537766854,0.012556639139341618,0.012539157536479289,0.01339914317707946,-0.001063813554479709,0.11045416552682874,0.9636279959442843,0.018317371594813996,0.004363052329348068,76.08695652173913,1.981971656281857,1.590357869199094,1.6792853219168518,74.5624226043746,765576900.0,Bull / Normal,0.0175719009485229,1
2023-04-13,94.18000030517578,95.75,93.94000244140624,95.5500030517578,6240200,0.0175719009485229,0.01741930016087998,2023,4,2,3,90.91300048828126,88.8718000793457,86.20669998168945,79.36860012054443,0.015234006384760622,0.013188453971203327,0.011459400588842504,0.013529929555521588,0.006955460705602601,0.15148227508204704,0.7720497263270416,0.018942935644003272,0.002981882585163826,79.81582885796793,2.061224810708353,1.684531257500946,1.6685709272112155,93.81564996301034,771817100.0,Bull / Normal,0.0016744743862351363,1
2023-04-14,95.5,95.98999786376952,94.68000030517578,95.70999908447266,6485100,0.0016744743862351363,0.0016730740170370186,2023,4,2,4,91.45750045776369,88.985,86.37180000305176,79.50425010681153,0.014349285728787912,0.013058752441063285,0.010949311112885352,0.01319818402220141,-0.0021893149341266627,0.12838952403713533,0.8209517323270237,0.013687154645540697,-0.0005233181597148928,79.70679793629452,2.1125912128179607,1.7701432485643491,1.6928563799176877,95.08628410937715,778302200.0,Bull / Normal,-0.0012538161919333213,0
2023-04-17,95.63999938964844,95.98999786376952,95.30999755859376,95.58999633789062,4772400,-0.0012538161919333213,-0.0012546028770960473,2023,4,2,0,91.9740001678467,89.10919998168946,86.53039993286133,79.63615009307861,0.007790495710301854,0.010884618886347912,0.011072060542449864,0.013130794887601938,0.01951785580167975,0.12115873730749671,0.6376105236999687,0.007113718288806018,-0.0007313728502122098,74.88583774955791,2.119187562745509,1.8399521114005812,1.563570840018132,92.57567262954099,773529800.0,Bull / Normal,0.009206035323004569,1
2023-04-18,96.0,96.73999786376952,95.7699966430664,96.47000122070312,7219400,0.009206035323004569,0.009163918071089556,2023,4,2,1,92.44950027465822,89.24619995117187,86.69689994812012,79.76915008544921,0.008038877094417425,0.010770116293402764,0.010600371819560889,0.013049381110330658,0.026604235048676372,0.10936065129200934,0.9773214158800855,0.010054951885860886,0.004289190059806027,78.6828519124061,2.1704051772692736,1.9060427245743197,1.5457142421177414,96.15936429659811,780749200.0,Bull / Normal,-0.006841543005679185,0
2023-04-19,95.58999633789062,96.47000122070312,95.58999633789062,95.80999755859376,4766200,-0.006841543005679185,-0.006865053655135214,2023,4,2,2,92.86100006103517,89.39179992675781,86.83379989624024,79.89385005950928,0.009510829494512433,0.011186313541260467,0.01092574354764373,0.01287933538231654,0.02034074549177145,0.093971175559177,0.6537055705282504,0.009184896203283194,-0.009122057340905734,72.70338877270885,2.133149111018284,1.9514640018631126,1.5478570120675184,86.77097486966034,775983000.0,Bull / Normal,-0.010228533060339218,0
2023-04-20,96.0,96.1500015258789,94.5999984741211,94.83000183105467,5815500,-0.010228533060339218,-0.010281203976585924,2023,4,2,3,93.20750007629395,89.53360000610351,86.95649993896484,80.00805007934571,0.0075742296042806845,0.011449484004442725,0.011416133479237396,0.012931985238755854,-0.007535334355909029,0.07883959254694073,0.8054552958806893,0.016345070355679586,0.0019831170676112113,67.56098090479679,2.0014741963909444,1.961466040768679,1.5535714285714246,69.8262593634933,770167500.0,Bull / Normal,0.0033744562759192576,1
2023-04-21,95.01000213623048,95.30999755859376,94.26000213623048,95.1500015258789,7335800,0.0033744562759192576,0.0033687755742725536,2023,4,2,4,93.57600021362306,89.70279998779297,87.0807999420166,80.12550006866455,0.0077868858603528214,0.010892011320563513,0.011350894864096527,0.012933626254387053,-0.005850982801697713,0.08395993220633602,1.0406017384026696,0.011035159280346447,0.0018981366835412593,60.920683432405795,1.9010283079208676,1.9493784941991168,1.4435713631766143,65.8065415883904,777503300.0,Bull / Normal,0.0030478288058508607,1
2023-04-24,95.33999633789062,96.08000183105467,94.97000122070312,95.44000244140624,4901700,0.0030478288058508607,0.003043193591474358,2023,4,2,0,93.94750022888185,89.87860000610351,87.22129997253418,80.24355007171631,0.00800689030373137,0.007767534987878334,0.011348363019416063,0.012935449726582797,-0.0015691380084814632,0.08442222616555428,0.700037346179086,0.011630349769039604,0.001996792527218656,58.00002248663637,1.8238012226610607,1.9242630398915057,1.3864282880510552,65.87936337567871,782405000.0,Bull / Normal,-0.014459396977275829,0
2023-04-25,95.13999938964844,95.6999969482422,94.0199966430664,94.05999755859376,5768800,-0.014459396977275829,-0.014564952809132663,2023,4,2,1,94.14350013732911,90.01699996948243,87.3533999633789,80.35450004577636,0.007986015876710365,0.009306224199325707,0.011036358914608411,0.013021873680135637,-0.02498189729049327,0.043487887680144555,0.8382459143358244,0.017860943533719056,-0.003143368022669321,50.277766396482626,1.6324257524165091,1.8658955823965067,1.4285714285714246,24.293796269356545,776636200.0,Bull / Normal,-0.0037210130045248757,0
2023-04-26,93.75,94.80999755859376,93.33999633789062,93.70999908447266,6395500,-0.0037210130045248757,-0.00372795319512359,2023,4,2,2,94.3365001678467,90.10279998779296,87.46019996643066,80.4652000427246,0.00792995235211674,0.009384733824858939,0.01104991280427643,0.012786094062321828,-0.02191836475976139,0.04296049722764694,0.9291976253919179,0.015686706168655935,-0.003295742788007774,44.2495123806606,1.4359644572532346,1.7799093573678524,1.4171431405203652,14.406836280563082,770240700.0,Bull / Normal,0.014192741906397632,1
2023-04-27,94.30999755859376,95.08999633789062,93.29000091552734,95.04000091552734,5615700,0.014192741906397632,0.014092967881469801,2023,4,2,3,94.55750007629396,90.2218000793457,87.56949996948242,80.5883500289917,0.010533811811759447,0.008711920754261028,0.011290408740998981,0.01281006258756276,0.0022144793885672254,0.048775083149200205,0.8136425707320784,0.01893934559158031,0.006402715611812711,45.83334838500384,1.3717745349473063,1.6982823928837434,1.396428244454517,51.97749975754051,775856400.0,Bull / Normal,-0.0033670001235441838,0
2023-04-28,94.2699966430664,95.4000015258789,94.23999786376952,94.72000122070312,8498500,-0.0033670001235441838,-0.003372681224222435,2023,4,2,4,94.76800003051758,90.34940017700195,87.68319999694825,80.71180004119873,0.010503216158611368,0.008717918553402216,0.011337295400587706,0.012633653283481854,-0.004519183376563873,0.04651418611322078,1.2063482149637712,0.01224666012626534,-0.008101896728150563,55.504576319678236,1.2803234858618282,1.6146906114793604,1.310000283377507,42.93796269356345,767357900.0,Bull / Normal,0.001583630953819526,1
2023-05-01,94.8000030517578,95.7300033569336,94.6999969482422,94.87000274658205,5459800,0.001583630953819526,0.0015823783326060195,2023,5,2,0,94.86550025939941,90.49240020751954,87.8376000213623,80.83890007019043,0.010386741839971233,0.008755017998890342,0.009790846309552638,0.012586046725705851,-0.0059723352917361305,0.020985843909416158,0.8036220247601189,0.010857029396771056,0.0008446139149456339,55.19630688450653,1.2060491561827718,1.5329623204200429,1.317143576485767,45.79719503403437,772817700.0,Bull / Normal,-0.0007378485590564532,0
2023-05-02,94.93000030517578,95.23999786376952,93.8499984741211,94.8000030517578,5995100,-0.0007378485590564532,-0.0007381209032786058,2023,5,2,1,94.90950050354004,90.64280029296874,87.99650001525879,80.95920009613037,0.007365913594808249,0.008037507061579652,0.009526724777470791,0.012586367191225618,0.007867377337566372,0.009369728492003349,0.8983845831085536,0.01466244034706969,0.000632418645058987,55.19630688450634,1.1285288463778045,1.4520756256115952,1.293572017124717,43.76821657769361,766822600.0,Bull / Normal,-0.000211015525495295,0
2023-05-03,95.06999969482422,95.41999816894533,94.54000091552734,94.77999877929688,6744800,-0.000211015525495295,-0.0002110377924037924,2023,5,2,2,94.94850044250488,90.81440032958984,88.15650001525879,81.0820500946045,0.006884743931086013,0.007838697940731446,0.009527679831750121,0.012468309008803203,0.01141820195579868,0.008297859354222004,1.0100234131717247,0.009284630351886055,0.0028480657634474002,44.523451387939424,1.0533370509054691,1.37232791067037,1.2242862156459233,43.18838208041628,760077800.0,Bull / Normal,0.0020046681140890588,1
2023-05-04,94.9800033569336,95.12000274658205,94.41000366210938,94.97000122070312,5038200,0.0020046681140890588,0.002002661448316964,2023,5,2,3,94.95250053405762,90.98740036010742,88.30550003051758,81.19570011138916,0.002141631908087746,0.007173957947202052,0.009299575380304109,0.01239732940196337,-0.0007365287684123478,0.0008431007647726751,0.7685062238448649,0.00747603533059546,0.002110198145311714,44.75923710598238,0.9975791489136441,1.297378158319025,1.181429181780133,48.69570409422441,765116000.0,Bull / Normal,0.021059281607801017,1
2023-05-05,95.0,97.30999755859376,94.83000183105467,96.97000122070312,8062700,0.021059281607801017,0.020840599796489716,2023,5,2,4,95.0050006866455,91.15520034790039,88.4766000366211,81.31760013580322,0.00919623615286055,0.009763789979155406,0.010161647361841985,0.012526463195870224,0.023754222666840574,0.01094665420977603,1.240098682490318,0.025574875696810974,0.00031587637055158186,57.71813283312821,1.1020699191603427,1.2583165104872887,1.3100002833775142,91.5423725918514,773178700.0,Bull / Normal,-0.0018562473229849497,0
2023-05-08,97.08000183105467,97.27999877929688,96.44000244140624,96.79000091552734,5314800,-0.0018562473229849497,-0.0018579722850149561,2023,5,2,0,95.15650062561035,91.31780029296876,88.6317000579834,81.42885013580322,0.009610704088243128,0.009824886760173757,0.008621881304751802,0.012532300475491235,0.02023820083650696,0.03231653914527821,0.8391800515526994,0.00867854458048553,0.0011343777350398044,51.94174262871111,1.1570177071839254,1.2380567498266162,1.2878570556640676,87.06474932103995,767863900.0,Bull / Normal,-0.006715585491585907,0
2023-05-09,96.1999969482422,96.88999938964844,96.0999984741211,96.13999938964844,6333500,-0.006715585491585907,-0.006738236502657225,2023,5,2,1,95.26500053405762,91.48140029907226,88.78750007629395,81.53505012512207,0.010669012781410773,0.008668882437927315,0.00881866262356931,0.012571562848118821,0.014134982012174113,0.023092456536727424,1.0149514438639786,0.008217192849414606,-0.006095711971322978,52.00486871525978,1.135030607905108,1.2174515214423147,1.281428200857985,70.89554363277125,761530400.0,Bull / Normal,0.014354038508206601,1
2023-05-10,96.79000091552734,97.68000030517578,96.26000213623048,97.5199966430664,5935300,0.014354038508206601,0.014251994632744356,2023,5,2,2,95.446000289917,91.68380020141602,88.94450004577637,81.64835010528564,0.011572327593735809,0.009162119666634947,0.009279551745071415,0.012271148495140737,0.02890903037622783,0.03855159806562769,0.9674569474893846,0.014561097393621157,0.006760989494544276,65.58511536458823,1.2149546773136706,1.216952152616586,1.2807137625558087,96.35526914908777,767465700.0,Bull / Normal,-0.0008202851149898827,0
2023-05-11,97.54000091552734,97.62999725341795,96.33999633789062,97.44000244140624,5144500,-0.0008202851149898827,-0.000820621732919193,2023,5,2,3,95.54050025939941,91.90580032348633,89.11820007324219,81.7654001235962,0.01186727412861658,0.008519420854359968,0.008529251939901828,0.01225607674711975,0.026008225639199578,0.019780212760690974,0.8461119065025373,0.013238925320255899,0.0002051299543636704,63.647193085355376,1.257346309027696,1.225030983898808,1.2978570120675263,94.53307751396373,762321200.0,Bull / Normal,0.004207676749201639,1
2023-05-12,97.61000061035156,97.91999816894533,96.93000030517578,97.8499984741211,4994700,0.004207676749201639,0.004198849230954418,2023,5,2,4,95.64750022888184,92.12340026855469,89.30090003967285,81.8753001022339,0.008002253938401527,0.008270004974821292,0.008558332011107107,0.012189919944516096,0.009074943202435293,0.022359203950672812,0.8316675394566279,0.010117505152862884,0.0017446445472695056,64.15978512187755,1.3089366292592075,1.2418121129708881,1.289285387311669,98.48812664472841,767315900.0,Bull / Normal,-0.006029599868074054,0
2023-05-15,97.87000274658205,97.95999908447266,97.0500030517578,97.26000213623048,4443700,-0.006029599868074054,-0.006047851308262434,2023,5,2,0,95.73100051879882,92.2836003112793,89.46850006103516,81.9764001083374,0.00867292487383533,0.00877898824774833,0.008694211389266496,0.012178490047209644,0.004855886106596152,0.017470508027186638,0.7419509417769622,0.009356323388110165,0.00020443814790904003,70.72543545398379,1.2873745041472233,1.250924591206155,1.2342850821358877,85.01076610913826,762872200.0,Bull / Normal,0.010178879724707768,1
2023-05-16,97.16999816894533,98.8499984741211,96.91999816894533,98.25,6896500,0.010178879724707768,0.010127423809609291,2023,5,2,1,95.82000045776367,92.4538003540039,89.6416000366211,82.07845012664795,0.008193608224667612,0.009003967102263128,0.008745684266850648,0.012192436798011982,0.02194716687899989,0.018451319133132582,1.1545998578619185,0.019643769009422565,-0.000925395489495149,77.1531383212214,1.3347843553243308,1.2676965440297903,1.2671421595982184,89.20865579889127,769768700.0,Bull / Normal,0.015470703746222947,1
2023-05-17,98.77999877929688,100.4000015258789,98.43000030517578,99.7699966430664,9436000,0.015470703746222947,0.015352252529321177,2023,5,2,2,96.0180004119873,92.68200027465821,89.82430000305176,82.19010009765626,0.008541339029366934,0.009608457436622874,0.00911467867914621,0.012164074862406594,0.023072191114148932,0.04133179402338327,1.5203281047215405,0.019745427352783534,0.005394389611164122,77.66083322030502,1.4779709013592708,1.3097514154956864,1.29214259556362,90.38160932393113,779204700.0,Bull / Normal,0.025759244074333942,1
2023-05-18,99.7699966430664,102.45999908447266,99.7300033569336,102.33999633789062,10005700,0.025759244074333942,0.025433064314499456,2023,5,2,3,96.3935001373291,92.95900024414063,90.04279998779298,82.3200500869751,0.011924547394041888,0.011487395679091605,0.010062702586857656,0.012527386938817355,0.05028729242315966,0.07919428832465347,1.5594760963300716,0.02667574580055268,0.0,85.27779504597413,1.7783253401320565,1.4034662004229606,1.4042848859514538,98.60623997589785,789210400.0,Bull / Normal,0.004885675375140508,1
2023-05-19,102.38999938964844,103.06999969482422,101.91999816894533,102.83999633789062,8558900,0.004885675375140508,0.004873779194720807,2023,5,2,4,96.77799987792969,93.2784001159668,90.26269996643066,82.44740005493163,0.011846990385778045,0.010469168556822244,0.010064492950909082,0.012153203278995687,0.05099640206013145,0.08081970245602355,1.3213847916235668,0.011182434527714804,0.0004885973573100397,85.73992559449468,2.0332659934140764,1.5294261590211837,1.412855965750561,97.50538691451439,797769300.0,Bull / Normal,-0.010404509266109141,0
2023-05-22,102.4800033569336,103.0999984741211,101.7300033569336,101.7699966430664,5890500,-0.010404509266109141,-0.010459014569565009,2023,5,2,0,97.0944995880127,93.63240005493164,90.470599899292,82.56925003051758,0.013392500285198105,0.011477246227508543,0.010564445185558616,0.012266532175219393,0.046370495658830446,0.06632432983796677,0.9025290117763144,0.013461679889726496,-0.0035005153031534533,78.68313361879241,2.1244785980403407,1.6484366468250151,1.4114270891462095,84.69502157565967,791878800.0,Bull / Normal,-0.03173819233646524,0
2023-05-23,101.06999969482422,101.43000030517578,98.47000122070312,98.54000091552734,10047300,-0.03173819233646524,-0.032252765811609074,2023,5,2,1,97.31849975585938,93.90460006713867,90.65269989013672,82.67520004272461,0.022578535150745295,0.016123849055590132,0.0126007766216899,0.012970863448046255,0.0029516632623647343,0.04762920979391705,1.4905679551552276,0.030038553450086658,-0.006878225128544095,62.23960803928747,1.9140674057582032,1.7015627986116528,1.5842841012137308,47.52588859672612,781831500.0,Bull / Normal,-0.0022326082672935454,0
2023-05-24,97.9499969482422,98.87999725341795,97.29000091552734,98.31999969482422,6815900,-0.0022326082672935454,-0.0022351042528618256,2023,5,2,2,97.54899978637695,94.17980010986328,90.82189987182618,82.78445003509522,0.021037198960789004,0.015624194886535209,0.012567043728621006,0.012936724477572442,-0.014533396782899,0.049194329904922895,1.0080298982268263,0.016171647099530166,-0.005987456482681773,60.883702368883526,1.7098526431362444,1.7032207675165714,1.6471410478864408,42.200716812812324,775015600.0,Bull / Normal,0.06072011024444102,1
2023-05-25,99.1999969482422,104.66000366210938,98.7699966430664,104.29000091552734,16729600,0.06072011024444102,0.058948026757914114,2023,5,2,3,98.01149978637696,94.60600006103516,91.04739990234376,82.92205005645752,0.034428208628197246,0.024473101388911015,0.017987187792540337,0.01485945088899328,0.01905417869274184,0.09732744013987871,2.2863077911251417,0.05647719788413606,0.00895033824399318,68.90497964375888,2.0066092354043406,1.7638984610941253,1.922855922154017,95.6775406269469,791745200.0,Bull / High Vol,-0.0020136070824542385,0
2023-05-26,104.3499984741211,106.2300033569336,104.02999877929688,104.08000183105467,13994100,-0.0020136070824542385,-0.0020156371147782397,2023,5,2,4,98.47949981689453,94.99120010375977,91.25099990844727,83.05475006103515,0.03453426192520472,0.024632834594388593,0.01795734465018412,0.014865199960336962,0.012057618993780217,0.09881757273780223,1.843249807694334,0.02113763008198081,0.0005752954076809984,68.79837480714994,2.1994914336005706,1.8510170555954146,2.0199993678501653,78.77590829667999,777751100.0,Bull / High Vol,0.010280550307455671,1
2023-05-30,104.9000015258789,105.9800033569336,104.19000244140624,105.1500015258789,10296700,0.010280550307455671,0.010228064863146407,2023,5,2,1,98.99349975585938,95.38900009155273,91.45769989013672,83.194700050354,0.03377775124144098,0.024251016004247897,0.017978780338217107,0.014585012305767708,0.033212194107336446,0.108358790784026,1.3143730633111754,0.01702330850738802,0.007878551886992446,72.7410743479863,2.410900636519756,1.962993771780283,2.099285125732421,89.1674854681861,788047800.0,Bull / High Vol,0.007513085155142818,1
2023-05-31,104.47000122070312,106.48999786376952,104.1500015258789,105.94000244140624,13713500,0.007513085155142818,0.0074850025014009565,2023,5,2,2,99.5504997253418,95.76860015869141,91.67399993896484,83.32865005493164,0.02624392258863511,0.02424015972558672,0.017927337885965212,0.014593578258548769,0.07509642233738645,0.11751053830205427,1.6683404614077273,0.022087939248300718,-0.006466954781816371,71.90430616691557,2.6120799923359073,2.092811015891408,2.1564276559012256,94.58132670265134,801761300.0,Bull / High Vol,0.0004719220427706894,1
2023-06-01,104.87999725341795,106.61000061035156,104.77999877929688,105.98999786376952,7835900,0.0004719220427706894,0.00047181072258505226,2023,6,2,3,100.11099967956542,96.1368000793457,91.87729988098144,83.46305004119873,0.02582830642188323,0.024178397323705275,0.01791609192767941,0.014399770190019291,0.07801055932416845,0.11827388931050797,0.947005220922363,0.017265797414269368,-0.01000571232358196,72.27723953183536,2.74392009121415,2.2230328309559564,2.1949991498674657,93.60162445436836,809597200.0,Bull / High Vol,-0.0009434708570293937,0
2023-06-02,106.5199966430664,106.7699966430664,105.75,105.88999938964844,8651600,-0.0009434708570293937,-0.0009439162057961819,2023,6,2,4,100.6569995880127,96.49660003662109,92.07199989318848,83.59490005493164,0.005487114792943718,0.02325020171064376,0.017960642909629062,0.014407878848112855,0.01534182050124877,0.11498365829824575,1.023244041740636,0.009632605996276158,0.005000460326247995,71.29239561196252,2.807966785092418,2.3400196217832487,2.1971419198172413,91.06601634781988,800945600.0,Bull / High Vol,0.009821521593369686,1
2023-06-05,105.88999938964844,107.5999984741211,105.52999877929688,106.93000030517578,7442000,0.009821521593369686,0.00977360394419442,2023,6,2,0,101.15499954223633,96.87960006713867,92.27629989624023,83.73330005645752,0.005299910460994413,0.023331507043140094,0.017624432711601728,0.014155013201738167,0.027382767332645663,0.10271216829010621,0.8834246296460069,0.019358455895599803,0.0,75.01294590348985,2.9091092332716784,2.453837544080935,2.279999324253624,93.72660908426552,808387600.0,Bull / High Vol,0.0015898079908365226,1
2023-06-06,106.80999755859376,107.48999786376952,106.1500015258789,107.0999984741211,7023000,0.0015898079908365226,0.0015885455839252769,2023,6,2,1,101.67049942016601,97.26139999389649,92.46129989624023,83.87220005035401,0.004702324422767965,0.022802601981930078,0.017570169256837787,0.013356147296634008,0.01854490651397911,0.10651924228817511,0.825318219930912,0.01251163732009201,-0.0011222551785236318,73.90600958476857,2.968760757621183,2.5568221867889847,2.237856183733256,95.1503383278376,815410600.0,Bull / High Vol,-0.01727356209597064,0
2023-06-07,107.13999938964844,108.37000274658205,104.83999633789062,105.25,9842500,-0.01727356209597064,-0.01742449064397681,2023,6,2,2,102.1259994506836,97.56360000610351,92.62599990844727,84.00515003204346,0.009879969810625205,0.020534757119727076,0.018098251680712156,0.013612752701313903,-0.0065131435294034645,0.0947576520510407,1.1332894640637567,0.033539253289229645,0.00037349128008633254,64.54354204167419,2.8340860251147433,2.6122749544541364,2.336427961077007,71.84113509947811,805568100.0,Bull / High Vol,0.021187680350913007,1
2023-06-08,105.66999816894533,107.79000091552734,105.3499984741211,107.4800033569336,9526700,0.021187680350913007,0.020966342417899245,2023,6,2,3,102.62399978637696,97.91620010375976,92.80879997253417,84.16025005340576,0.014193355900453999,0.020725622668386644,0.018353021030091753,0.013756108066495366,0.014057982103926392,0.10213296817802275,1.074706708188255,0.022701920033470525,0.003990481415157498,63.891916591300586,2.8741663625916942,2.664653236081648,2.3228569030761697,91.96751586128815,815094800.0,Bull / High Vol,0.022050567949062128,1
2023-06-09,107.6999969482422,110.1500015258789,107.41000366210938,109.8499984741211,12580100,0.022050567949062128,0.021810969959660878,2023,6,2,4,103.2444995880127,98.30080001831055,93.02129997253418,84.32745002746582,0.016225887938944035,0.01165355972379641,0.018678841658059622,0.013617181163083098,0.037397290653490955,0.1273603830231571,1.362036195445227,0.02494308513272334,0.0020468327543498913,67.20669229775257,3.0618737433240284,2.7440973375301243,2.4364280700683585,97.66716145008324,827674900.0,Bull / High Vol,0.05989988095088439,1
2023-06-12,114.33999633789062,117.51000213623048,114.33999633789062,116.43000030517578,39081500,0.05989988095088439,0.05817445172998311,2023,6,2,0,104.17349967956542,98.81919998168945,93.31849998474121,84.52875003814697,0.02869839269873853,0.020468094515875515,0.02219113660756994,0.015211748149264185,0.08884316817438709,0.18988249484713715,3.5721581615608304,0.02722670952530212,0.0408739001013942,78.32304779693774,3.6989452134027374,2.935066912704647,2.8857143947056363,94.65874497599489,866756400.0,Bull / High Vol,0.0021472129120048145,1
2023-06-13,123.31999969482422,123.98999786376952,116.0199966430664,116.68000030517578,39190900,0.0021472129120048145,0.0021449109449800017,2023,6,2,1,105.14449958801269,99.29440002441406,93.62589996337891,84.7277000427246,0.02862216303899388,0.02068065263769633,0.021974712890780602,0.015217547739266368,0.08944913134960997,0.19967096177670274,3.0912659740991146,0.06830648954283189,0.059177182612634154,89.60699612333369,4.175865080690585,3.1832265463018343,3.2192862374441953,72.62172886100274,905947300.0,Bull / High Vol,0.0479087789104391,1
2023-06-14,116.5,122.51000213623048,115.73999786376952,122.2699966430664,26264200,0.0479087789104391,0.04679653908599636,2023,6,2,2,106.34549942016602,99.86139999389648,93.97609992980956,84.96580001831055,0.023072250416643555,0.02372220088951276,0.023606854353792037,0.016076079366687385,0.16171018188186603,0.24447833733400914,1.9246346819987499,0.055369301204972875,-0.00154268344793445,92.35940264543353,4.947857675113184,3.5361527720641046,3.589286804199221,93.18001135031207,932211500.0,Bull / High Vol,0.035004551616907964,1
2023-06-15,121.9499969482422,127.54000091552734,121.66000366210938,126.5500030517578,27476700,0.035004551616907964,0.03440582440515817,2023,6,2,3,107.68449974060059,100.51240005493165,94.35189994812012,85.2276000213623,0.022477039541799634,0.023935645816815898,0.024187400824165636,0.016511434734113463,0.1774283503834111,0.2684174331938547,1.8886452188957317,0.04646382545730247,-0.0026171563229723115,91.87360231786681,5.837734348073639,3.9964690872660116,3.556429181780136,95.78903541550984,959688200.0,Bull / High Vol,-0.008613227506911514,0
2023-06-16,127.13999938964844,127.4000015258789,125.1500015258789,125.45999908447266,19511500,-0.008613227506911514,-0.00865053573493593,2023,6,2,4,108.84049987792969,101.12380004882813,94.70949996948242,85.48420001983642,0.02945017852368437,0.024724929584603428,0.02439588212260194,0.016620158440967835,0.14210287507677144,0.22591365618431247,1.2987185874542513,0.017934003000311415,0.004662159807687528,88.92934808127399,6.381452401030472,4.473465750018904,3.560000283377513,91.10730275617185,940176700.0,Bull / High Vol,-0.02725966996574436,0
2023-06-20,124.4499969482422,125.25,121.95999908447266,122.04000091552734,16273000,-0.02725966996574436,-0.02763810802090102,2023,6,2,1,109.80050010681153,101.64620010375977,95.03349998474121,85.72365001678467,0.031058705081899823,0.02847883790471614,0.025804396655038482,0.017144704439488317,0.04818346298760745,0.1866978341243155,1.056046454881968,0.02695838160313183,-0.008050391707323516,78.32942095424518,6.461898857522044,4.871152371519532,3.674285888671876,76.48567702642138,923903700.0,Bull / High Vol,0.0004916220759068057,1
2023-06-21,121.9499969482422,123.36000061035156,120.36000061035156,122.0999984741211,17583000,0.0004916220759068057,0.0004915012693665326,2023,6,2,2,110.81700019836425,102.21300003051758,95.35619995117187,85.95764999389648,0.031169814984192325,0.028532638515313426,0.025488329645038582,0.01715327835309029,0.046451818261650235,0.1997641986995169,1.099350787186558,0.024570024877075207,-0.0007374956293833548,77.78541825120502,6.45607296505969,5.1881364902275635,3.7214290073939753,76.09840979431812,941486700.0,Bull / High Vol,-0.012448785111070948,0
2023-06-22,121.61000061035156,122.58999633789062,120.06999969482422,120.58000183105467,12203400,-0.012448785111070948,-0.012526920373045938,2023,6,2,3,111.91900024414062,102.7452000427246,95.67209999084473,86.18715000152588,0.02326430278330342,0.02798904120161558,0.024179052010228397,0.01713268605972258,-0.013821827581669166,0.2236655237543681,0.7578908928758852,0.02089896006633992,-0.004013086567510363,73.87889714151146,6.256681744851008,5.401845541152253,3.770714351109098,69.33921726461048,929283300.0,Bull / High Vol,-0.01608892363531711,0
2023-06-23,119.58999633789062,119.9000015258789,118.13999938964844,118.63999938964844,19731600,-0.01608892363531711,-0.016219755561543755,2023,6,2,4,112.93500022888183,103.24,95.985,86.41119998931885,0.010176165715769575,0.029378661993531466,0.024752250229795998,0.017316954194662202,-0.06250496619011725,0.20667208866858755,1.1781765419769727,0.014834812418112945,-0.008210362233624367,69.68200098835877,5.874404306400393,5.49635729420188,3.8721433367048,60.792952726331656,909551700.0,Bull / High Vol,-0.015677685602836,0
2023-06-26,117.98999786376952,119.43000030517578,116.6999969482422,116.77999877929688,8987000,-0.015677685602836,-0.01580188028273231,2023,6,2,0,113.55950012207032,103.66459991455078,96.26819999694824,86.62264999389649,0.009940033008391547,0.030116567011509894,0.022234818293034524,0.017509073857282276,-0.0691854006736562,0.1197621800184483,0.549312686788165,0.023377319622112917,-0.005478772161352812,64.82986863243617,5.359578295319579,5.46900149442542,3.919286455426897,52.599119090791454,900564700.0,Bull / High Vol,0.009076875917741978,1
2023-06-27,116.56999969482422,118.45999908447266,116.26000213623048,117.83999633789062,6970400,0.009076875917741978,0.009035928675034563,2023,6,2,1,114.24749984741212,104.10719985961914,96.54609992980957,86.83859996795654,0.011204523903572149,0.02371956791277584,0.02216519279038612,0.01750370983194736,-0.034414983170508506,0.132205940284009,0.4353980133997449,0.018669356895887647,-0.0017982453045708162,65.74779815887712,4.979704977405419,5.37114219102142,3.980715070452009,57.26871091826634,907535100.0,Bull / High Vol,-0.011116748127159681,0
2023-06-28,116.77999877929688,118.62000274658205,116.38999938964844,116.52999877929688,9240500,-0.011116748127159681,-0.011179000967679847,2023,6,2,2,114.81649971008301,104.52599990844726,96.81759994506837,87.04169994354248,0.010460370079646586,0.024045126566455736,0.02248501467468139,0.017374808665217054,-0.04561834368904416,0.10822631562793839,0.5791075082490152,0.019136732002865156,-0.008995227355187173,66.80572050043014,4.520833427614406,5.201080438340017,3.8878577096121654,50.383051262374124,898294600.0,Bull / High Vol,0.010726851566929652,1
2023-06-29,115.6500015258789,117.8000030517578,114.62999725341795,117.77999877929688,9234300,0.010726851566929652,0.010669727042428767,2023,6,2,3,115.40849952697754,104.95219985961914,97.09919990539551,87.2451999282837,0.013408453829643315,0.017933743403325177,0.02251247457042805,0.017374575248217044,-0.02322112298257295,0.11176133721951875,0.586957309364252,0.026914636026444422,-0.007551679933376195,65.80723949582293,4.209514311081676,5.002767212888349,3.9328580583844865,51.51513428759524,907528900.0,Bull / High Vol,0.011122411038978708,1
2023-06-30,119.83999633789062,121.7300033569336,119.02999877929688,119.08999633789062,13700600,0.011122411038978708,0.011061011876972799,2023,6,2,4,116.0634994506836,105.41779983520507,97.40479988098144,87.4604499053955,0.013106494250644715,0.013184282676923176,0.022512054865180965,0.017394356971778692,0.00379296148480468,0.1235965538083954,0.8549129602560882,0.022671967928994417,0.017490215486025733,64.65735857843453,4.02213287902984,4.806640346116648,4.019287109375,35.98483600564344,921229500.0,Bull / High Vol,-0.016290157625896917,0
2023-07-03,118.01000213623048,118.25,116.83000183105467,117.1500015258789,4284700,-0.016290157625896917,-0.016424301050326637,2023,7,3,0,116.62649955749512,105.86419982910157,97.69889991760255,87.68559989929199,0.013300727168331678,0.013572518213968965,0.023019885194071017,0.017576464594345517,0.0031683742973940276,0.10633678535398339,0.27105693669665687,0.012121196333332043,-0.009068723107488437,51.33928850191898,3.6747303717172883,4.580258351236776,3.6335721697126115,19.51977968726001,916944800.0,Bull / High Vol,-0.010157937907865677,0
2023-07-05,116.5199966430664,117.01000213623048,115.41000366210938,115.95999908447266,8466500,-0.010157937907865677,-0.010209881820550758,2023,7,3,2,117.07799949645997,106.28039978027344,97.9915998840332,87.9141999053955,0.013052897199653963,0.011640529745213218,0.023246334621955567,0.01764006354622043,-0.015953812897509967,0.08444775791195602,0.5338741963747757,0.013797848281764533,-0.0053777624806375214,48.70596436726193,3.265742681240951,4.317355217237612,3.1885719299316415,10.302102662900332,908478300.0,Bull / High Vol,-0.004398086756269626,0
2023-07-06,114.66999816894533,115.80999755859376,114.63999938964844,115.4499969482422,7982800,-0.004398086756269626,-0.00440778679133969,2023,7,3,3,117.49549942016601,106.68059967041016,98.27959983825684,88.14729988098145,0.012353952446795423,0.011484174493747586,0.023321703930151226,0.017342843927837245,-0.009268015466988522,0.07796450600453309,0.5018547338383859,0.0101342416619539,-0.011124533681546605,35.004396799680066,2.8674103581058716,4.027366245411264,2.799285888671874,6.351661210065574,900495500.0,Bull / High Vol,-0.007275845475052001,0
2023-07-07,114.83999633789062,115.9800033569336,114.48999786376952,114.61000061035156,7000800,-0.007275845475052001,-0.00730244353284246,2023,7,3,4,117.9634994506836,107.09159973144531,98.55429985046386,88.37499988555908,0.010231644530057463,0.011251811534402347,0.02294550358153136,0.017399093559648988,-0.02691457124978791,0.08893112218861332,0.4440861149506074,0.013000658626900832,-0.005283678011919292,19.067331623504572,2.4556413331613953,3.713021262961291,2.4857150486537387,0.9295330173627386,893494700.0,Bull / High Vol,-0.0020068349682290654,0
2023-07-10,114.27999877929688,115.02999877929688,113.66000366210938,114.37999725341795,6931000,-0.0020068349682290654,-0.00200885135968548,2023,7,3,0,118.30849914550781,107.50499969482422,98.80389984130859,88.60634986877442,0.00554067446808215,0.010571538541420707,0.0226425992042759,0.017405025625246484,-0.039549913756896315,0.064197931531226,0.44330808504786623,0.011977576062990866,-0.0028793458624664014,19.95659020441329,2.086697910977591,3.387756592564551,2.4228575570242747,6.212198609198336,886563700.0,Bull / High Vol,0.004371393705249194,1
2023-07-11,114.1999969482422,115.0,113.43000030517578,114.87999725341795,6118600,0.004371393705249194,0.004361866917256481,2023,7,3,1,118.55999908447265,107.90179962158203,99.06179985046387,88.8469998550415,0.005540893968999621,0.009906684152233336,0.022215370101980828,0.01730651588858795,-0.01937690348181087,0.04578970276892491,0.3996042229282932,0.013666432210656302,-0.001573704401976404,26.93296156394831,1.813745680936421,3.0729544102389252,2.2850003923688615,14.602184327088048,892682300.0,Bull / High Vol,0.009923393252993185,1
2023-07-12,115.66999816894533,118.08999633789062,115.63999938964844,116.0199966430664,11011600,0.009923393252993185,0.009874479712179836,2023,7,3,2,118.53949890136718,108.3277995300293,99.33859985351563,89.09694984436035,0.006960888837089326,0.010011071543833044,0.017784511932129925,0.01732678250552779,0.000517398750150333,-0.003521460629002049,0.791736934194363,0.02111702309197235,0.006876749080909886,31.686731372547257,1.6701648744551818,2.792396503082177,2.3000003269740525,28.275081437158665,903693900.0,Bull / High Vol,0.012325464114390172,1
2023-07-13,117.08999633789062,118.58000183105467,116.76000213623048,117.4499969482422,9359600,0.012325464114390172,0.01225012401763399,2023,7,3,3,118.5779987335205,108.7793994140625,99.63589981079102,89.36144981384277,0.008160069318271259,0.010253335648860544,0.017994423023912864,0.017354192763881598,0.017323517131807575,0.006599217012791314,0.753797942913473,0.015495953530132715,0.00922254547305371,40.52087848510037,1.6527136700812974,2.564459936482001,2.3028580801827565,48.4336766866013,913053500.0,Bull / High Vol,0.015495953530132889,1
2023-07-14,118.18000030517578,119.97000122070312,117.68000030517578,119.2699966430664,7720900,0.015495953530132889,0.015377117323453352,2023,7,3,4,118.42799873352051,109.26879928588868,99.95579978942871,89.64054979324341,0.006926390440134537,0.01085770255169547,0.014646182715780616,0.017407646050459875,0.040659593472630595,-0.02453586392708973,0.6720005570339682,0.01920014236590045,0.006215439556420567,51.921896187116225,1.7653918910839366,2.4046463274023884,2.3085724966866628,70.36137579074509,920774400.0,Bull / Normal,-0.0031860255228745027,0
2023-07-17,118.8499984741211,119.97000122070312,118.25,118.88999938964844,6735900,-0.0031860255228745027,-0.0031911117082080395,2023,7,3,0,118.04499855041504,109.7509992980957,100.28269981384277,89.92289979934692,0.007359746055689478,0.010352095609124935,0.011922009535951537,0.017376535716892315,0.039429989897955764,-0.06052946248429947,0.6444366524960571,0.01446716485434588,-0.0035214067306652223,57.07579561189223,1.8032409512426,2.284365252170431,2.2364294869559163,65.78309731243186,914038500.0,Bull / Normal,0.01581291330700152,1
2023-07-18,118.77999877929688,121.29000091552734,117.80999755859376,120.7699966430664,8906700,0.01581291330700152,0.015689191754492054,2023,7,3,1,117.81049842834473,110.26699920654296,100.6271997833252,90.21139978408813,0.007798281146653799,0.009739994936232234,0.012556285508283442,0.017346678613383865,0.051270887277752086,-0.03738245238028781,0.8976587219799751,0.02881513168555157,-0.0009252301363973266,59.313421875765414,1.9623163097450629,2.2199554636853573,2.3278585161481593,88.43365830252469,922945200.0,Bull / Normal,-0.01722277270411421,0
2023-07-19,120.81999969482422,121.36000061035156,118.41999816894533,118.69000244140624,7609000,-0.01722277270411421,-0.01737280985317801,2023,7,3,2,117.64299850463867,110.70139923095704,100.9282997894287,90.49784978866577,0.014499822868575062,0.010984450617678313,0.01165454023819571,0.017565391929026085,0.02301332421646296,-0.027450003679038715,0.8018805041024055,0.024770430372664527,0.0004140353825263044,56.54547169584483,1.898659958470759,2.1556963626424377,2.378572736467633,63.373496412347315,915336200.0,Bull / Normal,-0.023675163284081147,0
2023-07-20,117.48999786376952,119.0500030517578,115.2300033569336,115.87999725341795,12913000,-0.023675163284081147,-0.02395992343881842,2023,7,3,3,117.33199844360351,111.08319915771484,101.2004997253418,90.77189977645874,0.018199039872030934,0.013670098737097012,0.012665141676971546,0.017921017576534498,-0.013367388127869528,-0.05094186157603808,1.3951787299260057,0.03296513449573396,-0.010110409916194295,44.73974920991785,1.6029896402428534,2.0451550181625207,2.4250008719308016,29.518024667753608,902423200.0,Bull / Normal,0.015274459047406763,1
2023-07-21,116.48999786376952,119.2699966430664,116.20999908447266,117.6500015258789,9157300,0.015274459047406763,0.01515897894381909,2023,7,3,4,117.18549842834473,111.51339920043945,101.49739974975586,91.04474977493287,0.018144304032410193,0.014105896715409228,0.01303466373869286,0.017829807027525228,-0.013582587094687182,-0.02429922259647177,1.0059495954143296,0.02600932867748971,0.0052640716673262615,46.11232431688689,1.4942683398304837,1.9349776824961133,2.385000501360211,53.21565016774084,911580500.0,Bull / Normal,0.0035698951423550618,1
2023-07-24,117.94000244140624,118.54000091552734,116.7300033569336,118.06999969482422,6200400,0.0035698951423550618,0.0035635381912982635,2023,7,3,0,117.15699844360351,111.9243992614746,101.80409973144532,91.30664976119995,0.01834018501320645,0.014008543188286073,0.012582074354522405,0.01780187598397652,-0.0068971292710395815,-0.004804447890733532,0.7358145297380432,0.015329868410875367,0.002464946126358863,52.7058769674862,1.4255632622172243,1.8330947984403356,2.3528578622000538,58.511969874956826,917780900.0,Bull / Normal,-0.0010163695002303186,0
2023-07-25,117.9800033569336,118.51000213623048,116.80999755859376,117.9499969482422,6266300,-0.0010163695002303186,-0.001016886353950067,2023,7,3,1,117.21549835205079,112.33459915161133,102.12019973754883,91.56319974899291,0.015793819859681413,0.01406492617033309,0.012046419481444677,0.017762693371084104,-0.023350167866267868,0.01001882326747161,0.7558369202507194,0.014412925999334279,-0.0007622286620076118,56.246069760347005,1.3459158938502611,1.7356590175223208,2.350001198904853,56.99869444035573,911514600.0,Bull / Normal,-0.020771488017225503,0
2023-07-26,117.41999816894533,117.62000274658205,115.0,115.5,8160000,-0.020771488017225503,-0.020990250018517943,2023,7,3,2,117.09849853515625,112.6875991821289,102.4054997253418,91.81419973373413,0.01656308882741386,0.015587628711567698,0.012764292019388997,0.018021260481892867,-0.026876757736870482,-0.019857403348698344,0.9772425831060386,0.022684006463913813,-0.0044934191861780584,50.13990784952623,1.0727346846562398,1.6030741509491047,2.4664295741489943,26.10339993900333,903354600.0,Bull / Normal,0.007792221003280586,1
2023-07-27,117.5500030517578,117.5999984741211,115.63999938964844,116.4000015258789,7843000,0.007792221003280586,0.007762018444414455,2023,7,3,3,117.09199867248535,113.07039916992187,102.67699974060059,92.07974973678589,0.013551362177596102,0.015240435079462251,0.012669579376479261,0.01802807774425074,0.004487437735468225,-0.0011155689932184076,0.9472050627102166,0.01683847988641903,0.017748944171063187,54.99163660083883,0.9182739195782688,1.4661141046749375,2.51000050136021,37.45272517536543,911197600.0,Bull / Normal,-0.003522368185005842,0
2023-07-28,116.68000030517578,117.3000030517578,115.6500015258789,115.98999786376952,6910400,-0.003522368185005842,-0.003528586329845708,2023,7,3,4,117.00249862670898,113.42519912719726,102.93949974060058,92.34684972763061,0.010948147177616723,0.01412799160406338,0.012434304454182546,0.018042938149350415,-0.014109678202972598,-0.015197834386817766,0.8464524853456443,0.014225377672795737,0.002405487763113333,54.445059514330694,0.7540861457497101,1.3237085128898922,2.530000959123881,32.2824395974218,904287200.0,Bull / Normal,0.010690624329698473,1
2023-07-31,116.43000030517578,117.23999786376952,115.83000183105467,117.2300033569336,6703100,0.010690624329698473,0.010633883642767855,2023,7,3,0,116.90949897766113,113.77439926147461,103.2281997680664,92.62094974517822,0.012354961869855,0.014742471900297824,0.012413068967412786,0.01805955551909286,-0.007114392648951973,-0.015618381376717227,0.8578233138130145,0.012027603790317977,0.0037934515864294434,56.23343592201103,0.7157732438202089,1.2021214590759557,2.5185721261160685,35.062942498842396,910990300.0,Bull / Normal,0.005800565432940941,1
2023-08-01,116.91999816894533,118.04000091552734,116.4800033569336,117.91000366210938,5246000,0.005800565432940941,0.005783806927910675,2023,8,3,1,116.94749908447265,114.08579940795899,103.5223998260498,92.89159976959229,0.012772201125135071,0.013757703096509895,0.011927400801913398,0.018060138863763554,-0.0003390698360965505,0.006487427454813899,0.6672479329750342,0.013230408872381864,-0.0026444184859773933,55.13867943901774,0.7318440915097284,1.1080659855627102,2.400714874267574,45.75477017050975,916236300.0,Bull / Normal,-0.018658336946042353,0
2023-08-02,116.91999816894533,116.9800033569336,114.31999969482422,115.70999908447266,6387800,-0.018658336946042353,-0.018834599671107108,2023,8,3,2,116.93499908447265,114.34319946289062,103.81079978942871,93.14414978027344,0.011919637757603588,0.013936947001414821,0.012462538830497924,0.01814340599032115,0.0018181738915381551,-0.002155915850067247,0.8233600276352406,0.022988537578048654,-0.008396280743074802,45.45929843856327,0.5605961672213056,0.9985720218944293,2.474286215645923,19.7443069443737,909848500.0,Bull / Normal,-0.010025028449512141,0
2023-08-03,115.23999786376952,116.16999816894533,114.26000213623048,114.5500030517578,5193800,-0.010025028449512141,-0.01007561743521141,2023,8,3,3,116.88999938964844,114.59879959106445,104.11559982299805,93.39534980773925,0.011827810882152172,0.012185742492557964,0.012628657680623665,0.018211812632473866,-0.015893457473106665,-0.00779552984213483,0.6817119846274197,0.016673906432388648,-0.004061889416834414,37.24326582490424,0.32750370920356886,0.8643583593562573,2.4307141985212035,4.084520814819119,904654700.0,Bull / Normal,-0.0009602846566653112,0
2023-08-04,115.33999633789062,116.4000015258789,114.26000213623048,114.44000244140624,5577500,-0.0009602846566653112,-0.000960746025363394,2023,8,3,4,116.88149948120117,114.91679962158203,104.41069984436035,93.63244983673096,0.011862708851630268,0.010762106657986333,0.012523972222653407,0.01817504062236383,-0.01336318174765172,-0.0014832751770352814,0.7389771178766217,0.01869974959799666,0.006896492929606291,37.794859389883186,0.1323741995695542,0.7179615273989167,2.460714067731582,2.535216110705367,899077200.0,Bull / Normal,0.014505382709728565,1
2023-08-07,115.47000122070312,116.37999725341795,115.06999969482422,116.0999984741211,7347000,0.014505382709728565,0.014401186045633702,2023,8,3,0,116.96749954223633,115.27239959716798,104.72609985351562,93.87779983520508,0.013001644426135238,0.01196003313717237,0.012922590656666216,0.018176643877587335,-0.009639212236239092,0.015037605018404898,0.9707474305979009,0.01128335551947261,0.009000338669376147,37.03499267985203,0.11040775218604892,0.5964507723563433,2.3507134573800204,25.915446948295113,906424200.0,Bull / Normal,-0.007493498093209872,0
2023-08-08,115.04000091552734,115.61000061035156,114.22000122070312,115.2300033569336,4694800,-0.007493498093209872,-0.007521715402662508,2023,8,3,1,116.98499984741211,115.49119964599609,105.04859985351563,94.12244983673095,0.01238624397778367,0.012098507978184818,0.01302322690140651,0.018221218187981274,-0.022729202119743497,0.0030467105839457886,0.6262066996967537,0.012062825211788027,-0.009130039384367654,39.70239022420877,0.022538044720334938,0.4816682268291416,2.274998801095144,20.00006043090255,901729400.0,Bull / Normal,-0.01848481142723435,0
2023-08-09,115.33999633789062,115.70999908447266,112.33000183105467,113.0999984741211,6542400,-0.01848481142723435,-0.01865779052772383,2023,8,3,2,116.83899993896485,115.67159957885742,105.3313998413086,94.34169982910156,0.012336893133316288,0.011725711494456668,0.013452811213677076,0.01842919486007063,-0.022556396430754133,-0.025168059415900834,0.8994541326373141,0.029885033589910924,0.0009545515729642021,41.37718055243983,-0.2164775064212563,0.3420390801790621,2.243570055280414,11.095060787851187,895187000.0,Bull / Normal,-0.0009725960374503684,0
2023-08-10,113.77999877929688,115.08999633789062,112.4800033569336,112.98999786376952,6004100,-0.0009725960374503684,-0.0009730693158737648,2023,8,3,3,116.61599998474121,115.82839950561524,105.60869979858398,94.5431498336792,0.011980941630686118,0.011226423774212332,0.013073054442970675,0.01840068781634526,-0.013618552129443517,-0.03797359898134445,0.8449374258545983,0.02309932764229152,0.006012381205569822,33.886578497780334,-0.4100483999486215,0.19162158415352537,2.1878553118024553,10.627957005099754,889182900.0,Bull / Normal,0.00061952116247177,1
2023-08-11,112.38999938964844,113.4800033569336,111.12999725341795,113.05999755859376,5286300,0.00061952116247177,0.0006193293384583299,2023,8,3,4,116.30550003051758,115.97079940795898,105.86969978332519,94.74384983062744,0.012058252164781846,0.011277692708838176,0.012442016676823368,0.01837590041353231,-0.012058763136771566,-0.052066733120291864,0.756889797601457,0.020785478102436184,-0.005310191038719103,32.24663639062278,-0.551449569934789,0.0430073533358625,2.2264273507254475,26.151748350067272,894469200.0,Bull / Normal,0.022200620824616824,1
2023-08-14,113.18000030517578,115.80999755859376,113.1500015258789,115.56999969482422,6494200,0.022200620824616824,0.02195777469349029,2023,8,3,0,116.13950004577637,116.16239944458007,106.14959976196289,94.95599983215332,0.01490491060153508,0.013197254310314257,0.013618060779005355,0.018476638450474005,-0.004565019692183814,-0.027924970240291613,0.9314480243195971,0.023016319457808094,0.0010614076523380886,42.787890445644294,-0.45572154615132376,-0.056738426561574754,2.3014270237513963,64.25470460678284,900963400.0,Bear / Normal,0.014882765641991647,1
2023-08-15,115.4499969482422,118.05999755859376,114.83999633789062,117.29000091552734,10412200,0.014882765641991647,0.014773103992350455,2023,8,3,1,115.96550025939942,116.39039947509765,106.44349975585938,95.16834983825683,0.015738508712123164,0.014030022846774464,0.013557901071279736,0.01829825001679943,0.01787726719240612,-0.028815068512621833,1.4774463882578472,0.027453331021987076,-0.001038355515262594,55.67533153008188,-0.23831947519762764,-0.09305463628878534,2.3207130432128915,88.88893781878576,911375600.0,Bear / Normal,-0.01662549716442685,0
2023-08-16,117.16000366210938,117.80999755859376,115.2699966430664,115.33999633789062,5722000,-0.01662549716442685,-0.016765251902378403,2023,8,3,2,115.79799995422363,116.55859939575195,106.71909973144531,95.3692998123169,0.0150935455659828,0.013748606229363804,0.013521761960270495,0.018459489830881973,0.019805463253671718,-0.028224838104366934,0.822944651866511,0.022021857084912496,-0.0011083404587198633,46.84897667775091,-0.22083024659583828,-0.11860975835019594,2.3521417890276246,60.7503448640305,905653600.0,Bear / Normal,-0.003988200963047528,0
2023-08-17,115.73999786376952,116.77999877929688,114.36000061035156,114.87999725341795,6183900,-0.003988200963047528,-0.003996175045064085,2023,8,3,3,115.74799995422363,116.71419937133788,106.9877996826172,95.55689979553223,0.015400103662245946,0.013399084657317307,0.012487539283352398,0.018404450093120972,0.01672713890947386,-0.008629617049550786,0.9346003438308805,0.021065444174819665,0.0034680209691274853,46.710136551154015,-0.24130635916951348,-0.14314907851405945,2.407141549246655,54.11255172960436,899469700.0,Bear / Normal,0.013753498161819477,1
2023-08-18,114.5,116.98999786376952,113.9499969482422,116.45999908447266,9411600,0.013753498161819477,0.013659777156027092,2023,8,3,4,115.68849983215333,116.93839935302735,107.25099967956542,95.74884979248047,0.015914990514227276,0.014029995232696003,0.012391583810857693,0.01791372777195644,0.03007254200688303,-0.010114767751571052,1.4196888378028583,0.026103391202350022,-0.003307775613710234,47.76291698991468,-0.12855893538475982,-0.14023104988819954,2.5235704694475456,76.91199994715559,908881300.0,Bear / Normal,0.0011162395194910246,1
2023-08-21,116.9000015258789,117.3499984741211,115.19000244140624,116.58999633789062,5811200,0.0011162395194910246,0.0011156169873788179,2023,8,3,0,115.61449966430663,117.12059921264648,107.51839965820312,95.94624977111816,0.013110213254473266,0.013307242606087021,0.012361955526977494,0.017902539483180723,0.008825790825991442,-0.012534965365960549,0.8791687594933645,0.018526426799559646,0.0037781422365210588,46.03839425551599,-0.02838884883760784,-0.11786260967808121,2.566427503313339,78.78786210723194,914692500.0,Bear / Normal,-0.0004288139972008498,0
2023-08-22,117.51000213623048,117.68000030517578,115.7300033569336,116.54000091552734,4961100,-0.0004288139972008498,-0.00042890596421504915,2023,8,3,1,115.5439998626709,117.2543992614746,107.77759963989257,96.15334976196289,0.010900468542871682,0.013020107087905939,0.012361506670308473,0.016222678240536286,-0.0063944069754091615,-0.011954184562917636,0.7580424837500115,0.01673242605906293,0.007890949714704339,52.860103877584706,0.04642726902463323,-0.08500463393753832,2.44928414481027,78.06642747286489,909731400.0,Bear / Normal,0.01115492888407954,1
2023-08-23,117.0999984741211,120.4499969482422,112.11000061035156,117.83999633789062,16517300,0.01115492888407954,0.011093171506576197,2023,8,3,2,115.66099967956544,117.2825991821289,108.05089958190918,96.36739974975586,0.00770630663075612,0.01129913944863294,0.011650813376008764,0.016256768124759183,0.0216750483732997,0.0202597085531655,2.372328270725179,0.07077390187603877,0.004805196106010482,61.2286507058625,0.20821813843258496,-0.026360079463513666,2.9085698808942553,71.99570068869197,926248700.0,Bear / Normal,-0.04183632746936916,0
2023-08-24,119.68000030517578,119.7300033569336,112.41000366210938,112.91000366210938,11995900,-0.04183632746936916,-0.04273666745110079,2023,8,3,3,115.48649978637695,117.20719924926757,108.25079963684082,96.55194976806641,0.022430719523269013,0.018476075433432108,0.014958695575649435,0.017183606262778425,-0.017148273314830376,-0.029982799123878134,1.6730380062844048,0.06483039108500785,0.015614426548429176,46.07087857615886,-0.06067125868541723,-0.03322231530789438,3.2785699026925266,19.098781834509353,914252800.0,Bear / Normal,0.02789827113911847,1
2023-08-25,112.91000366210938,116.1500015258789,112.73999786376952,116.05999755859376,8758100,0.02789827113911847,0.027516204100426912,2023,8,3,4,115.48999977111816,117.08299926757813,108.47219963073731,96.74854976654052,0.025756434855600963,0.02046996307073891,0.01631412650133963,0.017506397157981194,-0.0034346688049409213,0.0006034976818127813,1.2059321047873912,0.029381386643471393,0.0,49.90457789504992,-0.01936661501346748,-0.030451175249009,3.38357053484236,52.89700071464195,923010900.0,Bear / Normal,0.006720651350204276,1
2023-08-28,116.37000274658205,117.70999908447266,115.6999969482422,116.83999633789062,4514800,0.006720651350204276,0.006698168449860449,2023,8,3,0,115.47049942016602,116.88879913330078,108.70059959411621,96.95454975128173,0.02596109153164638,0.019398148988629096,0.01620299447915008,0.01751772517693088,0.002144266299447084,-0.0033268532617499735,0.6311669066558555,0.01720303148947139,0.002671076981815141,53.857196804499104,0.07543740005816346,-0.00927346018757451,3.3928565979003946,61.26608660345398,927525700.0,Bear / Normal,0.032608741076729286,1
2023-08-29,120.9499969482422,121.20999908447266,118.52999877929688,120.6500015258789,11920500,0.032608741076729286,0.03208835854159529,2023,8,3,1,115.6074993133545,116.79259918212891,108.95819961547852,97.17949974060059,0.029556706174133744,0.021479106153047264,0.017746984786344226,0.017959425964462525,0.03526686612376673,0.023238044090147403,1.5921969593252145,0.02221301509557737,0.03517631580940682,66.7405923255354,0.4527864023605588,0.08313851232205215,3.463571275983541,94.44446967391913,939446200.0,Bear / Normal,0.0038955757543222003,1
2023-08-30,120.72000122070312,121.73999786376952,120.1500015258789,121.12000274658205,5601800,0.0038955757543222003,0.003888007647481719,2023,8,3,2,115.87799949645996,116.77419921875,109.21019966125488,97.39924976348877,0.029498812887810442,0.020341980670801937,0.017117474257382886,0.01793383040431477,0.027834406912967236,0.046754850098649436,0.7521693448494634,0.013127446349364287,0.0005801880972973226,67.74336315603337,0.7807632234528796,0.22266345454821768,3.390714372907368,94.15650253042796,945048000.0,Bear / Normal,-0.006027108160334027,0
2023-08-31,121.0,121.9800033569336,120.12000274658205,120.38999938964844,9109800,-0.006027108160334027,-0.006045344488525582,2023,8,3,3,116.1699993133545,116.73999923706054,109.47649963378906,97.61249977111817,0.016513713744680174,0.020452992251738328,0.016987255103518773,0.01796541146994032,0.06624741373601806,0.05098207055701187,1.1918634887303627,0.015449793336500987,-0.0009907756263276,65.54943635684468,0.9705936477048454,0.37224949317954326,3.3557139805385043,83.89054179507932,935938200.0,Bear / Normal,0.004485430004693258,1
2023-09-01,121.01000213623048,121.69000244140624,120.08999633789062,120.93000030517578,6189900,0.004485430004693258,0.004475400443609002,2023,9,3,4,116.49449920654297,116.74699920654297,109.74609962463379,97.82449977874757,0.014427564254486198,0.020215104915670194,0.01697036543414699,0.01778624803389059,0.041961079174789306,0.05671092035402969,0.8066125050414096,0.013230845112692279,0.005149952236276492,62.407414079205836,1.151337287913492,0.5280670521263331,3.273571559361048,89.36167416851605,942128100.0,Bear / Normal,0.025221227520556555,1
2023-09-05,122.44000244140624,124.27999877929688,121.18000030517578,123.9800033569336,11089600,0.025221227520556555,0.024908421029427325,2023,9,3,1,116.8884994506836,116.85379928588867,110.04689964294434,98.04849979400635,0.016175918735539238,0.02124921388311407,0.017516458271537635,0.01786563340278499,0.06110927116425713,0.06787256663546781,1.4106976463142764,0.025004019924054356,0.012486580107664373,64.58788612800615,1.523129986930428,0.7270796390871521,3.2828570774623307,97.53495918241967,953217700.0,Bull / Normal,0.0028230235896464784,1
2023-09-06,123.05999755859376,124.58000183105467,122.7300033569336,124.33000183105467,8728500,0.0028230235896464784,0.0028190463420369057,2023,9,3,2,117.34349937438965,117.00479934692383,110.3346996307373,98.27069980621337,0.011520535104834894,0.021158309030398247,0.017328589357784186,0.017681204909371265,0.03050145262025894,0.07897247426031173,1.0825697403866665,0.014879742997470092,-0.007420598269312582,71.07363139377995,1.824983062592338,0.9466603237881893,3.2335711887904535,97.99518864853886,961946200.0,Bull / Normal,0.006112720145123651,1
2023-09-07,123.83000183105467,125.95999908447266,122.58999633789062,125.08999633789062,11864400,0.006112720145123651,0.006094113258630893,2023,9,3,3,117.94299926757813,117.14979934692383,110.62849960327148,98.50014980316162,0.011457953282673102,0.021100201244552516,0.016505792733464805,0.015989747441932448,0.032777357177038224,0.10601236096844868,1.424492667664002,0.02694062551156406,-0.004021555478455016,73.60149695688135,2.1013064521879556,1.1775895494681425,3.301428658621648,93.71839102937345,973810600.0,Bull / High Vol,0.009832947421400062,1
2023-09-08,124.8000030517578,126.69000244140624,124.3499984741211,126.31999969482422,10595500,0.009832947421400062,0.009784918580639209,2023,9,3,4,118.60949935913087,117.34559936523438,110.93579963684083,98.73309978485108,0.009059238085594794,0.012678569785933534,0.016470586737194693,0.01602721409497796,0.049256585557269084,0.11797506047505646,1.2380191226661899,0.01852441397196283,-0.0023182771973987637,73.16731260822954,2.3919725499776234,1.4204661495700388,3.2514288766043498,97.46225857260231,984406100.0,Bull / High Vol,0.003087392262433708,1
2023-09-11,127.0199966430664,127.41999816894533,124.72000122070312,126.70999908447266,22155600,0.003087392262433708,0.003082636053948955,2023,9,3,0,119.2919994354248,117.52419937133789,111.23819961547852,98.96754978179932,0.009279134285126875,0.011450071905434362,0.016439571247062194,0.014824504824097032,0.04779623554709844,0.12073237060530384,2.356503662293612,0.021308475793155188,0.0055414578050451725,73.49120121957048,2.6235545146568455,1.6610838225874,3.2900003705705885,95.36251340501269,1006561700.0,Bull / High Vol,-0.13495382051673122,0
2023-09-12,112.08000183105467,113.3000030517578,107.3000030517578,109.61000061035156,68605700,-0.13495382051673122,-0.14497238678941626,2023,9,3,1,118.99399948120117,117.3345994567871,111.3761996459961,99.10499977111816,0.06286069459617262,0.04696944691584735,0.03513632766707599,0.02244045873048281,-0.11590581027176905,-0.05157046898166229,5.485178057592782,0.05473953075987266,-0.11546047951326027,41.0209868710715,1.410992876345631,1.6110656333390465,4.537143162318636,11.481103972139865,937956000.0,Bull / High Vol,0.020344819953668214,1
2023-09-13,108.31999969482422,112.94000244140624,108.1999969482422,111.83999633789062,27171000,0.020344819953668214,0.02014062894529202,2023,9,3,2,118.72149925231933,117.22839935302734,111.54629959106445,99.25139976501465,0.06508278857561765,0.046020424828571944,0.035295434252809094,0.022609423363957132,-0.1004585000339342,-0.046466063049669826,2.035980910290504,0.04238202475296535,-0.011769007465962154,42.40890477231117,0.6227919029272186,1.413410887256681,4.280000959123879,22.56458443299786,965127000.0,Bull / High Vol,0.01627331351764494,1
2023-09-14,113.5,115.13999938964844,111.9499969482422,113.66000366210938,19849700,0.01627331351764494,0.01614232234751868,2023,9,3,3,118.63749961853027,117.18239944458008,111.73139961242676,99.40609977722168,0.06621617747357322,0.04649562777452954,0.03533179938288367,0.02247165240501644,-0.09137415469184906,-0.014565569005739132,1.412609563404533,0.028066182813872995,0.014842665562096206,51.02993672695027,0.14334395357208507,1.1593975005197619,3.9928583417619925,31.610348677065723,984976700.0,Bull / High Vol,0.002199542424291989,1
2023-09-15,114.19000244140624,115.1999969482422,112.5,113.91000366210938,23209500,0.002199542424291989,0.002197126972131735,2023,9,3,4,118.58899993896485,117.15159957885743,111.91609962463379,99.56869979858398,0.06552484646797999,0.04655368265048254,0.035323007118047436,0.022474554487907847,-0.09824252741209694,-0.008443537730670636,1.5573631616293953,0.02370289580756391,0.00466301919954579,46.79201242923856,-0.21398243357020874,0.8847215137017678,3.942143576485765,32.8528937102225,1008186200.0,Bull / High Vol,-0.014924102563278252,0
2023-09-18,113.41999816894533,114.47000122070312,111.58000183105467,112.20999908447266,11744100,-0.014924102563278252,-0.015036587543245711,2023,9,3,0,118.37649993896484,117.10359954833984,112.09759963989258,99.72549980163575,0.06452123144189857,0.04654402371037818,0.035326531080023545,0.02249838529071401,-0.11443453638045886,-0.036493216841924636,0.781913087478445,0.02575527504882016,-0.004301689732339478,43.2762196333948,-0.627113359221724,0.5823545391170695,4.005000523158479,24.40356473307734,996442100.0,Bull / High Vol,0.00499062082847157,1
2023-09-19,112.4800033569336,113.73999786376952,111.70999908447266,112.7699966430664,9536100,0.00499062082847157,0.004978208958507428,2023,9,3,1,118.18549995422363,117.07139953613282,112.28819961547852,99.87419979095459,0.013823406036285813,0.045443616834039115,0.035350629873759476,0.022422183492607103,0.028829450005644963,-0.03276438643803914,0.6271297180148948,0.01800123117607341,0.002406240750948371,37.36369006167624,-0.8989726739700359,0.2860890964996484,3.8378573826381097,27.18685347311968,1005978200.0,Bull / High Vol,0.0008868148132714637,1
2023-09-20,112.80999755859376,114.6999969482422,112.45999908447266,112.87000274658205,8777100,0.0008868148132714637,0.0008864218253361312,2023,9,3,2,118.00200004577637,117.0311996459961,112.46649963378906,100.01799980163574,0.011183801745337157,0.045394483128249626,0.035353023714638686,0.022334986365881198,0.009209642725483969,-0.031491317488537285,0.5700620488291519,0.01984582093790529,0.0003547123944143293,36.61149534584842,-1.093745465883046,0.01012218402310952,3.884286063058034,27.683901821954564,1014755300.0,Bull / High Vol,-0.03047756142196456,0
2023-09-21,111.51000213623048,112.5,109.33000183105467,109.43000030517578,12645800,-0.03047756142196456,-0.030951660082437486,2023,9,3,3,117.58150024414063,116.89939971923827,112.61359962463379,100.14839981079102,0.015029262085996175,0.045549868500897844,0.03582465993083816,0.022635046164466863,-0.03721628735389304,-0.07136792510244394,0.8317870549365691,0.028968273417754833,-0.012049265325217213,33.651558483089374,-1.508297045005321,-0.29356166178257664,4.004286084856306,10.58647003148838,1002109500.0,Bull / High Vol,-0.0036553186947216876,0
2023-09-22,109.98999786376952,110.5999984741211,108.51000213623048,109.02999877929688,11150000,-0.0036553186947216876,-0.0036620156968673215,2023,9,3,4,117.3875,116.73099975585937,112.75519958496093,100.29639980316162,0.01429833926187125,0.04501911421845566,0.03464648343730477,0.02259880164830546,-0.042840880747296195,-0.03436369459719146,0.7354456784321486,0.019169002671652502,0.0051174043409670834,32.17495945885719,-1.8478085515671836,-0.6044110397394981,4.039285387311664,8.59839039454451,990959500.0,Bull / High Vol,-0.006695365823279231,0
2023-09-25,108.4499969482422,108.6500015258789,107.5,108.3000030517578,8410000,-0.006695365823279231,-0.006717880336573699,2023,9,3,0,116.9995002746582,116.5115998840332,112.89019958496094,100.44334980010986,0.013860482830364283,0.044720954326172714,0.033977932236934315,0.022559530430400345,-0.034845344128123346,-0.06686192202372121,0.5553548823354225,0.010618665683040724,-0.00531965365081529,24.758535598635945,-2.1509832252690018,-0.9137254768453988,3.909285409109934,4.970180132627114,982549500.0,Bull / High Vol,-0.03157900001817526,0
2023-09-26,107.13999938964844,107.4000015258789,104.30999755859376,104.87999725341795,13209000,-0.03157900001817526,-0.03208836891809602,2023,9,3,1,116.40150032043456,116.23139984130859,112.99119956970215,100.57384979248047,0.015508516184088175,0.017430851936156042,0.034484896292019,0.022838210663266967,-0.0699654130045021,-0.10236220009700658,0.8479167656298746,0.029462281161381717,-0.010711021508974307,21.506010185785684,-2.636821586295895,-1.258344698735498,4.062143053327288,2.466463348204642,969340500.0,Bull / High Vol,-0.002478971335284186,0
2023-09-27,105.0,105.27999877929688,103.3499984741211,104.62000274658205,8916400,-0.002478971335284186,-0.002482049072191294,2023,9,3,2,115.60000038146973,115.90839996337891,113.08769958496094,100.69659980773926,0.014738219544967167,0.01520244254198582,0.03335688031975799,0.022759605781819205,-0.0730929370004807,-0.1328636434029261,0.5779371563669243,0.018447717974647393,0.0011441909775425235,19.56588466347081,-3.008155230536971,-1.608306805095793,3.9592857360839844,5.276295340934468,960424100.0,Bear / High Vol,0.01462434275597313,1
2023-09-28,104.02999877929688,106.5999984741211,103.2699966430664,106.1500015258789,7373600,0.01462434275597313,0.014518438328607924,2023,9,3,3,114.85150032043457,115.65759994506836,113.17949958801269,100.82804981231689,0.016568178526836504,0.014933998334853527,0.03361864040485072,0.022826693219222607,-0.029973487801788323,-0.12359644056502128,0.4752082693560076,0.031370718635767965,-0.005639494855628323,20.2770506157255,-3.14275399242824,-1.9151962425622824,4.02999986921038,11.925485303702002,967797700.0,Bear / High Vol,-0.002166776765212819,0
2023-09-29,107.11000061035156,107.37000274658205,105.37999725341795,105.91999816894533,7296100,-0.002166776765212819,-0.00216912762245707,2023,9,3,4,114.12800025939941,115.45839996337891,113.27079956054688,100.95124980926514,0.016633119473878143,0.014706632497246054,0.033629529098141736,0.0228232132395724,-0.028524265295526097,-0.12019271778439178,0.4729778787336606,0.018787816536684387,0.009043797180149948,19.218250535492032,-3.230741848680452,-2.1783053637859164,3.9792861938476585,22.212920855745704,960501600.0,Bear / High Vol,0.007458467987010886,1
2023-10-02,105.80999755859376,106.7300033569336,105.29000091552734,106.70999908447266,5963500,0.007458467987010886,0.007430791147339766,2023,10,4,0,113.41700019836426,115.23959991455078,113.37649955749512,101.08199981689454,0.017589590172806896,0.015089833171094365,0.033683924605958294,0.022835597175718203,-0.014681476661872916,-0.11758869746810474,0.3868744874975348,0.013494540846789159,-0.0010385254177979542,41.695306003576974,-3.199840616315427,-2.3826124142918186,2.6957152230399006,28.83488980225604,966465100.0,Bear / High Vol,-0.020522935621737015,0
2023-10-03,106.41999816894533,106.5,103.54000091552734,104.5199966430664,8783300,-0.020522935621737015,-0.02073645751409839,2023,10,4,1,112.44399986267089,114.96859985351563,113.44649955749512,101.19549980163575,0.013225229017998451,0.015384017328148265,0.03302369775342851,0.022975248304843987,-0.0034325001885887607,-0.15696085003194093,0.5741002252071916,0.028319930917917947,-0.0027176545592298433,28.989693322360765,-3.313865878405821,-2.5688631071146193,2.5835718427385634,10.4777868233389,957681800.0,Bear / High Vol,0.024492970438285022,1
2023-10-04,104.95999908447266,107.3000030517578,104.5,107.08000183105467,8842700,0.024492970438285022,0.024197827217235547,2023,10,4,2,111.5814998626709,114.75119995117187,113.5428995513916,101.33054981231689,0.017184169300863805,0.01833527144169442,0.033743105515053856,0.02320405796156789,0.02351365914634318,-0.13874366400669802,0.5777671348919353,0.026148701941334472,0.004209744121106787,31.883273746255597,-3.1612201185698154,-2.687334509405659,2.5478575570242765,31.93633772444505,966524500.0,Bear / High Vol,0.011860259818356811,1
2023-10-05,106.97000122070312,108.44000244140624,106.19000244140624,108.3499984741211,7651500,0.011860259818356811,0.01179047814747144,2023,10,4,3,110.74449996948242,114.6081999206543,113.6478995513916,101.47439979553222,0.01682897991071491,0.01663337189586077,0.03388356407979194,0.023220699380063367,0.020725359553629863,-0.13382363381442408,0.506912869816507,0.02076603628690777,-0.001027275013733205,35.50573337793753,-2.904290288270559,-2.730725665178639,2.5157149178641194,44.44445927752367,974176000.0,Bear / High Vol,0.014859258265113029,1
2023-10-06,107.93000030517578,110.52999877929688,107.58000183105467,109.95999908447266,8245600,0.014859258265113029,0.014749941071542993,2023,10,4,4,109.92649993896484,114.47939987182617,113.77489952087403,101.6216997909546,0.016934685203501446,0.017305280684102337,0.03402995337111685,0.023247372055475557,0.0381420032606441,-0.12951235473302403,0.5505576452670344,0.026827909901817815,-0.0038763098741125238,44.10686581146094,-2.541461565834041,-2.6928728453097195,2.5200004577636728,58.53020352393907,982421600.0,Bear / High Vol,0.0032739233662142375,1
2023-10-09,110.75,110.97000122070312,109.47000122070312,110.31999969482422,6012400,0.0032739233662142375,0.003268575747726897,2023,10,4,0,109.10699996948242,114.36599990844726,113.89559951782226,101.76859977722168,0.017048275842173857,0.017099586248141427,0.03403269244982609,0.023155377459673308,0.03383001256980478,-0.12935048147796024,0.42431520033479997,0.013596809319701024,0.007184439087894636,43.51510045428989,-2.1995135258818124,-2.5942009814241382,2.4821434020996116,61.67981507896716,988434000.0,Bear / High Vol,-0.005529374655900976,0
2023-10-10,110.20999908447266,111.05999755859376,109.62000274658205,109.70999908447266,6910400,-0.005529374655900976,-0.005544718234345195,2023,10,4,1,109.11199989318848,114.21559982299804,113.99499954223633,101.90964977264404,0.01143791042349644,0.012883134367002147,0.015593463132336385,0.02316106762689618,0.04965559326537283,0.0009123115916820357,0.62340717860078,0.013125465536673424,-0.0009971048826672838,41.85566450815198,-1.955200853515592,-2.4664009558424294,2.4250003269740525,69.77248211473845,981523600.0,Bear / Normal,-0.0006380429806613908,0
2023-10-11,109.51000213623048,110.05999755859376,108.83000183105467,109.63999938964844,5641700,-0.0006380429806613908,-0.0006382466167076168,2023,10,4,2,109.00200004577637,114.05019973754882,114.0679995727539,102.05539978027343,0.008509216975402512,0.012783714261690305,0.014852316731089398,0.023055077024844706,0.023907335775290584,-0.019670931869450015,0.5636950868892958,0.011218494476343639,-0.0018229600757555654,50.65501871652028,-1.7470903211517879,-2.322538828904301,2.259999956403461,81.77152757305937,975881900.0,Bear / Normal,-0.004833991082153544,0
2023-10-12,109.9499969482422,110.91999816894533,108.87999725341795,109.11000061035156,6598500,-0.004833991082153544,-0.0048457126067979325,2023,10,4,3,108.77449989318848,113.9181997680664,114.13069961547852,102.1966997909546,0.008301991419752864,0.012596838718493776,0.014308710351401153,0.022965666383766487,0.007014325306262004,-0.04003169897199854,0.7060341659118765,0.018696736358865273,0.0028274129908744997,50.24753036177297,-1.6064100024499623,-2.1793130636134332,2.2564288548060865,74.96794969105349,969283400.0,Bear / Normal,-0.007881959541204298,0
2023-10-13,109.19000244140624,109.51000213623048,107.79000091552734,108.25,5879400,-0.007881959541204298,-0.007913186378318548,2023,10,4,4,108.491499710083,113.79219970703124,114.19549964904785,102.33304977416992,0.004428923660211771,0.012972544613038175,0.01433266088641415,0.0227927085291894,-0.015551101297836656,-0.04968838100381956,0.6933778020982716,0.01588915677323916,0.0007332218000838623,49.846522328027305,-1.5464877501338634,-2.0527480009175196,2.2700004577636768,63.928148544979514,963404000.0,Bear / Normal,0.004249414175267141,1
2023-10-16,108.9499969482422,109.58999633789062,108.30999755859376,108.70999908447266,5488000,0.004249414175267141,0.004240410911569958,2023,10,4,0,108.31649971008301,113.67759963989258,114.29719963073731,102.47494976043701,0.004788027707852006,0.012868767953455503,0.01409340016228366,0.022704669340470465,-0.01459391420236833,-0.03119151616216631,0.6720091886970699,0.011774434643332514,0.00646648451032057,64.36609641767652,-1.4452212408668856,-1.9312426489073928,2.080714089529862,69.83314251687709,968892000.0,Bear / Normal,0.003035616169937194,1
2023-10-17,107.58000183105467,109.79000091552734,106.9000015258789,109.04000091552734,5261800,0.003035616169937194,0.003031017990360253,2023,10,4,1,108.12999992370605,113.5363996887207,114.40439964294434,102.61314975738526,0.005143099216267277,0.010175652480414346,0.014052820427191077,0.022702932354079226,-0.006106992749397744,-0.03307613583908353,0.6616252810316817,0.02650402939639833,-0.010394602731437089,66.49251921296587,-1.3230866930565952,-1.8096114577372335,2.14928545270648,74.06936578094519,974153800.0,Bear / Normal,-0.0072450560243424444,0
2023-10-18,108.4000015258789,109.7300033569336,107.86000061035156,108.25,5123900,-0.0072450560243424444,-0.007271428901930177,2023,10,4,2,107.89899978637695,113.39679962158203,114.44399963378906,102.7456997680664,0.00576888212973811,0.007859790069922162,0.014095088081084513,0.022716981560565914,-0.012677849301225619,-0.04093206905429925,0.659431313045515,0.017274852162420612,-0.005869400075888126,58.29382543888566,-1.2753393375429596,-1.7027570336983788,2.044999803815576,62.63299450825373,969029900.0,Bear / Normal,0.0008313749458719322,1
2023-10-19,108.62999725341795,110.22000122070312,108.19000244140624,108.33999633789062,7989200,0.0008313749458719322,0.0008310295451467027,2023,10,4,3,107.8444995880127,113.30159957885742,114.48659957885742,102.86879974365235,0.005760860664556038,0.006899621638107336,0.01240187175837804,0.02257162190893462,-0.007057137459019369,-0.009960741700131392,1.059948125004146,0.01873729783934764,0.003510367237117363,59.664526130667305,-1.216217464103181,-1.6054491197793392,2.047856467110776,63.82975485486377,977019100.0,Bear / Normal,-0.05990398821436671,0
2023-10-20,106.98999786376952,107.04000091552734,100.66000366210938,101.8499984741211,21828800,-0.05990398821436671,-0.06177326873656005,2023,10,4,4,107.48549957275391,113.07879959106445,114.45359954833984,102.95564971923828,0.027257897109018263,0.018970710338014785,0.018196601667399885,0.023793687592993985,-0.05912241594345413,-0.06585343837075375,2.7044995285759774,0.06264111290133256,-0.01246075798185127,36.66300690246604,-1.6737575072176867,-1.619110797267009,2.493570055280419,11.442264523001155,955190300.0,Bear / Normal,0.017771283408003047,1
2023-10-23,102.04000091552734,104.69000244140624,102.01000213623048,103.66000366210938,10722600,0.017771283408003047,0.017615220398459915,2023,10,4,0,107.25349960327148,112.89079971313477,114.43079956054687,103.05239974975586,0.029801246922627866,0.02038380589325425,0.018765574151389172,0.023927937190933328,-0.04645382637193474,-0.042843945142189144,1.3097233147508465,0.025853754683546937,0.0018655124619813069,47.589706306864954,-1.8687670130978802,-1.6690420404331834,2.469999040876121,28.84617077529362,965912900.0,Bear / Normal,-0.004437649021956536,0
2023-10-24,103.9499969482422,104.45999908447266,102.5,103.1999969482422,6174000,-0.004437649021956536,-0.004447524613480224,2023,10,4,1,107.1694995880127,112.64339965820312,114.4028995513916,103.14009971618653,0.02922207845487855,0.020389615412043198,0.01745046840403411,0.023876162616398647,-0.05355836315343909,-0.01601830996540199,0.7879854553251556,0.018992239752251668,0.0027975426961983347,37.67470289480657,-2.036951440599154,-1.7426239204663776,2.409998757498611,24.42302669996225,959738900.0,Bear / Normal,-0.017151130769452738,0
2023-10-25,102.6999969482422,103.66999816894533,101.01000213623048,101.43000030517578,7081700,-0.017151130769452738,-0.017299915079528234,2023,10,4,2,107.00999946594239,112.3261996459961,114.35829956054687,103.21514972686768,0.02927378665018626,0.020583392070828294,0.017835166150451446,0.023935690050647697,-0.06300230664964634,-0.0304913243897853,0.914542447892957,0.026224943554289917,-0.004844961383581867,28.69459412480444,-2.286703058280949,-1.851439748029292,2.439284188406814,7.403818220765453,952657200.0,Bear / Normal,-0.010154774486817342,0
2023-10-26,101.69000244140624,102.38999938964844,99.87000274658205,100.4000015258789,7565600,-0.010154774486817342,-0.010206685941011455,2023,10,4,3,106.72249946594238,112.02739974975586,114.2929995727539,103.28464973449707,0.028415398321503915,0.0205739614522404,0.017521862967604808,0.023861698146033058,-0.07328775226508666,-0.05416862851950288,0.9758243062233048,0.025099567776568635,0.00256336523166891,19.476387857670417,-2.538483253294288,-1.9888484490822913,2.408569880894256,4.736363047531909,945091600.0,Bear / Normal,0.005876457459400797,1
2023-10-27,101.0,102.08999633789062,100.58999633789062,100.98999786376952,5207900,0.005876457459400797,0.005859258429948258,2023,10,4,4,106.47599945068359,111.74959976196288,114.23189956665038,103.34659973144531,0.013731499259678486,0.021043986014679567,0.017625094473478056,0.023860115511521836,-0.008443796006242343,-0.046544565619349054,0.680893624671101,0.014852956052374864,0.005976080328708355,20.64190626359384,-2.6597531198314783,-2.1230293832321285,2.4221409388950934,10.00889755538788,950299500.0,Bear / Normal,0.006535336925144852,1
2023-10-30,101.13999938964844,102.41000366210938,100.81999969482422,101.6500015258789,5433700,0.006535336925144852,0.006514074199887258,2023,10,4,0,106.2229995727539,111.45339981079101,114.19589958190917,103.41094974517823,0.010240525539138429,0.021188216802340027,0.01759957863468954,0.02388420611600782,-0.019390334412704435,-0.047418213869425796,0.7128842509349415,0.015641947303663934,0.0014853107144458509,24.71770287294045,-2.6718046818808574,-2.2327844429618744,2.432855878557482,16.10859291121923,955733200.0,Bear / Normal,0.017215936780428542,1
2023-10-31,102.01000213623048,103.5199966430664,101.0999984741211,103.4000015258789,6258400,0.017215936780428542,0.01706942174591665,2023,10,4,1,106.16699981689453,111.18959991455078,114.15509956359864,103.4819497680664,0.013872945042995981,0.022339371615579313,0.017563277509188895,0.023917872351319983,0.001938028910378975,-0.010715606134319544,0.8349108644870723,0.02340423726531219,0.0035415701421305412,32.2928578573009,-2.511197732695834,-2.2884671009086666,2.5178560529436402,31.94570354439019,961991600.0,Bear / Normal,0.022727257634836073,1
2023-11-01,103.8000030517578,106.1999969482422,103.8000030517578,105.75,8602400,0.022727257634836073,0.022472841095009313,2023,11,4,2,106.10049972534179,110.97379989624024,114.11409957885742,103.5676997756958,0.012620498475603625,0.023966003434397542,0.017435595295831212,0.02410977026936963,0.042590946286369835,-0.012420636984607825,1.1494580013696114,0.022694977744533367,0.003868486653540134,41.358024206841336,-2.1692841736301602,-2.264630515452965,2.572141374860492,56.81157604148617,970594000.0,Bear / Normal,0.010591042520870397,1
2023-11-02,106.4499969482422,107.22000122070312,105.56999969482422,106.87000274658205,5918300,0.010591042520870397,0.010535350310633294,2023,11,4,3,106.02649993896485,110.75440002441407,114.01849960327148,103.66849979400635,0.00724378543475901,0.02429371906012987,0.017390579334475225,0.02404711481584663,0.06444224225470196,-0.013659397770019677,0.8000713782146389,0.015439332679643607,0.006619356484559827,46.4974697138281,-1.7873370444510357,-2.1691718212525792,2.5671413966587613,67.63286021251746,976512300.0,Bear / Normal,0.011041454803494721,1
2023-11-03,107.16999816894533,109.06999969482422,106.62000274658205,108.0500030517578,7278500,0.011041454803494721,0.010980942959814584,2023,11,4,4,105.93100013732911,110.65720001220703,113.9321996307373,103.77904979705811,0.006361776643651711,0.012896396455524421,0.01723288386591196,0.024094298876840486,0.06990796452448556,-0.017369916775350047,0.9904257258949007,0.022674658760246245,0.002807105966626129,48.383947489455366,-1.3735911263684386,-2.010055682275751,2.6464271545410147,79.0338310254717,983790800.0,Bear / Normal,0.00981025014951653,1
2023-11-06,108.05999755859376,109.20999908447266,107.44000244140624,109.11000061035156,6062800,0.00981025014951653,0.009762442064082437,2023,11,4,0,105.87050018310546,110.51820007324218,113.80059967041015,103.88834980010986,0.005568911311926524,0.012322042975214087,0.01737424030156179,0.024130356524646422,0.0733890700687636,-0.010968084552391733,0.8247159036806695,0.016222130264551535,9.249890378233846e-05,50.165483900175055,-0.9492195491068713,-1.797888455641975,2.5664269583565846,89.27535484061197,989853600.0,Bear / Normal,-0.0010998327001261465,0
2023-11-07,109.98999786376952,110.37999725341795,108.58000183105467,108.98999786376952,7412600,-0.0010998327001261465,-0.001100437959940669,2023,11,4,1,105.83450012207031,110.36120010375977,113.62499961853027,103.9884497833252,0.008437626229063973,0.012074527961497081,0.017333658526411506,0.023949083621543233,0.05406185933654517,-0.006562767539071479,1.0048952821734998,0.01651523495406578,0.00806523002928539,51.80663511346298,-0.6154902470012757,-1.5614088139138351,2.561426435198103,86.77449937062903,982441000.0,Bear / Normal,0.03064505030507436,1
2023-11-08,109.2300033569336,112.55999755859376,109.19000244140624,112.33000183105467,10994900,0.03064505030507436,0.030184868653174404,2023,11,4,2,105.96900024414063,110.19480010986328,113.49369964599609,104.10159980773926,0.01147548775793528,0.011542930314000631,0.01865178387595458,0.024207723773889352,0.06222223953716011,0.024534863702855958,1.4383417384535886,0.03000084627663437,0.00220208732790387,58.40708732807342,-0.08056822377898243,-1.2652406958868647,2.671426500592914,98.18758217835213,993435900.0,Bear / Normal,-0.0013353647594922524,0
2023-11-09,112.4000015258789,113.30999755859376,111.61000061035156,112.18000030517578,6853900,-0.0013353647594922524,-0.0013362571535488854,2023,11,4,3,106.12250022888183,110.01600006103516,113.39509963989258,104.2142998123169,0.013027465032201632,0.010044495180385924,0.018606778002403235,0.02411448867370702,0.04968651092098497,0.028136739782338216,0.8951249327405798,0.015154189192525496,0.0006231611651668369,79.70095781944279,0.3274824501715585,-0.9466960666751801,2.244283948625839,91.59227909516699,986582000.0,Bear / Normal,0.00793367255506583,1
2023-11-10,112.08999633789062,113.18000030517578,111.13999938964844,113.06999969482422,5233900,0.00793367255506583,0.007902366447552647,2023,11,4,4,106.36350021362304,109.86960006713868,113.3047996520996,104.33049980163574,0.013028298142468003,0.009943894859382298,0.018520434436511857,0.024131526863712782,0.046459939854529786,0.04452655607227918,0.6864450738362246,0.018041929079625926,-0.0008023174098797327,78.56706428745801,0.714445380216759,-0.6144677772967924,2.187140873500282,98.21430091955801,991815900.0,Bear / Normal,0.009551621420090362,1
2023-11-13,113.06999969482422,114.48999786376952,112.77999877929688,114.1500015258789,5740500,0.009551621420090362,0.009506293094963548,2023,11,4,0,106.63550033569337,109.73400009155273,113.24049964904785,104.4562998199463,0.0130257368561435,0.009824753717624243,0.018586932303971734,0.024097121580125017,0.04619192454709964,0.05004141741533008,0.7516429299998559,0.014980280872663579,0.0,82.03628448126149,1.095633629536124,-0.2724474959302091,2.169283730643138,97.67444287658547,997556400.0,Bear / Normal,0.0170827588451683,1
2023-11-14,114.86000061035156,116.45999908447266,114.4499969482422,116.0999984741211,6733700,0.0170827588451683,0.016938489217928624,2023,11,4,1,106.98850021362304,109.57639999389649,113.21509963989257,104.60004981994629,0.011945987791081856,0.009816544939462829,0.018867078429810693,0.024197966203049773,0.06523534957068833,0.064746858944573,0.8732742694885723,0.01731268012616286,0.006219878011229747,92.4724798485961,1.5373548506058086,0.08951297337699446,2.1442838396344888,97.83001392514271,1004290100.0,Bear / Normal,-0.017571067548136532,0
2023-11-15,116.1500015258789,116.30999755859376,113.93000030517578,114.05999755859376,7386200,-0.017571067548136532,-0.01772727123723327,2023,11,4,2,107.27900009155273,109.37099990844726,113.18789962768555,104.7280498123169,0.013299112979173173,0.012647620120595986,0.019307393273565565,0.024306879734801355,0.015401012190323193,0.053672032873845366,0.9440463804866577,0.020866187132744365,0.00043068951261836816,87.36321456162096,1.7031779011954882,0.41224595894069327,2.134283883231031,84.87711965648029,996903900.0,Bear / Normal,0.00534806788890374,1
2023-11-16,113.76000213623048,115.87000274658205,113.47000122070312,114.66999816894533,7476100,0.00534806788890374,0.005333817758362991,2023,11,4,3,107.59550018310547,109.16259994506837,113.1561996459961,104.85114978790283,0.013071737131087575,0.012621488682938312,0.019309594849334092,0.024273040049867113,0.02219645085572952,0.05842719258834661,0.9586802294082383,0.020929637779735166,-0.002630154557115176,87.37702819830919,1.8623478282531067,0.702266332803176,2.1849986485072597,88.55498091187863,1004380000.0,Bear / Normal,0.006017288326713333,1
2023-11-17,114.61000061035156,115.63999938964844,114.16000366210938,115.36000061035156,4791300,0.006017288326713333,0.005999256745304149,2023,11,4,4,108.271000289917,108.94339996337891,113.14449966430664,104.9810498046875,0.012972471067365309,0.01254874645848084,0.012388704093815359,0.02365844958826735,0.020252948807889304,0.13264607107150028,0.6897480007773755,0.012829366502328698,-0.0005232193211110787,87.39768687532549,2.0208732042850386,0.9659877070995485,2.1771409170968243,92.83855188534451,1009171300.0,Bear / Normal,0.013522863647192018,1
2023-11-20,115.6500015258789,117.1500015258789,115.51000213623048,116.91999816894533,5728300,0.013522863647192018,0.013432245754815803,2023,11,4,0,108.93400001525879,108.74759994506836,113.13589965820313,105.11754978179931,0.013501568073685053,0.012706941893487346,0.012217256343348276,0.02344968889031798,0.024266286518081603,0.12791813658485185,0.8553869908246332,0.014026679912179619,0.0025138775484829633,87.26568746327784,2.246488353094904,1.2220878362986196,2.132141113281255,98.27712821556166,1014899600.0,Bull / Normal,-0.0071843683804792,0
2023-11-21,117.20999908447266,117.66999816894533,115.68000030517578,116.08000183105467,5995300,-0.0071843683804792,-0.007210300232289259,2023,11,4,1,109.57800025939942,108.87699996948243,113.10579971313477,105.2552997970581,0.01232914704738986,0.01327152292372023,0.012356677001039372,0.023454970541032086,-0.00017223637665142455,0.12480625255514455,0.8964532432189958,0.017143330740688918,0.0024803362989134527,81.05832470840392,2.3306430968253835,1.4437988884039725,2.074284144810273,86.85953274051018,1008904300.0,Bull / Normal,0.0013783255529897787,1
2023-11-22,116.6999969482422,117.29000091552734,115.51000213623048,116.23999786376952,4343700,0.0013783255529897787,0.0013773765342625186,2023,11,4,2,110.3185001373291,108.965,113.09669967651367,105.3977997970581,0.007555899424401377,0.010203496727812818,0.011169476597251019,0.023066383677413028,0.019112750761333785,0.14601200349043086,0.6630691965989406,0.01531313499663839,0.005341101890141961,79.8978819785597,2.3827794815963017,1.6315950070424385,2.083569662911555,87.05881540654998,1013248000.0,Bull / Normal,8.604728505079429e-05,1
2023-11-24,116.48999786376952,116.58999633789062,115.33999633789062,116.25,2168200,8.604728505079429e-05,8.604358319551685e-05,2023,11,4,4,111.11100006103516,109.01679992675781,113.09959968566895,105.54559978485108,0.007655040655689418,0.010138744293731912,0.010565030450936225,0.02305976191084765,0.013778685412786151,0.15786850829913224,0.34519816017436633,0.010752688172043012,0.0021507226823334427,78.27585154566268,2.397270785585107,1.7847301627509724,1.9978555951799717,86.11926918871823,1015416200.0,Bull / Normal,0.001892483618951557,1
2023-11-27,116.01000213623048,116.7699966430664,115.4499969482422,116.47000122070312,5165300,0.001892483618951557,0.0018906951279320278,2023,11,4,0,111.88500022888184,109.0679998779297,113.10979972839355,105.69469978332519,0.007435921277000641,0.010032348418748603,0.010632780235385601,0.023049705999726704,0.009622057944510543,0.15328253970076688,0.8226440937106818,0.01133338783368681,-0.0020644977528560607,76.93996572917104,2.3988550010673606,1.9075551304142502,1.9657129560198132,86.79870812224482,1020581500.0,Bull / Normal,-0.001974786249875349,0
2023-11-28,116.0,116.8000030517578,115.87000274658205,116.23999786376952,4892600,-0.001974786249875349,-0.0019767387111275757,2023,11,4,1,112.61450004577637,109.14859985351562,113.12609970092774,105.8401997756958,0.003683418135845465,0.009858200102272336,0.010829634788376176,0.023042183378409964,-0.005815945226010255,0.14353168833131957,0.7825849809136343,0.00800069100367406,-0.004035384354573012,76.32533678475136,2.35441097046683,1.9969262984247662,1.9035704476492756,83.13678035789768,1015688900.0,Bull / Normal,-0.0002580762203042708,0
2023-11-29,117.33999633789062,117.58000183105467,115.95999908447266,116.20999908447266,6127200,-0.0002580762203042708,-0.0002581095277027023,2023,11,4,2,113.25499992370605,109.21739990234374,113.14439971923828,105.97414978027344,0.0015167721718340988,0.008282056297847921,0.010647052991491877,0.02279580297380768,0.0011198936196363807,0.12388778887384899,0.9810921359073285,0.013940304271101857,0.009463166675297773,68.54683361864554,2.2903661895057894,2.055614276640971,1.764284951346259,77.64166374576452,1009561700.0,Bull / Normal,0.0,0
2023-11-30,116.86000061035156,117.2300033569336,115.18000030517578,116.20999908447266,11075600,0.0,0.0,2023,11,4,3,113.77799987792969,109.28419982910157,113.15769973754882,106.10974979400635,0.001373166554204552,0.0055105844263422035,0.009947565691246678,0.02279109757915963,-0.0002580762203042708,0.09891252089335856,1.7390007293201621,0.017640504843887593,0.00559333560794904,69.54413061881725,2.2140876153681432,2.0873089443864057,1.7892853873116599,77.64166374576452,1009561700.0,Bull / Normal,0.008174895319861042,1
2023-12-01,116.06999969482422,117.3499984741211,115.26000213623048,117.16000366210938,5738000,0.008174895319861042,0.008141661860299743,2023,12,4,4,114.29249992370606,109.43879989624024,113.16909980773926,106.25384983062744,0.003940205012033641,0.005774293997104072,0.009887692500435835,0.02280333256383884,0.007827988491263538,0.09628521241762988,0.9022111878589859,0.01783882103587314,-0.0012047103584147901,69.72036106081657,2.204877272987801,2.110822610106685,1.7928564889090362,89.57066318013149,1015299700.0,Bull / Normal,-0.011778805391577607,0
2023-12-04,116.2699966430664,116.68000030517578,114.5500030517578,115.77999877929688,5587500,-0.011778805391577607,-0.011848725109307555,2023,12,4,0,114.678999710083,109.57379989624023,113.1523998260498,106.39414981842042,0.007119023305032213,0.007055481404487253,0.010414361001605114,0.022802909480195418,-0.00592429324439292,0.07154091170026411,0.8903843273236043,0.01839693622279479,-0.007596508972547986,57.6382210292312,2.062448526647941,2.1011477934149365,1.8571423121861028,54.99998183476154,1009712200.0,Bull / Normal,-0.010796337996019423,0
2023-12-05,114.56999969482422,115.2699966430664,113.80999755859376,114.52999877929688,5913600,-0.010796337996019423,-0.010855041356305096,2023,12,4,1,114.94999961853027,109.69839981079102,113.1049998474121,106.5303998184204,0.008354989425733275,0.006158432247511963,0.010771674607871061,0.022829306353654814,-0.014710935270978887,0.04967462321167937,0.9434708802920267,0.012747743822874818,-0.010450847272672639,42.12638765707397,1.8276402663913842,2.0464462880102263,1.8328568594796286,25.23805544757322,1003798600.0,Bull / Normal,-0.021828342151802405,0
2023-12-06,114.94000244140624,114.98999786376952,111.93000030517578,112.02999877929688,7815700,-0.021828342151802405,-0.02207010507683932,2023,12,4,2,115.10199966430665,109.8413998413086,113.0363998413086,106.65954982757569,0.011576964793337993,0.008723075408739588,0.012055177144676821,0.014911771976378912,-0.03596936871273315,0.027892476145629175,1.2429400094623553,0.027314090796537818,0.0035798800880060388,40.268469630936515,1.4234156719864899,1.921840164805479,1.8814283098493252,1.7421343438518844,995982900.0,Bull / Normal,0.007498027103793881,1
2023-12-07,112.41000366210938,113.02999877929688,111.80999755859376,112.87000274658205,6772800,0.007498027103793881,0.007470056627149835,2023,12,4,3,115.12899971008301,110.00639984130859,112.95739990234375,106.79229984283447,0.013131431416866445,0.009299760367834337,0.010048407326090324,0.014712527542354201,-0.028741040910453708,0.004807272382489014,1.1145027867506339,0.010808905741255996,0.003391992207025935,41.55725367853091,1.1575030934528456,1.7689727505349526,1.7971425737653388,18.088823849536897,1002755700.0,Bull / Normal,0.006556196028726813,1
2023-12-08,112.01000213623048,113.63999938964844,111.58999633789062,113.61000061035156,7753900,0.006556196028726813,0.00653479765258799,2023,12,4,4,115.2004997253418,110.15559982299804,112.9065998840332,106.91744983673095,0.012715799844692377,0.00974489736466072,0.0101358698730064,0.014586214998677084,-0.030300468938154523,0.012747372983469285,1.2665694212810583,0.018044213015971297,-0.0076193903554911116,41.83007048102915,0.9950072778260051,1.6141796559931634,1.8378573826381068,33.22374447559214,1010509600.0,Bull / Normal,0.013379074332369179,1
2023-12-11,113.7699966430664,115.3499984741211,113.61000061035156,115.12999725341795,19544200,0.013379074332369179,0.013290364875065517,2023,12,4,0,115.30349960327149,110.3397998046875,112.8990998840332,107.0497998046875,0.01471267388338796,0.010896557638248715,0.01041032363978858,0.01468457996701414,-0.005614108937053719,0.01821878096890117,2.8583901829400724,0.015113331931551614,0.0014082918040250916,41.6119965192246,0.9776099205529931,1.4868657089051294,1.8342857360839773,58.2236817338794,1030053800.0,Bull / Normal,-0.12438113468641698,0
2023-12-12,102.6999969482422,104.9499969482422,100.69000244140624,100.80999755859376,57666500,-0.12438113468641698,-0.1328243679812663,2023,12,4,1,114.63649940490723,110.22179977416992,112.73069984436034,107.1140497970581,0.057887370765303967,0.04050660706662786,0.029733387358481658,0.02171979007332967,-0.11979395238746149,-0.11686380892654513,6.112763858832907,0.04225765906164149,-0.10796491445939589,18.385096307248105,-0.18949749935403304,1.1515930672532968,2.72357123238699,0.7104506898980184,972387300.0,Bull / High Vol,0.02162484235661921,1
2023-12-13,101.08000183105467,103.0999984741211,99.26000213623048,102.98999786376952,29392200,0.02162484235661921,0.021394342547642154,2023,12,4,2,113.98099937438965,110.19119979858398,112.57989982604981,107.19199977874756,0.061403976883734564,0.041860529289156796,0.02993357001076682,0.021909883051400233,-0.08069268065722723,-0.11291990338202995,2.781584807380916,0.03728513853325818,0.0026783481698228846,24.68476652373822,-0.9278352256562954,0.7357074086713784,2.870713915143686,20.360239026602393,1001779500.0,Bull / High Vol,-0.026021947380955757,0
2023-12-14,101.87000274658205,102.25,99.87000274658205,100.30999755859376,22865200,-0.026021947380955757,-0.02636650883881379,2023,12,4,3,113.29349937438965,110.05579971313476,112.40349983215332,107.26184978485108,0.06014163940090619,0.04189882640466829,0.030171416679285686,0.022139350092681802,-0.11127850520379845,-0.12055058999046964,2.016214223863514,0.02372642120769402,-0.01087479503270745,22.364778030738663,-1.7095205315691544,0.24666182062327185,3.004284994942791,5.731416156409263,978914300.0,Bull / High Vol,0.030007000393676986,1
2023-12-15,99.69000244140624,103.98999786376952,99.36000061035156,103.31999969482422,30198200,0.030007000393676986,0.02956559871716383,2023,12,4,4,112.72599945068359,109.95519973754882,112.28169982910157,107.34359977722168,0.06371125793921464,0.04369876165035258,0.031144994180210796,0.02218427974268834,-0.09057302051092297,-0.09897966909704625,2.420354955791826,0.04481220738572934,-0.006180790871073171,29.212778495101844,-2.0623561930657672,-0.215141782114536,3.240713391985202,22.161559095117102,1009112500.0,Bull / High Vol,0.016260165603348753,1
2023-12-18,103.41000366210938,106.16000366210938,102.91000366210938,105.0,13473100,0.016260165603348753,0.016129384883578797,2023,12,4,0,112.20799942016602,109.85599975585937,112.16769981384277,107.42234977722168,0.06406762017455167,0.04457493612213031,0.031413635905346286,0.022288097172333703,-0.08798747064260193,-0.08980583005841225,1.0435482390593032,0.030952380952380953,0.0008711185399825835,33.01089079613443,-2.1812746363546154,-0.6083683529625519,3.4064276559012194,31.331866590539274,1022585600.0,Bull / High Vol,0.011904761904761862,1
2023-12-19,104.9800033569336,106.33999633789062,104.8000030517578,106.25,10108500,0.011904761904761862,0.011834457647002798,2023,12,4,1,111.67449951171875,109.77459976196289,112.07029983520508,107.50489978790283,0.021638886590055584,0.04503596250119715,0.03136765993388086,0.02232795354396478,0.05396292603066821,-0.0912589662679224,0.769886057472792,0.014494054457720722,-0.00019044421968005952,35.4810554185255,-2.1498714265512433,-0.9166689676802902,3.4007126944405632,38.64012868332392,1032694100.0,Bull / High Vol,-0.019764691521139688,0
2023-12-20,105.9499969482422,106.08999633789062,104.0500030517578,104.1500015258789,9242000,-0.019764691521139688,-0.019962625446763672,2023,12,4,2,111.07799949645997,109.66339981079102,111.93949981689452,107.58384979248046,0.024205588785368323,0.04496258929893899,0.031554691392844315,0.02209617975000709,0.011263265231287622,-0.10277395000853762,0.6952949850288139,0.019587069191025742,-0.0028235581341910427,33.43407345428291,-2.2682890586687705,-1.1869929858779864,3.4114265441894482,27.031511219303116,1023452100.0,Bull / High Vol,0.016418617949302217,1
2023-12-21,104.6999969482422,105.93000030517578,104.5199966430664,105.86000061035156,8168000,0.016418617949302217,0.016285289837727503,2023,12,4,3,110.55899963378906,109.58779983520508,111.81899978637695,107.67069980621338,0.0184768476733229,0.04535341607071915,0.03188968785013183,0.022192742142024244,0.0553285134765944,-0.08929798214193929,0.605781250521474,0.013319513073680232,0.005280800905477031,34.795476401849726,-2.198806774430622,-1.3893557435885135,3.3892838614327525,37.887480871765675,1031620100.0,Bull / High Vol,0.0032117545430789818,1
2023-12-22,105.6999969482422,106.48999786376952,105.45999908447266,106.1999969482422,5678300,0.0032117545430789818,0.003206607876398826,2023,12,4,4,110.05649948120117,109.52959976196288,111.72389976501465,107.76734977722168,0.015161651894242968,0.04526768881941844,0.031919186683041466,0.02211799016007476,0.027874537959007073,-0.08645163915490583,0.4157210086888275,0.009698670516900699,-0.0015114647759950492,36.738644620557956,-2.092189245301981,-1.5299224439312071,3.2764265877859873,43.13235793390832,1037298400.0,Bull / High Vol,-9.411023656469286e-05,0
2023-12-26,106.5199966430664,106.6500015258789,105.33999633789062,106.19000244140624,5767400,-9.411023656469286e-05,-9.411466521086213e-05,2023,12,4,1,109.54249954223633,109.48839981079101,111.64029975891113,107.87794979095459,0.014008874664835563,0.04483396635039657,0.03190299189830081,0.022115752498065352,0.011333356584821264,-0.08826306062980938,0.4213156159770327,0.012336426762124984,0.0030131798871911464,38.0447264638139,-1.9856116632502108,-1.621060287795008,3.2292840140206422,43.07024165602931,1031531000.0,Bull / High Vol,-0.0023542705928266683,0
2023-12-27,106.31999969482422,106.33000183105467,105.55999755859376,105.94000244140624,5627400,-0.0023542705928266683,-0.0023570462451189293,2023,12,4,2,109.02749977111816,109.43299987792969,111.55529975891113,107.98299980163574,0.012987944338745188,0.017842924152802312,0.03190177852601036,0.022098160951007213,-0.002917624080882475,-0.08860973513122938,0.4099880771672836,0.007268305217255271,0.001224194843480799,40.66809948752333,-1.899425675451809,-1.6767333653263683,3.065713065011155,41.51648120295034,1025903600.0,Bear / High Vol,0.0029261615201983115,1
2023-12-28,106.01000213623048,106.61000061035156,105.58000183105467,106.25,5689100,0.0029261615201983115,0.0029218886429670573,2023,12,4,3,108.52949981689453,109.37719985961914,111.45679977416992,108.09144981384277,0.00729953227483783,0.01687450102185961,0.03192995851775704,0.02193341556197582,0.020163211169990092,-0.08570690270148584,0.4151458056343249,0.00969410615808837,0.000660748472825106,39.68846385031734,-1.7855260145201868,-1.698491895165132,3.052141462053567,43.44312899132643,1031592700.0,Bear / High Vol,-0.00771764418658083,0
2023-12-29,106.5999984741211,106.91999816894533,104.77999877929688,105.43000030517578,6897200,-0.00771764418658083,-0.007747579321085863,2023,12,4,4,107.9904998779297,109.32079986572266,111.35879974365234,108.20369979858398,0.004492942651867149,0.014113431876022205,0.03192630695216435,0.021730029560927313,-0.004061971497227979,-0.09276309150868278,0.5110952697826,0.020297822094793208,0.003294103285845588,37.29023600634912,-1.7413535946934218,-1.70706423507079,3.058569771902899,38.34679660190763,1024695500.0,Bear / High Vol,-0.012994429883490755,0
2024-01-02,104.5199966430664,104.68000030517578,102.44000244140624,104.05999755859376,9597500,-0.012994429883490755,-0.013079596082807567,2024,1,1,1,107.3354995727539,109.23519989013671,111.26839973449707,108.29989978790283,0.006337305856575856,0.012078900841596862,0.03184040236194125,0.0217367360582718,-0.020150653965568255,-0.11181295402905722,0.7011659555162346,0.021526022643891134,-0.008631354068816226,32.71932133384627,-1.7961890564403404,-1.7248891993447002,3.147855486188614,62.66315807296932,1015098000.0,Bear / High Vol,-0.015375730459922243,0
2024-01-03,103.3000030517578,103.37999725341795,101.73999786376952,102.45999908447266,9455600,-0.015375730459922243,-0.015495162825037585,2024,1,1,2,106.6694995880127,109.24739990234374,111.1630997467041,108.38589977264404,0.007527604440068611,0.011711174162890503,0.031888466912053486,0.021726786346009667,-0.03512574885749464,-0.11504577504975777,0.6811744128080038,0.016006240526084212,-0.007303426145171979,54.272403900594156,-1.9463171277509588,-1.7691747850259518,2.282141549246652,41.775438715312696,1005642400.0,Bear / High Vol,0.0012687610245905034,1
2024-01-04,102.7699966430664,103.36000061035156,102.4000015258789,102.58999633789062,6822300,0.0012687610245905034,0.0012679568274725117,2024,1,1,3,106.07249946594239,109.22599975585938,111.05839973449707,108.46404975891113,0.008239710530097158,0.010709428808799331,0.031898654649312935,0.02172174863821271,-0.03162172952911202,-0.10425218343374854,0.48987003792340716,0.009357628606504685,0.003025547153657243,48.84124614717498,-2.0313884326048424,-1.8216175145417302,2.0764274597167978,42.72482500827519,1012464700.0,Bear / High Vol,0.001364723891614572,1
2024-01-05,102.52999877929688,103.72000122070312,102.29000091552734,102.7300033569336,6131500,0.001364723891614572,0.0013637935023511731,2024,1,1,4,105.60749969482421,109.2165998840332,110.92999977111816,108.53979976654053,0.007817676327358518,0.009095119494515596,0.03167446817975497,0.021715431136862258,-0.03312938017003675,-0.08301343857625676,0.4429460045100088,0.013919986940984225,-0.0005848285479623365,58.220131969923926,-2.0637213630071045,-1.8700382842348051,1.9557135445731058,44.57677030267303,1018596200.0,Bear / High Vol,0.018787114203335786,1
2024-01-08,102.94000244140624,104.7699966430664,102.12999725341795,104.66000366210938,7038700,0.018787114203335786,0.018612816029177092,2024,1,1,0,105.19699974060059,109.28119995117187,110.80369979858398,108.62359977722168,0.013711645605645957,0.009624254798791039,0.031985726551946966,0.02186295707000465,-0.007303392211302162,-0.07273853889155935,0.5079951847019019,0.0252245298803121,0.0020441845382113337,54.91204097054457,-1.9115751005104613,-1.8783456474899363,1.8135708400181412,56.37076498667798,1025634900.0,Bear / High Vol,-0.009841452060490585,0
2024-01-09,103.8499984741211,104.4800033569336,103.29000091552734,103.62999725341795,6725200,-0.009841452060490585,-0.00989019924220513,2024,1,1,1,104.6979995727539,109.34579986572265,110.68659980773926,108.70284976959229,0.013103552406296272,0.009857191146404263,0.03193125636317333,0.021889218996950458,-0.004132234434598092,-0.08784440897207668,0.48717782475956045,0.01148318510996584,-0.00773939575430697,44.72670141692972,-1.8527536100681345,-1.8732272400055758,1.6792853219168578,36.48647255406466,1018909700.0,Bear / High Vol,0.0027984263554325928,1
2024-01-10,103.08999633789062,104.06999969482422,102.72000122070312,103.91999816894533,7270500,0.0027984263554325928,0.002794518050104455,2024,1,1,2,104.13749961853027,109.40439987182617,110.57699981689453,108.78239974975585,0.010244148710300395,0.009974220383302418,0.03171386307505249,0.021872503809922048,0.014249454397017747,-0.0973681868488,0.5511829528638316,0.01299074767039899,-0.0052108552527199755,40.31586838119847,-1.7624204193368485,-1.8510658758718306,1.6657142639160196,42.084945496964025,1026180200.0,Bear / High Vol,0.008179354206100165,1
2024-01-11,104.3499984741211,104.83999633789062,103.54000091552734,104.7699966430664,6119000,0.008179354206100165,0.008146084581396672,2024,1,1,3,104.3354995727539,109.46679977416993,110.46009979248046,108.85554973602295,0.010437529975290466,0.010488945711446776,0.0145934985199923,0.021892636352213595,0.021249638200548704,0.039281809149642744,0.5765383109660527,0.012408088804203602,0.004137801315938294,52.87567341092006,-1.6037558426877183,-1.8016038692350083,1.6014284406389538,58.49418148237061,1032299200.0,Bear / Normal,0.017466850144981727,1
2024-01-12,105.0999984741211,106.6999969482422,104.97000122070312,106.5999984741211,9696700,0.017466850144981727,0.01731605809379105,2024,1,1,4,104.51599960327148,109.53079971313477,110.36019981384277,108.93929973602295,0.0117263263445849,0.012001791913902621,0.01432682907688265,0.02200961157537559,0.03767151748006148,0.03505195344432099,1.0070758170735634,0.016228853211091385,0.0031497741875371795,53.39448513843147,-1.3151865172780504,-1.7043203988436169,1.612142835344591,93.82240007776656,1041995900.0,Bear / Normal,-0.0002814144439613475,0
2024-01-16,106.41000366210938,106.66000366210938,105.41999816894533,106.56999969482422,7547200,-0.0002814144439613475,-0.0002814540484363377,2024,1,1,1,104.82899971008301,109.54719970703125,110.26049980163575,109.01904972076416,0.010119533627295918,0.011669146084504532,0.012764960338896885,0.02198978833135204,0.01824953149133446,0.06240656254202204,0.8515718175222591,0.011635596290841236,-0.0017823153351905828,51.74694338040399,-1.0765046234420055,-1.5787572437632948,1.627143314906533,93.2432730984322,1034448700.0,Bear / Normal,-0.0013136848085703035,0
2024-01-17,106.45999908447266,107.5,105.68000030517578,106.43000030517578,7771500,-0.0013136848085703035,-0.0013145484489087598,2024,1,1,2,104.98449974060058,109.53839965820312,110.1463998413086,109.09864971160889,0.00770469618623504,0.010636311764248667,0.011104567585220602,0.021990140513100623,0.02701923309821841,0.030100664145737088,1.00389661473118,0.017100438688392172,-0.0010321911482271018,51.11939209717797,-0.8884033231897916,-1.4406864596485942,1.663571493966243,81.42362329878478,1026677200.0,Bear / Normal,0.021328541168443627,1
2024-01-18,106.98999786376952,108.87999725341795,106.62000274658205,108.6999969482422,10362300,0.021328541168443627,0.021104271131776636,2024,1,1,3,105.1694995880127,109.5513995361328,110.10429977416992,109.17754970550537,0.010208352712266298,0.010180182511474498,0.011508602503448982,0.020705492202915374,0.04599690977212978,0.03523806617373526,1.366013713790051,0.0207911184018893,0.005261651385774755,60.831998888528304,-0.5498239019134985,-1.2625139481015752,1.7835709708077618,97.47898710696366,1037039500.0,Bear / Normal,0.008923654534829462,1
2024-01-19,109.31999969482422,110.22000122070312,109.0199966430664,109.66999816894533,11121300,0.008923654534829462,0.008884074023963098,2024,1,1,4,105.34049949645996,109.56259948730468,110.04039978027343,109.25629970550537,0.010197431105071835,0.010074170102740757,0.01138947352880854,0.02061757450196009,0.04676912935840205,0.032188218060661855,1.4563471043752745,0.010941958581855048,0.005703797276804277,62.76117847874533,-0.20091031035131834,-1.050193220551524,1.8185713631766214,93.51411752321899,1048160800.0,Bear / Normal,0.0039208563176353906,1
2024-01-22,110.05999755859376,110.69000244140624,109.2699966430664,110.0999984741211,7485300,0.0039208563176353906,0.0039131897935292415,2024,1,1,0,105.63799934387207,109.58479949951172,109.97299980163574,109.33679969787597,0.009212108247360448,0.009954309693732758,0.010216987617720105,0.020607344394318168,0.03283302110787245,0.05712911052395664,0.9916143390827438,0.012897418873930326,0.003556117408223606,67.94771200435358,0.1090466339960443,-0.8183452496420104,1.7671432495117199,93.40778027355003,1055646100.0,Bear / Normal,0.015713018900179287,1
2024-01-23,110.29000091552734,112.68000030517578,109.55999755859376,111.83000183105467,9185900,0.015713018900179287,0.01559084754404507,2024,1,1,1,105.93649940490722,109.57479949951171,109.8847998046875,109.42149971008301,0.009037156426325285,0.009590566204049545,0.010168703758014716,0.020545280848490288,0.04935725017634507,0.05639525020104075,1.208751370979256,0.02789951440129197,0.0017257261039009906,79.05758505027848,0.4886536629239089,-0.5569454671288265,1.7764293125697534,92.23036303077967,1064832000.0,Bear / Normal,0.02217647936092959,1
2024-01-24,113.41999816894533,115.41999816894533,113.33000183105467,114.30999755859376,11702700,0.02217647936092959,0.0219341572662689,2024,1,1,2,106.34199943542481,109.61739944458007,109.81669975280762,109.51344970703126,0.007905763120471001,0.008767841762252945,0.011055129675301428,0.020648880688762947,0.0740392486218453,0.0763653563408675,1.4812203705613987,0.018283583085716974,0.014217976498763848,91.57891975326811,0.9783322916263728,-0.24988991537778665,1.8671433585030681,91.64785151327797,1076534700.0,Bear / Normal,0.006036238790509518,1
2024-01-25,114.88999938964844,116.18000030517578,114.3499984741211,115.0,8877200,0.006036238790509518,0.0060180936833292495,2024,1,1,3,106.78249931335449,109.6559994506836,109.76279975891113,109.6196496963501,0.00750939234628037,0.008533465719019482,0.011028063296741684,0.020649348731224804,0.05795771139494654,0.08296447270028984,1.1019084047637815,0.015913059400475542,0.005073937918311757,91.89734274754807,1.4058774827546898,0.08126356424870865,1.9321436200823083,91.60142313970424,1085411900.0,Bear / Normal,-0.0031304400900136198,0
2024-01-26,114.63999938964844,115.4800033569336,114.2699966430664,114.63999938964844,5541800,-0.0031304400900136198,-0.0031353501674052523,2024,1,1,4,107.21749916076661,109.66579940795899,109.69989974975586,109.72299968719483,0.010004964706851697,0.009525088905472143,0.011053125860213066,0.020654155717414708,0.0453177833836278,0.08212192512506356,0.6882577768670225,0.010554838802419312,-0.003130440090013587,89.62072839113237,1.696109393123436,0.4042327300236541,1.9164297921316944,89.03914177203917,1079870100.0,Bear / Normal,-0.0077634280738561046,0
2024-01-29,114.19000244140624,114.58999633789062,113.01000213623048,113.75,7014400,-0.0077634280738561046,-0.007793720364785101,2024,1,1,0,107.59249916076661,109.61879943847656,109.59759971618652,109.82224967956543,0.01251979409486039,0.010362610857948758,0.01136250434633944,0.02059860072482341,0.03315169460912237,0.07058823529411762,0.8640349634586034,0.013890058915693556,-0.003925304872976427,82.48746522055424,1.833173082208205,0.6900208004605644,1.8442867824009446,81.94650467711391,1072855700.0,Bear / Normal,0.0036044277987636875,1
2024-01-30,113.36000061035156,114.4000015258789,112.62999725341795,114.16000366210938,8231900,0.0036044277987636875,0.0035979474162642663,2024,1,1,1,108.02899932861328,109.62079956054687,109.49589973449707,109.91529968261719,0.011442662226166874,0.01014815899837879,0.01105322945913775,0.020416631311196403,0.02083521231247687,0.08280378764738572,1.005739209583472,0.015504591938344782,-0.0034285660628434068,89.37922305731519,1.9523751469048989,0.9424916697494313,1.8728583199637245,84.99259449878672,1081087600.0,Bear / Normal,-0.02154876169370401,0
2024-01-31,113.80999755859376,114.2699966430664,111.66999816894533,111.6999969482422,7386700,-0.02154876169370401,-0.021784326493188233,2024,1,1,2,108.4109992980957,109.56139953613281,109.36199974060058,109.99524967193604,0.010952873753745181,0.013456901282092181,0.011881688471086005,0.02059472215660439,-0.022832653889382826,0.07341917709873602,0.9148312843640724,0.023276620816075996,-0.003065925825927252,75.0321573402198,1.8272779366931928,1.1194489231381837,1.9621440342494378,64.5569337558474,1073700900.0,Bear / Normal,0.03428828948696716,1
2024-02-01,112.91000366210938,115.77999877929688,112.5500030517578,115.52999877929688,7882200,0.03428828948696716,0.03371354717467755,2024,2,1,3,109.06449928283692,109.56479949951172,109.25409973144531,110.09494968414306,0.02071930021894324,0.015656370329392683,0.012853682203652883,0.02100229061287501,0.004608685037364113,0.12756197356637422,0.9858030207429854,0.027958069433632646,0.010832647689577353,79.04966312454818,2.0139708333158097,1.298353305173709,2.160715920584537,94.20159162386334,1081583100.0,Bear / Normal,0.002250516220701826,1
2024-02-02,115.81999969482422,116.48999786376952,115.16000366210938,115.79000091552734,6499400,0.002250516220701826,0.002247987602159388,2024,2,1,4,109.72449951171875,109.54219955444336,109.14489974975587,110.1915496826172,0.02058458867243599,0.015670632488303252,0.012836127970799438,0.020973299225392424,0.010031416015366279,0.12866756066703777,0.8145050422516501,0.011486261258693805,0.0025101784695882147,77.109132221138,2.1580298733511825,1.470288618809204,2.1178583417619907,93.67663082620085,1088082500.0,Bull / Normal,0.005181781409249853,1
2024-02-05,115.52999877929688,116.72000122070312,114.7699966430664,116.38999938964844,8084500,0.005181781409249853,0.005168402178891638,2024,2,1,0,110.40749931335449,109.54839950561524,109.21269973754883,110.29444969177246,0.01982348017256541,0.015661095049887264,0.012789557951499142,0.02097720773073115,0.023208785843063184,0.1329698781888815,1.0009013001998213,0.016754056086112062,-0.002245462770314243,78.02509424603828,2.2941668357207305,1.6350642621915092,2.1685725620814673,97.01085322746167,1096167000.0,Bull / Normal,-0.00936503431228286,0
2024-02-06,116.73999786376952,116.9499969482422,114.9800033569336,115.3000030517578,4637500,-0.00936503431228286,-0.009409161966873886,2024,2,1,1,110.93949928283692,109.529599609375,109.2472998046875,110.39679969787598,0.020834455411374304,0.015882452003208945,0.012896157744465371,0.020662890384535646,0.009985978916246196,0.10166251688657724,0.5828084391918725,0.017085806931195692,0.003007118102555879,74.0119071370535,2.2877312227515034,1.7655976543035081,2.179286411830352,84.02715563751983,1091529500.0,Bull / Normal,0.017085806931195657,1
2024-02-07,115.8000030517578,117.58999633789062,115.3000030517578,117.2699966430664,7672900,0.017085806931195657,0.016941486104301406,2024,2,1,2,111.62149925231934,109.54999954223632,109.28339973449707,110.50739967346192,0.016570618074092058,0.015275663575910424,0.012676450552244343,0.020769374155702732,0.04986571035812237,0.13162211474630303,0.9585679136040837,0.01952752922047792,0.004336513328412937,73.5828204733078,2.4137685506691753,1.8952318335766416,2.1678575788225416,96.26604776873586,1099202400.0,Bull / Normal,-0.005031093670842313,0
2024-02-08,117.08999633789062,117.79000091552734,115.97000122070312,116.68000030517578,4472800,-0.005031093670842313,-0.0050437922322777535,2024,2,1,3,112.25949935913086,109.55419952392577,109.31109970092774,110.61359966278076,0.010202516473262967,0.015404565090411356,0.012908324525434283,0.02076306918726044,0.009954137782653527,0.12278678176539426,0.5687213433257128,0.015598214690298436,-0.0015349220630034338,69.70208481021504,2.4379431760644508,2.0037741020742033,2.189285823277063,86.97183035530395,1094729600.0,Bull / Normal,-0.00034282580924516193,0
2024-02-09,117.05999755859376,117.33999633789062,115.7300033569336,116.63999938964844,5787100,-0.00034282580924516193,-0.00034288458744707786,2024,2,1,4,112.85299949645996,109.56219955444335,109.35539970397949,110.72649967193604,0.010253936928835711,0.015335379008691832,0.012969155894406843,0.020731226073719917,0.007340862487264399,0.11329582062526078,0.7373919558515379,0.013803094902107097,0.003256747106822957,68.7931044310555,2.4259096251945778,2.0882012066982782,2.2028563363211484,86.02671862934227,1088942500.0,Bull / Normal,-0.006858736762208939,0
2024-02-12,116.26000213623048,117.0999984741211,115.37999725341795,115.83999633789062,5439600,-0.006858736762208939,-0.006882366003674612,2024,2,1,0,113.31499938964843,109.55479949951172,109.38609970092773,110.83714965820313,0.010583347183520138,0.01527500603256571,0.012924437611941801,0.02063845381692248,-0.004725518125629713,0.08667915568509788,0.712436200183099,0.014848077305580304,-0.003257863986680358,62.17363148035261,2.325018028501674,2.1355645710589575,2.1028562273298,68.13719440361716,1083502900.0,Bull / Normal,-0.01864637518128376,0
2024-02-13,113.79000091552734,114.20999908447266,113.0,113.68000030517578,8171700,-0.01864637518128376,-0.01882241055053128,2024,2,1,1,113.67049942016601,109.50419952392578,109.39419967651367,110.93034965515136,0.012981074691116508,0.016569206399784396,0.013879929294683385,0.020654593200861358,-0.014050327005237007,0.06671671793855571,1.0659061219458588,0.010643904655387,-0.01769678424698585,48.04954429134737,2.0471685979587306,2.1178853764389123,2.0492847987583693,32.84315742101632,1075331200.0,Bull / Normal,0.005102056909726205,1
2024-02-14,114.31999969482422,114.72000122070312,113.52999877929688,114.26000213623048,5946100,0.005102056909726205,0.00508908551917844,2024,2,1,2,114.06199951171875,109.4461994934082,109.44249969482422,111.028049659729,0.008850134351060175,0.01482273338972837,0.013841153041105135,0.020653571366565697,-0.025667217472491455,0.07356949928218626,0.7849465985229365,0.010414864512145098,0.005629832758007995,47.69327362365306,1.8524186933387483,2.0647920398188795,2.000713348388672,42.32030726998705,1081277300.0,Bull / Normal,-0.012952943543349638,0
2024-02-15,114.25,114.30999755859376,112.56999969482422,112.77999877929688,8455600,-0.012952943543349638,-0.013037564437258946,2024,2,1,3,114.26599960327148,109.3861994934082,109.47999969482422,111.11759963989257,0.009507032726522592,0.010381213343329556,0.01365762083981752,0.020707539588497064,-0.03342476444702158,0.037534516518867855,1.1304534996116222,0.015428248648721908,-8.753838651742335e-05,44.580418958596766,1.5606637288430676,1.9639663776237173,2.038569859095983,18.13725673524373,1072821700.0,Bull / Normal,-0.013034236891417361,0
2024-02-16,113.0199966430664,113.11000061035156,111.25,111.30999755859376,8931100,-0.013034236891417361,-0.013119927983541876,2024,2,1,4,114.3479995727539,109.32179946899414,109.51009963989257,111.20014961242676,0.009055659149092269,0.010746147604540367,0.013945545892786612,0.020694050955241638,-0.04569617505954571,0.014953947451718186,1.2117655678450867,0.016710094790653957,0.002128017967434026,43.12288138144471,1.1970303831696185,1.8105791787328975,2.0549986703055265,0.9173937338650417,1063890600.0,Bull / Normal,-0.025694013773076008,0
2024-02-20,110.54000091552734,110.7699966430664,107.68000030517578,108.4499969482422,10975600,-0.025694013773076008,-0.02602987043862351,2024,2,1,1,114.26549949645997,109.25019943237305,109.54579963684083,111.26849960327148,0.011409395448719073,0.012189889441369596,0.01512310559475717,0.020930524811878407,-0.0637948862506239,-0.014986390088522317,1.4547170348987088,0.02849235984179259,-0.006917587458045653,35.85932138830029,0.6703428940450635,1.5825319217953309,2.1878553118024575,7.616187898920857,1052915000.0,Bull / Normal,-0.002673981505700085,0
2024-02-21,106.76000213623048,108.37999725341795,106.51000213623048,108.16000366210938,7867600,-0.002673981505700085,-0.0026775629802022615,2024,2,1,2,114.08199958801269,109.1559994506836,109.5811996459961,111.33444961547852,0.01168181964605841,0.012227624698813612,0.014626997753067647,0.020929567364035104,-0.04855732431604409,-0.03281765276629156,1.051970070544945,0.017289155453704633,-0.015583170673746255,40.17759310661343,0.22692339804179085,1.311410217044623,2.1407121930803603,14.627674684746243,1045047400.0,Bull / Normal,0.02634983707123828,1
2024-02-22,111.48999786376952,111.88999938964844,109.66000366210938,111.01000213623048,8957800,0.02634983707123828,0.026008660435228544,2024,2,1,3,113.91699981689453,109.10399948120117,109.6297996520996,111.40464962005615,0.019637061349839297,0.014361417396102093,0.015008328275231101,0.021224665496724176,-0.028443899345678925,-0.02886882593687179,1.2201302836205634,0.020088241461363378,0.03078766724216288,36.737087888102224,0.10427924499997232,1.0699840226356927,2.1157117571149593,39.89362133849901,1054005200.0,Bull / Normal,0.008467658714736093,1
2024-02-23,112.0,113.37000274658205,111.70999908447266,111.9499969482422,7504500,0.008467658714736093,0.008432009196614782,2024,2,1,4,113.76449966430664,109.04039947509766,109.69009963989258,111.48044960021973,0.01996601649895113,0.015017098851409496,0.015081039844086486,0.021254368273451174,-0.007359477212612209,-0.02652176566745912,1.0318243815515933,0.014828081352042001,0.008918096069889275,39.16476110967362,0.08198749477156753,0.8723847170628677,2.189283643450061,48.22690958084324,1061509700.0,Bull / Normal,-0.008753870069260983,0
2024-02-26,112.0,112.54000091552734,110.93000030517578,110.97000122070312,6342900,-0.008753870069260983,-0.008792410271985567,2024,2,1,0,113.58099975585938,109.24359954833984,109.73269966125488,111.554599609375,0.019422383324579996,0.015023286013527232,0.015170384225473869,0.021280742539153217,-0.003054499553929668,-0.03201324309564413,0.8673345553421636,0.014508431041191993,0.00044665523109318334,35.02760917214641,-0.014588179481975772,0.6949901377538991,2.1649976457868356,39.53900325466752,1055166800.0,Bull / Normal,0.003694656467556623,1
2024-02-27,110.62000274658205,111.51000213623048,109.79000091552734,111.37999725341795,6593100,0.003694656467556623,0.0036878479891892866,2024,2,1,1,113.46249961853027,109.41139953613282,109.80129966735839,111.62389961242675,0.013385945930678626,0.01523716790681101,0.015138386020534658,0.02128774413008217,0.027017062126558633,-0.020835188980941055,0.9041515188500322,0.015442640178825798,-0.003153991802027502,38.748532259201866,-0.05738039824488794,0.5445160305541417,2.147141047886445,43.173720250092465,1061759900.0,Bull / Normal,0.002693509240041081,1
2024-02-28,111.26000213623048,112.0199966430664,111.0999984741211,111.68000030517578,5278300,0.002693509240041081,0.002689888244693571,2024,2,1,2,113.3384994506836,109.63879959106445,109.84729965209961,111.69509960174561,0.01277621935559974,0.014400447526226412,0.01512534640208302,0.02129159853369687,0.03254434655959182,-0.021723924994553334,0.7388075892138543,0.008237805931512658,-0.001077348896987778,32.2539626871384,-0.0663212903178163,0.4223485663797501,2.0492842538016225,45.83332206058599,1067038200.0,Bull / Normal,0.0,0
2024-02-29,111.68000030517578,112.44000244140624,110.63999938964844,111.68000030517578,12193900,0.0,0.0,2024,2,1,3,113.33749961853027,109.80599960327149,109.88059967041016,111.76424961090088,0.006359838723442674,0.014222742553660996,0.014330349756864851,0.021261747782394678,0.006035475687344638,-0.00017902098131372668,1.6512361352036844,0.016117505791897618,0.0,33.50922221383463,-0.07257046455936234,0.32336476019192767,2.047855922154021,47.7377741176702,1067038200.0,Bull / Normal,0.018803711214028018,1
2024-03-01,111.68000030517578,113.94000244140624,111.5199966430664,113.77999877929688,7603700,0.018803711214028018,0.01862910684722119,2024,3,1,4,113.24999961853027,109.98159957885743,109.9187996673584,111.84684959411621,0.009963353617053843,0.01507258582531422,0.012712303501290635,0.02135472502893862,0.016346600097727038,-0.015147580875016886,1.031599754978608,0.021269167026746073,0.0,41.695694129260325,0.09088171839563586,0.27686815183266933,2.1057139805385066,68.64966154005754,1074641900.0,Bull / Normal,0.0024608787335287374,1
2024-03-04,113.58000183105467,114.5999984741211,113.38999938964844,114.05999755859376,6588100,0.0024608787335287374,0.0024578557299392728,2024,3,1,0,113.16349945068359,110.1377995300293,109.9561996459961,111.92589958190918,0.007543307943740815,0.014244939881672273,0.012714947951449186,0.021310239195682805,0.027845330304584692,-0.014940870051427635,0.8932750480663628,0.01060844389244413,-0.0017577513656872412,44.67065649412954,0.2402429413567546,0.2695431097374864,2.0692852565220434,91.96097764057478,1081230000.0,Bull / Normal,-0.027353981974133856,0
2024-03-05,112.81999969482422,113.1999969482422,110.37000274658205,110.94000244140624,8242000,-0.027353981974133856,-0.027735067690179492,2024,3,1,1,112.89099960327148,110.27359954833985,109.96849967956543,111.98174961090088,0.01667951136461401,0.014615299250716762,0.013947688974874705,0.02141856572671294,-0.003950393453598489,-0.046825302661930523,1.1163340035581284,0.025509231470901023,-0.010871452659224774,42.242353208518146,0.10563753186281133,0.23676199416255142,2.1299994332449788,53.9585968231604,1072988000.0,Bull / Normal,0.011988409702466063,1
2024-03-06,111.5,113.0500030517578,110.66999816894533,112.2699966430664,6706400,0.011988409702466063,0.011917117936513436,2024,3,1,2,112.73949928283692,110.40179946899414,109.99479965209962,112.03139961242675,0.017639714387491057,0.014787645737619924,0.014193720953910994,0.021452763602268915,0.005282918483868304,-0.02627932635293373,0.8957943188709337,0.021198939645282838,0.005047751453670023,44.59530582271598,0.10507001023374585,0.2104235973767903,2.2149996076311376,71.19897545389726,1079694400.0,Bull / Normal,0.020219153294159575,1
2024-03-07,113.94000244140624,114.8000030517578,112.29000091552734,114.54000091552734,7670100,0.020219153294159575,0.020017460388642955,2024,3,1,3,112.60299949645996,110.56859954833985,110.04909965515137,112.08989963531494,0.019519094276923513,0.013847724452792849,0.014422039074987599,0.021593978013921822,0.02560888791669358,-0.02327957538745673,1.0245378285958537,0.021913760399579253,0.014874907350796345,54.5833450887097,0.2845109536525001,0.22524106863193227,2.2714287894112695,96.86366577181596,1087364500.0,Bull / Normal,-0.01850884171151268,0
2024-03-08,114.06999969482422,114.33000183105467,111.54000091552734,112.41999816894533,8304100,-0.01850884171151268,-0.0186822736724859,2024,3,1,4,112.38999938964844,110.69319946289062,110.09079963684081,112.14314964294434,0.020151592772892843,0.015267159080322024,0.0149226618029366,0.021660845900563053,-0.011952897037638355,-0.036510131342890384,1.0815496033128569,0.024817656653351856,-0.004103380626387008,52.79597474955568,0.25273926909765976,0.23074070872507776,2.3528573172433007,71.29065597140428,1079060400.0,Bull / Normal,0.015210808684615218,1
2024-03-11,111.61000061035156,114.75,111.18000030517578,114.12999725341795,20438300,0.015210808684615218,0.01509628421382138,2024,3,1,0,112.26449928283691,110.85699935913085,110.14499961853028,112.2210996246338,0.021646237741214006,0.015527577034624098,0.015397686258082455,0.014357134421568902,0.0006137094189242465,-0.02151922281691332,2.4300861123413817,0.031280117241195365,-0.007205102044001957,65.18718765847832,0.36137688743457375,0.25686794446697697,2.348571777343746,91.91790441078346,1099498700.0,Bull / High Vol,0.11749762538181252,1
2024-03-12,126.26000213623048,129.3699951171875,124.5999984741211,127.54000091552734,48536100,0.11749762538181252,0.11109192256535379,2024,3,1,1,112.84949951171875,111.2827993774414,110.32999961853028,112.3671996307373,0.05158769958092586,0.03944346504555095,0.030549730910327696,0.020555821447083872,0.1496304138165898,0.10100142392537093,4.593894191863024,0.03740000477360576,0.10628235498752069,80.45255614812729,1.512117457326255,0.5079178470388326,3.298571995326448,90.71539830024294,1148034800.0,Bull / High Vol,-0.01583820180304718,0
2024-03-13,128.0,128.8000030517578,124.83000183105467,125.5199966430664,15870300,-0.01583820180304718,-0.01596496638491621,2024,3,1,2,113.44149932861328,111.68459930419922,110.50269958496094,112.473349609375,0.05528795441420627,0.040471364831503064,0.03044041014053932,0.020346643348121023,0.11801906472060364,0.10415197313604829,1.4493054058891646,0.03162843631993068,0.00360670441563917,73.41077618466139,2.2353227771610165,0.8533988330632694,3.3157152448381675,80.3370806218387,1132164500.0,Bull / High Vol,7.968559988813517e-05,1
2024-03-14,127.2300033569336,127.8000030517578,124.94000244140624,125.52999877929688,10965900,7.968559988813517e-05,7.968242515937273e-05,2024,3,1,3,114.0049991607666,112.11399932861327,110.674599609375,112.58059959411621,0.05633019568595575,0.04046864933505141,0.03046356493527782,0.020061604895369532,0.09594899402763746,0.09863466158200618,0.9789872041295318,0.022783403474574478,0.013623380812619282,72.58816189952137,2.7772607590993914,1.2381712182704938,3.3514295305524535,80.38816407021694,1143130400.0,Bull / High Vol,7.967925059926273e-05,1
2024-03-15,124.04000091552734,126.01000213623048,123.55999755859376,125.54000091552734,17841600,7.967925059926273e-05,7.967607637638672e-05,2024,3,1,4,114.64299926757812,112.57559936523438,110.91149963378906,112.68254959106446,0.053732524335847395,0.04057533779141344,0.03019453994600309,0.019994999095800936,0.1167052389279104,0.1131406479370598,1.528768517733067,0.019515728530902787,-0.011869655685962375,75.04296615292617,3.17100424004272,1.6247378226249392,3.4114298139299644,80.4392475185952,1160972000.0,Bull / High Vol,0.01800224724987176,1
2024-03-18,127.1999969482422,128.9499969482422,126.87999725341795,127.8000030517578,12231400,0.01800224724987176,0.017842125640503245,2024,3,1,0,115.46749954223633,113.07979949951172,111.15289962768554,112.79184959411621,0.05364051195947547,0.04052725980291603,0.029973202620119762,0.020055545365912045,0.11977574807074176,0.14814487337027993,1.033442791378711,0.016197180323899545,0.013222845472430949,76.53523020963071,3.6236409925033968,2.0245184566006307,3.5321437290736575,91.73688054812797,1173203400.0,Bull / High Vol,0.010876364291521279,1
2024-03-19,127.75,129.2100067138672,126.48999786376952,129.19000244140625,10221000,0.010876364291521279,0.010817642047402418,2024,3,1,1,116.50449981689454,113.60899948120117,111.41279968261719,112.90784961700439,0.012829562846605979,0.03811965715205736,0.028950165164584093,0.019848037393605574,0.012937129638032063,0.19124025889149832,0.8663439243828646,0.021054329272354667,-0.0003912601765552973,77.33374747542835,4.047859014916014,2.4291865682637077,3.6607159205845403,99.05266974706942,1183424400.0,Bull / High Vol,0.0003870504745944192,1
2024-03-20,129.97999572753906,130.69000244140625,128.27000427246094,129.24000549316406,8373300,0.0003870504745944192,0.00038697558988163,2024,3,1,2,117.55849990844726,114.10059951782226,111.69089973449707,113.02459964752197,0.008206282222732402,0.03842926330819475,0.028892316444505746,0.01978285732139281,0.02963678258115343,0.19489646003441696,0.7082128774589491,0.018724838022955007,0.006114972298193985,77.36907732156007,4.338082962360517,2.81096584708307,3.7050012860979344,92.86418813967049,1191797700.0,Bull / High Vol,-0.0017797197195282832,0
2024-03-21,130.52000427246094,132.77000427246094,128.9499969482422,129.00999450683594,17842400,-0.0017797197195282832,-0.0017813053022094402,2024,3,1,3,118.45849952697753,114.60819946289062,111.97699966430665,113.13499961853027,0.008569233733613622,0.03871322463927646,0.028703617201287602,0.019794649786970566,0.02772242301744532,0.16214748242699817,1.4544600839462738,0.029610165776856434,0.009904044606099761,75.20685973238294,4.497681099342316,3.1483088975349194,3.8050013950892856,83.21424326118446,1173955300.0,Bull / High Vol,-0.009456581995621605,0
2024-03-22,129.00999450683594,129.2100067138672,127.5500030517578,127.79000091552734,6655800,-0.009456581995621605,-0.009501579372754618,2024,3,1,4,119.2504997253418,115.08559951782226,112.24499969482422,113.2384496307373,0.010840996184228088,0.03800431286633304,0.028963976276592796,0.01985971848962663,0.017922574347549736,0.1414917766778363,0.5444446125889422,0.012990090384354067,0.0,72.03851678772044,4.4741453236043895,3.4134761827488136,3.8371445792061953,77.76784367099191,1167299500.0,Bull / High Vol,-0.013381321482288988,0
2024-03-25,127.66999816894533,127.66999816894533,126.0500030517578,126.08000183105467,7446100,-0.013381321482288988,-0.013471658152395346,2024,3,1,0,120.00599975585938,115.51179962158203,112.48929969787598,113.34259963989258,0.009413185454970644,0.03892616215224373,0.029114664156202116,0.01996346331243189,-0.01345853818177567,0.13616293091950116,0.606355243994448,0.012848945857078093,-0.0009390620997126537,75.453915308136,4.268308018796461,3.584442549958343,3.6978590829031828,69.72850410053944,1159853400.0,Bull / High Vol,0.0030932692257654715,1
2024-03-26,126.75,126.94000244140624,125.83999633789062,126.47000122070312,7063900,0.0030932692257654715,0.0030884949114732023,2024,3,1,1,120.76049995422363,115.90919967651367,112.71999969482422,113.43754962921143,0.006928475890839757,0.010372556403894,0.029118332788879275,0.019963451309208066,-0.021054270216743554,0.13548217219786385,0.5741311409189236,0.008697763049721073,0.005314071694281178,74.65276352050677,4.089508850741723,3.685455810115019,3.6064305986676928,70.81981521956149,1166917300.0,Bull / High Vol,-0.009488452329043495,0
2024-03-27,127.33000183105467,127.81999969482422,124.47000122070312,125.2699966430664,8115900,-0.009488452329043495,-0.009533754485486814,2024,3,1,2,121.43999977111817,116.28319961547851,112.91519966125489,113.51464962005615,0.006687569085751682,0.009507539467752768,0.029334343825057622,0.01998100969526203,-0.03071811112161893,0.1216869296271017,0.6521144364054039,0.026742225304486056,0.006800036388477288,69.34725130205825,3.8070930821039752,3.7097832645128106,3.6650014604841,65.261666275008,1158801400.0,Bull / High Vol,0.0027141692056873445,1
2024-03-28,125.38999938964844,126.16999816894533,125.1999969482422,125.61000061035156,6587400,0.0027141692056873445,0.0027104924997475924,2024,3,1,3,122.13649978637696,116.66679962158203,113.10259963989257,113.56054962158203,0.00766162300820222,0.00955128072070306,0.02931068989022968,0.019869605287235848,-0.026354499970963285,0.1247313777499175,0.5414958582644415,0.007722324782977406,0.0009579528202906942,75.41423599412224,3.569564313956377,3.681739474401524,3.52000154767718,66.83648751080005,1165388800.0,Bull / High Vol,-0.0010349275757208787,0
2024-04-01,125.54000091552734,126.2699966430664,124.55999755859376,125.4800033569336,4133600,-0.0010349275757208787,-0.0010354634830464582,2024,4,2,0,122.72150001525878,117.00239974975585,113.27689964294433,113.60454963684082,0.0074430237636196935,0.009558105895813717,0.029200047174577186,0.019726541257543164,-0.018076512575664783,0.10283006418669105,0.34470551886578077,0.013627662087388312,-0.0005572780390421402,73.2868160945305,3.3324173293634516,3.6118750453939095,3.387144361223496,20.846953297536107,1161255200.0,Bull / High Vol,-0.009085168859935155,0
2024-04-02,124.51000213623048,124.93000030517578,123.43000030517578,124.33999633789062,4862400,-0.009085168859935155,-0.00912669068640785,2024,4,2,1,123.23549995422363,117.29579971313477,113.42919960021973,113.61489963531494,0.006174200263903358,0.007505073908621443,0.029372517226028926,0.0197921652697464,-0.013800804789768528,0.09012799403240312,0.4084197087036135,0.012063696671856014,-0.007730325109602508,36.77687227100052,3.0177014130850495,3.4930403189321377,2.4450018746512296,9.742994070476298,1156392800.0,Bull / High Vol,0.015280694722844324,1
2024-04-03,124.26000213623048,126.41000366210938,124.05999755859376,126.23999786376952,7430000,0.015280694722844324,0.01516512078677864,2024,4,2,2,124.0004997253418,117.61859970092773,113.60169960021973,113.613349609375,0.010173343180105869,0.008459839288480753,0.028455704078490903,0.01984943061366058,-0.0018186396355941437,0.13791234077576386,0.6262221023531791,0.018615384531704394,-0.0006433505228901562,53.005006858797856,2.8883064276027426,3.372093540666259,2.3292879377092635,30.08561418642002,1163822800.0,Bull / High Vol,-0.016238874026087258,0
2024-04-04,127.5999984741211,127.98999786376952,124.02999877929688,124.19000244140624,7588300,-0.016238874026087258,-0.016372169557007238,2024,4,2,3,124.59650001525878,117.86579971313476,113.72029960632324,113.60699962615966,0.011981100617281991,0.009453851473978585,0.02888385273900758,0.019910957686670352,-0.00862133176819202,0.10617267439881051,0.6371959783002538,0.03188661733331553,0.010773135562147316,45.22113241388914,2.5904810186448657,3.2157710362619802,2.4078592572893407,8.137064383403716,1156234500.0,Bull / High Vol,0.005717038976689404,1
2024-04-05,124.41999816894533,126.0,124.13999938964844,124.9000015258789,4898100,0.005717038976689404,0.0057007587297577605,2024,4,2,4,125.11450004577637,118.07759979248047,113.84749961853028,113.62129962921142,0.012326272671465948,0.009929275486929167,0.02867435252528321,0.019841510420337754,-0.005652408892784844,0.09044875613360626,0.4161408019085333,0.01489191823561488,0.0018519665272380087,47.82609146348417,2.384258975417623,3.0494686240931093,2.365716116768972,15.738764414362533,1161132600.0,Bull / High Vol,-0.004403547198066682,0
2024-04-08,125.0,125.12000274658205,123.76000213623048,124.3499984741211,6119200,-0.004403547198066682,-0.004413271369762596,2024,4,2,0,125.71100006103515,118.26459976196288,113.96029960632325,113.63254962921143,0.01241546050443788,0.009700766749300465,0.028243535953570636,0.019866376930023244,-0.009005457862462318,0.10611991193281556,0.524755489428482,0.010936876775552168,0.0008006282858241148,36.740968621005,2.151643068755561,2.8699035130256,2.2192878723144522,9.850083277991656,1155013400.0,Bull / High Vol,-0.009006796388667304,0
2024-04-09,124.3499984741211,124.75,121.23999786376952,123.2300033569336,5564900,-0.009006796388667304,-0.009047602787338373,2024,4,2,1,126.16600036621094,118.4363998413086,114.05109962463379,113.64579963684082,0.01240392246268313,0.009253011705881914,0.02832033841578695,0.019916933417559183,-0.008927079086769929,0.07973369247797035,0.5097285246093843,0.028483340425333122,0.0,26.60913286690679,1.8555296502702703,2.6670287404745343,2.2757159641810816,17.25936155303429,1149448500.0,Bull / High Vol,-0.012010089398819424,0
2024-04-10,121.3499984741211,123.08000183105467,121.31999969482422,121.75,4509900,-0.012010089398819424,-0.012082793228536396,2024,4,2,2,125.87650032043457,118.5963998413086,114.10759963989258,113.66134963989258,0.008407914344190998,0.009513761394021906,0.00980541416455654,0.01991496267795146,-0.035567157317404674,-0.04539752919840567,0.5174235636014856,0.01445586970209819,-0.015256064526486281,23.570930149917245,1.4843233748324423,2.430487667346116,2.239287785121372,4.423259781070363,1144938600.0,Bull / Normal,0.01223817547243966,1
2024-04-11,121.72000122070312,123.81999969482422,121.36000061035156,123.23999786376952,7315200,0.01223817547243966,0.012163894431862695,2024,4,2,3,125.76250038146972,118.7779997253418,114.19939964294434,113.69364963531494,0.010198865530979965,0.01048986452854415,0.009771107145497171,0.019951900336709794,-0.007649605918036206,-0.018164426707087844,0.8825919381683732,0.019961044523807595,-0.0002463965445328542,31.302668409115498,1.295437109706569,2.203477555818207,2.142144339425222,25.094075020700767,1152253800.0,Bull / Normal,-0.017283327574968532,0
2024-04-12,121.73999786376952,121.83999633789062,120.41999816894533,121.11000061035156,6189600,-0.017283327574968532,-0.01743442782195632,2024,4,2,4,125.54150047302247,118.96619979858399,114.2637996673584,113.70999965667724,0.01126512130966867,0.01144252621125933,0.010431249033485846,0.020111052138993522,-0.030344282379708876,-0.035210692359811335,0.768942170321138,0.011724863031863677,-0.01217137314184403,29.559367554163316,0.9627721682702486,1.9553364783086153,2.225001198904851,9.114959963314249,1146064200.0,Bull / Normal,-0.010156084144454014,0
2024-04-15,122.18000030517578,122.47000122070312,119.44000244140624,119.87999725341795,5101500,-0.010156084144454014,-0.010208009035238023,2024,4,2,0,125.258500289917,119.0531997680664,114.30899963378906,113.72674964904785,0.011342911353802906,0.011579587715333848,0.010587254551394637,0.020017914553295157,-0.035946934262595986,-0.04508526064069296,0.6882298065631073,0.02527526567165065,0.008834940875499948,30.45396798061192,0.5930455541328854,1.6828782934734694,2.317144121442518,5.146140907407656,1140962700.0,Bull / Normal,0.0061728854697900015,1
2024-04-16,120.08999633789062,121.44000244140624,119.75,120.62000274658205,7000000,0.0061728854697900015,0.006153911256008997,2024,4,2,1,124.89950027465821,119.1497998046875,114.34599967956542,113.74094966888428,0.012702912712149671,0.011908114898283433,0.00968853153950813,0.02000451962384071,-0.02117991186603907,-0.05618153469267073,0.9788943388442753,0.014010963380235246,0.001751744154854684,31.9556036464803,0.35564712878900195,1.417432060536576,2.3592867170061345,13.801180549049334,1147962700.0,Bull / Normal,-0.016166510804460854,0
2024-04-17,120.9800033569336,121.04000091552734,118.61000061035156,118.66999816894533,5366600,-0.016166510804460854,-0.016298614546131386,2024,4,2,2,124.37350006103516,119.19539978027343,114.37189964294434,113.73884967803956,0.013454894766378527,0.010637770974334536,0.009559382993013118,0.020135675115199328,-0.025297756312564035,-0.08143048280560439,0.7768443466862955,0.020476955782170785,0.0029845846638545982,30.542473784100068,0.010042332040981705,1.1359541148374572,2.293572562081469,0.6396330081216371,1142596100.0,Bull / Normal,-0.022499352912639048,0
2024-04-18,118.76000213623048,118.76000213623048,115.6999969482422,116.0,6662400,-0.022499352912639048,-0.022756325140880388,2024,4,2,3,123.71149978637695,119.20939971923828,114.36949966430664,113.73309967041016,0.011058510884036058,0.011452852590585719,0.010321531482327518,0.02028041375861616,-0.05874714369739498,-0.10244510159715503,0.976510627819648,0.026379355068864494,0.0007584391057040508,25.09073003266917,-0.4738364063189664,0.8139960106061725,2.442858559744695,2.4410335997515777,1135933700.0,Bull / Normal,-0.00965519609122456,0
2024-04-19,116.12000274658205,116.7699966430664,114.45999908447266,114.87999725341795,8250300,-0.00965519609122456,-0.009702109714720806,2024,4,2,4,123.00499992370605,119.1615997314453,114.35579963684081,113.72769966125489,0.010664230325245588,0.010594588932147882,0.010328831547407802,0.020127629721142362,-0.051440866365589866,-0.10952637667672538,1.3006823998845982,0.02010791794761313,0.001034506436052116,23.865880754301344,-0.9368887833218196,0.46381905182057415,2.485715593610488,3.104199607083225,1127683400.0,Bull / Normal,-0.003046644172083335,0
2024-04-22,116.02999877929688,116.33999633789062,114.33999633789062,114.52999877929688,7125500,-0.003046644172083335,-0.0030512946403890933,2024,4,2,0,122.34199981689453,119.11859970092773,114.33639961242676,113.72309967041015,0.011176672093372962,0.010658208397571436,0.010306618031670387,0.020117710247908167,-0.044627949588717075,-0.10376400376580086,1.1192107486955238,0.017462673721441897,0.010010459204156233,24.833261175748504,-1.3169224181306305,0.10767075783033325,2.4821439470563584,1.3919591220999237,1120557900.0,Bull / Normal,0.004889527325263376,1
2024-04-23,115.16999816894533,115.86000061035156,114.75,115.08999633789062,5494800,0.004889527325263376,0.004877612409617376,2024,4,2,1,121.79249954223633,119.08759963989257,114.32489959716797,113.72549964904785,0.010746454087007657,0.011412074923223586,0.010372588936629248,0.020122373217202512,-0.0458465120441901,-0.08716692047554453,0.8765069249757735,0.00964463155505481,0.0055880502616764355,19.283744935280566,-1.554989735108606,-0.22486134075745462,2.4092864990234353,5.494504880296775,1126052700.0,Bull / Normal,0.0021722131197747796,1
2024-04-24,115.37999725341795,115.7300033569336,113.87999725341795,115.33999633789062,5791800,0.0021722131197747796,0.002169857275835815,2024,4,2,2,121.2359992980957,119.07759963989258,114.31619956970215,113.73029964447022,0.010942873949081876,0.011566185366849476,0.010339099351778775,0.020096123267342995,-0.02806102538498334,-0.08800509824768243,0.9333528862904227,0.016039588713840536,0.002519775173820678,22.935771254505426,-1.703846012112919,-0.5206582750285476,2.2585727146693637,12.046194336749666,1131844500.0,Bull / Normal,-0.0039014822483947054,0
2024-04-25,113.62999725341795,114.98999786376952,112.77999877929688,114.88999938964844,6796600,-0.0039014822483947054,-0.0039091128839209245,2024,4,2,3,120.71699943542481,119.10179962158203,114.3029995727539,113.73034965515137,0.005660036343546536,0.009838868778769582,0.010273760080010522,0.02009933736242126,-0.009568970778892738,-0.08286100049155298,1.1070453895776544,0.019235782889835774,-0.014825725149697395,18.89372384064295,-1.836951444245443,-0.7839169088719267,2.3085724966866628,17.09886492699214,1125047900.0,Bull / Normal,0.020193225756368616,1
2024-04-26,117.04000091552734,119.20999908447266,116.1500015258789,117.20999908447266,8355100,0.020193225756368616,0.0199920463713016,2024,4,2,4,120.29699935913087,119.16079956054688,114.30349952697753,113.7362996673584,0.009726541135188532,0.012295269201548172,0.011561457461229482,0.020052738857625936,0.0202820498499392,-0.06687366837881104,1.3415834509513005,0.02610696683299541,0.018713565473938203,30.0112006000993,-1.7352312066510933,-0.97417976842776,2.520001002720424,37.00918841606902,1133403000.0,Bull / Normal,-0.006142831041097807,0
2024-04-29,116.98999786376952,117.30999755859376,115.29000091552734,116.48999786376952,4994100,-0.006142831041097807,-0.006161775850719613,2024,4,2,0,119.84749908447266,119.23499954223632,114.31059951782227,113.73149967193604,0.01036951030609726,0.012107037708296508,0.01156308434270817,0.019588857409965417,0.01711341225323526,-0.0716449255073065,0.7964036572598617,0.017340515753367317,-0.001876983383854354,30.698731668267428,-1.6931971440147322,-1.1179832435451544,2.413572038922991,33.60506138414055,1128408900.0,Bull / Normal,-0.023521314396226845,0
2024-04-30,115.08999633789062,115.5199966430664,113.69000244140624,113.75,6234700,-0.023521314396226845,-0.023802356242309215,2024,4,2,1,119.31799926757813,119.28379959106445,114.30279953002929,113.7038996887207,0.01576074394081325,0.013249750281468232,0.012344611842076272,0.01982688313075414,-0.011643030502464846,-0.08516966905091905,0.9834795872815064,0.016087861113496003,-0.012018212306228548,28.632480025822602,-1.859544108073095,-1.2662954164507427,2.477142878941127,8.78624221252423,1122174200.0,Bull / Normal,0.007736239590487415,1
2024-05-01,113.91000366210938,116.76000213623048,113.6500015258789,114.62999725341795,5583600,0.007736239590487415,0.007706468335445937,2024,5,2,2,118.73749923706055,119.40739959716797,114.32879951477051,113.68259967803955,0.0163360848440443,0.013321229677290497,0.011816555305948856,0.019841178412248035,-0.006155705800377498,-0.09196768699949098,0.8937892881668483,0.027130774534314533,0.0014066256009615385,26.22860209780964,-1.898482329121677,-1.3927327989849296,2.52357155936105,19.091826708070474,1127757800.0,Bear / Normal,0.0028788435746460728,1
2024-05-02,115.2300033569336,115.80999755859376,114.26000213623048,114.95999908447266,5001000,0.0028788435746460728,0.0028747076403862217,2024,5,2,3,118.27599906921387,119.54339950561524,114.34969947814942,113.65354969024658,0.016329637870190945,0.011576752823007548,0.011609325802116249,0.019806877039807366,0.0006092757872406818,-0.07432162956344546,0.8174580666569136,0.013482910879499432,0.005234285247247955,31.146537186854687,-1.8810294237152476,-1.4903921239309934,2.4328569684709853,22.497417501779406,1132758800.0,Bear / Normal,0.007306923921144959,1
2024-05-03,115.9800033569336,116.20999908447266,115.06999969482422,115.8000030517578,4485000,0.007306923921144959,0.0072803576856966794,2024,5,2,4,117.82099914550781,119.63919952392578,114.37159950256347,113.63909969329833,0.013085672718976957,0.011382615554633047,0.011683058402477608,0.019705009079012934,-0.012029656545758383,-0.0728582735224036,0.7355968174981835,0.009844554055312978,0.008872688592415854,37.18595252620569,-1.7789103987419992,-1.5480957788931946,2.3057141985212075,34.87301380338361,1137243800.0,Bear / Normal,0.02193431104658572,1
2024-05-06,116.33000183105467,118.36000061035156,116.18000030517578,118.33999633789062,6052400,0.02193431104658572,0.02169721481029901,2024,5,2,0,117.52049903869629,119.76699951171875,114.4036994934082,113.6513996887207,0.016602168857693264,0.01304995400255113,0.013009838999103397,0.01989553804609013,0.015881178711022015,-0.04833134065121225,0.993214358974359,0.01842150052929974,0.004576845987300946,43.566571012165234,-1.476009585424805,-1.5336785401995168,2.3678567068917453,67.3123017027585,1143296200.0,Bear / Normal,-0.0034645601267740966,0
2024-05-07,118.0,119.12999725341795,117.29000091552734,117.93000030517578,6437700,-0.0034645601267740966,-0.0034705756132386266,2024,5,2,1,117.2554988861084,119.90619949340821,114.57489952087403,113.65279968261719,0.009351115552752948,0.013207224398309913,0.012920274685592741,0.019901653140479626,0.0367472554301167,-0.043009031139976894,1.0489312232072592,0.015602444951489209,-0.002873046716343048,47.71323069320512,-1.2545797475675045,-1.4778587816731144,2.325713566371376,80.09333252649228,1136858500.0,Bear / Normal,-0.004578995286440679,0
2024-05-08,117.70999908447266,117.9800033569336,117.11000061035156,117.38999938964844,4636000,-0.004578995286440679,-0.004589510998567314,2024,5,2,2,117.03749885559083,120.02639953613281,114.71889953613281,113.64939968109131,0.010721793927703085,0.013398103099618142,0.012726169669706217,0.0198897909019909,0.02407748584455449,-0.03581109330884236,0.7545947512042834,0.007411216893308451,-0.0018655237864310381,54.946621342774606,-1.1098746228772995,-1.4042619499139515,2.1692848205566437,71.69518493865041,1132222500.0,Bear / Normal,-0.00638895991055044,0
2024-05-09,117.38999938964844,117.7300033569336,116.5,116.63999938964844,3236200,-0.00638895991055044,-0.006409456663514836,2024,5,2,3,116.70749893188477,120.12559951782227,114.88219955444336,113.64284969329834,0.011878917103664828,0.013538976605069924,0.012324243152518847,0.01975324365238922,0.014613781476644938,-0.05355402944275256,0.5448382043336877,0.01054529632518803,0.0,56.432763377527785,-1.043682577916286,-1.3321460755144185,2.092142377580918,60.03111084216409,1128986300.0,Bear / Normal,0.00025719118187472745,1
2024-05-10,117.1500015258789,117.62999725341795,115.91000366210938,116.66999816894533,4122500,0.00025719118187472745,0.0002571581138924512,2024,5,2,4,116.48549880981446,120.22539947509766,115.01569953918457,113.64869968414307,0.011650417978326612,0.011859818562110394,0.011844831046930139,0.019744479921695885,0.007512911003971778,-0.03666090677095368,0.7063441613737259,0.014742381231702113,0.0043724463211522475,58.00898853305317,-0.9775358300637293,-1.2612240264242807,2.0721419198172453,60.497654821528165,1133108800.0,Bear / Normal,-0.002571315908729721,0
2024-05-13,117.12999725341795,117.19000244140624,116.1999969482422,116.37000274658205,4140000,-0.002571315908729721,-0.0025746274193255867,2024,5,2,0,116.30999908447265,120.27719955444336,115.12939956665039,113.64854969024658,0.0024686537653859403,0.011720563905364382,0.011683501731583432,0.019669654814239237,-0.016646895827880148,-0.029279234127909004,0.7152340534335122,0.00850739425795117,0.00394273670773973,54.88552690355098,-0.9385027042701637,-1.1966797619934573,2.04785646711077,55.83209637479213,1128968800.0,Bear / Normal,0.038669759334797105,1
2024-05-14,116.5,122.5500030517578,116.12999725341795,120.87000274658205,17811200,0.038669759334797105,0.03794081687267024,2024,5,2,1,116.32249908447265,120.41339965820312,115.27559959411622,113.67294971466065,0.0189400848283137,0.014129518652300785,0.014672388949584059,0.020183423789979952,0.024930063883644715,0.0020726247248163965,2.814275838912919,0.0531149636175663,0.0011171027786348725,65.93663330983685,-0.5382516489701317,-1.064994139388792,2.3742850167410703,82.80450797845367,1146780000.0,Bear / Normal,0.006287701576621396,1
2024-05-15,120.16999816894533,122.08999633789062,119.66999816894533,121.62999725341795,6604600,0.006287701576621396,0.006268016454088408,2024,5,2,2,116.47049903869629,120.62719955444337,115.4503995513916,113.69494968414307,0.01816250354349158,0.014119189505789909,0.014205376771253424,0.019871187697798713,0.03611890182992372,0.02494311224525858,1.0334583833729085,0.019896392531385126,-0.005791383815092314,69.08268743338851,-0.15790437548068326,-0.8835761866071703,2.3642850603376098,89.66285797070141,1153384600.0,Bear / Normal,0.004357530384442532,1
2024-05-16,121.94000244140624,122.4499969482422,121.20999908447266,122.16000366210938,5159300,0.004357530384442532,0.004348063839458749,2024,5,2,3,116.77849922180175,120.82499969482421,115.61339958190918,113.71619968414306,0.016723748610420294,0.014090198283146484,0.013057454451622982,0.019863292191681346,0.047325139757766754,0.053103479845770574,0.8169110871141709,0.01015060434345876,0.0025487560222695782,65.59548985607017,0.18416769618562512,-0.6700274100486112,2.14428492954799,95.61798513725637,1158543900.0,Bear / Normal,0.010969190387362993,1
2024-05-17,123.18000030517578,123.58000183105467,122.08000183105467,123.5,6179400,0.010969190387362993,0.010909465179680866,2024,5,2,4,117.20949935913086,121.00419967651368,115.78639961242676,113.7551496887207,0.015926812120249177,0.01417008325447039,0.012845474238637017,0.01964460644553085,0.05854120115065409,0.07503484464372745,0.9947400828225673,0.012145748987854251,0.008349677574402208,71.25533514545145,0.5569683981355809,-0.4246282484117729,2.107142312186103,99.1943421088016,1164723300.0,Bear / Normal,0.008259082130092299,1
2024-05-20,123.8000030517578,124.68000030517578,123.23999786376952,124.5199966430664,5989000,0.008259082130092299,0.008225162546383833,2024,5,2,0,117.70899925231933,121.2461996459961,115.96969955444337,113.80499965667724,0.01416662734853087,0.013142750843014214,0.012781470310657688,0.019643453803840437,0.07003517834602557,0.08722603658645434,0.9729905365338533,0.011564427242429155,0.00242917450816031,86.45907317977759,0.9240687555417111,-0.1548888476210761,2.0099999564034587,98.54937733619971,1170712300.0,Bear / Normal,0.000883397151598464,1
2024-05-21,124.45999908447266,125.36000061035156,123.91999816894533,124.62999725341795,5549500,0.000883397151598464,0.0008830071859808494,2024,5,2,1,118.18599929809571,121.4561996459961,116.15659950256348,113.8559496307373,0.00382889763849609,0.012894580844693778,0.012802576571105315,0.019593728753734798,0.031107755616744504,0.08289166060548836,0.9011876449845201,0.011554220277147153,-0.0004818307116224197,85.71432463981044,1.2099272750698304,0.1180743769171052,1.890714372907363,93.42339227671461,1176261800.0,Bear / Normal,-0.00024070271971410317,0
2024-05-22,124.62999725341795,125.16000366210938,123.3000030517578,124.5999984741211,5705000,-0.00024070271971410317,-0.0002407316932631767,2024,5,2,2,118.64899940490723,121.39739959716798,116.34009948730468,113.8984496307373,0.004768594084037854,0.012582731881657778,0.012832703736657295,0.019594946045827278,0.02441832843681735,0.08028439769586182,0.927092804346042,0.014927773941649696,0.0,85.18252654698718,1.4177090925901723,0.3780013200517186,1.9128576006208127,92.61416842943478,1170556800.0,Bear / Normal,-0.004093115108154577,0
2024-05-23,126.5500030517578,126.6999969482422,123.16000366210938,124.08999633789062,6108600,-0.004093115108154577,-0.004101514832326017,2024,5,2,3,119.10899925231934,121.36879959106446,116.52669944763184,113.94274959564208,0.006251787209604289,0.012349368442979913,0.012838941665210492,0.019610760183396157,0.01579889176427618,0.08007656886689052,0.9982604063082946,0.028527628258555256,0.015650117187133935,81.00226542572322,1.5236609547932574,0.6071332470000264,2.0764285496303003,75.81091534407237,1164448200.0,Bear / Normal,-0.009509168431016679,0
2024-05-24,123.41999816894533,123.51000213623048,121.41999816894533,122.91000366210938,7166100,-0.009509168431016679,-0.00955466925287027,2024,5,2,4,119.39399948120118,121.31639968872071,116.715199508667,113.99179962158203,0.006553809738004697,0.013232980580549772,0.012574678088877642,0.019665042734516143,-0.004777298282515163,0.048630702347576715,1.1825647567285693,0.01700434386960694,-0.005399292358111834,69.0258751902588,1.495177545576155,0.784742106715252,2.0842857360839813,64.87492451914977,1157282100.0,Bear / Normal,0.012854886946417121,1
2024-05-28,123.23999786376952,124.81999969482422,123.01000213623048,124.48999786376952,6911400,0.012854886946417121,0.0127729642119011,2024,5,2,1,119.79399948120117,121.29539962768554,116.93549949645995,114.04929962158204,0.008265321073035353,0.013111868138485734,0.012608793562780848,0.01959262191344046,-0.00024091535581127754,0.06867542404246318,1.1227715630817816,0.014539301065571804,0.002684844128451299,74.88622457780667,1.5818618473695238,0.9441660548461065,2.089285714285712,79.51806802963493,1164193500.0,Bear / Normal,-0.006024580390954215,0
2024-05-29,122.98999786376952,123.91999816894533,122.7699966430664,123.73999786376952,4735100,-0.006024580390954215,-0.0060428013948593574,2024,5,2,2,120.29349937438965,121.21419952392579,117.14699951171875,114.10269962310791,0.008644998052414561,0.007455347977722925,0.011167065010914077,0.01961750665467227,-0.007141133027859681,0.0878241570441276,0.7787122492879086,0.009293692789173996,-0.012049160781908463,73.7117610827264,1.571920923163546,1.0697170285095945,2.1499998910086466,72.56718325972602,1159458400.0,Bear / Normal,-0.05374172976146452,0
2024-05-30,120.16999816894533,121.44000244140624,117.02999877929688,117.08999633789062,10851600,-0.05374172976146452,-0.05523973425436788,2024,5,2,3,120.41649932861328,120.97219940185546,117.29059944152831,114.11029960632324,0.024821932538464906,0.019071780820962912,0.017067193288159633,0.02054986871665855,-0.06027289107704337,0.0214603432209306,1.710508064211044,0.03766336834944688,-0.028850814259384024,51.166400883412905,1.0157343688219242,1.0589204965720604,2.5414281572614357,10.935990824922596,1148606800.0,Bear / Normal,0.0008540960512717355,1
2024-05-31,116.58999633789062,117.41999816894533,114.5500030517578,117.19000244140624,12755600,0.0008540960512717355,0.0008537315187884064,2024,5,2,4,120.52799949645996,120.73119934082031,117.41589942932129,114.10979961395263,0.025314738212277664,0.018940505822351506,0.017062729547650958,0.020500087562738724,-0.055604755420381013,0.019398080851540156,1.894824720246115,0.02449010203427972,-0.00427021962283723,51.34298725700984,0.5763780468253401,0.9624120066227164,2.6235711233956462,21.72840095345497,1161362400.0,Bear / Normal,0.01783425458102217,1
2024-06-03,117.52999877929688,119.33000183105467,117.33999633789062,119.27999877929688,7256300,0.01783425458102217,0.017677090119153856,2024,6,2,0,120.70199928283691,120.53659942626953,117.57239944458007,114.12949962615967,0.028500872602746193,0.01965349772099946,0.01742282855632506,0.020464303045406647,-0.029533844070102733,0.03005177578435525,1.056172334115678,0.016683480160375793,0.002901240129768184,56.87942771207114,0.3923079520235859,0.8483911957028905,2.7057135445731038,38.93002554435603,1168618700.0,Bull / Normal,0.006623079507144247,1
2024-06-04,119.0199966430664,120.37000274658205,118.72000122070312,120.06999969482422,7368000,0.006623079507144247,0.006601243278424505,2024,6,2,1,120.78849945068359,120.38219940185547,117.73389945983887,114.1554496383667,0.027612029235385072,0.01955321012460236,0.01680915954609163,0.02031751346930032,-0.03550484572890855,0.014618923529404082,1.0622599985150274,0.01374199658593025,-0.002179763069175992,47.706411583389205,0.30664276044576866,0.7400415086514662,2.364998953683038,45.43209395902355,1175986700.0,Bull / Normal,0.021320875864915045,1
2024-06-05,121.6500015258789,122.79000091552734,120.51000213623048,122.62999725341795,5973700,0.021320875864915045,0.02109676587564732,2024,6,2,2,121.0234992980957,120.31319931030274,117.91249946594239,114.18629962921142,0.030394488739133405,0.021066679019245967,0.017377461155617398,0.02040358212994878,-0.008970426939667542,0.03985412478656536,0.8641311855783814,0.018592504528767023,0.01315900587216205,52.598753917799186,0.4402479824256602,0.6800828034063051,2.3864277430943113,66.50204329730651,1181960400.0,Bull / Normal,0.007094534502713579,1
2024-06-06,122.87999725341795,124.2699966430664,122.25,123.5,7347200,0.007094534502713579,0.007069486691406812,2024,6,2,3,121.32899932861328,120.25379928588868,118.08149948120118,114.22084964752197,0.008518403429728193,0.021239000790976667,0.01733727891110857,0.013599367058758145,0.05474424684079593,0.05204873193729953,1.042375592589361,0.016356248121995192,0.002038652903851647,53.42185203484431,0.6093092958702755,0.6659281018990992,2.4421419416155152,73.66256332714603,1189307600.0,Bull / High Vol,0.019595126874051294,1
2024-06-07,124.20999908447266,126.22000122070312,123.2699966430664,125.91999816894533,11545000,0.019595126874051294,0.01940561405964858,2024,6,2,4,121.79299926757812,120.26679931640625,118.27499946594239,114.26774963378907,0.007079698232804756,0.022118650507465417,0.01759322677595262,0.013688634919742882,0.07449437277641491,0.07956103247476931,1.5467670959966935,0.02342760975646405,0.00574898044107414,55.85672683280986,0.9278693321787159,0.7183163479550225,2.5457136971609953,93.5802537355795,1200852600.0,Bull / High Vol,-0.011276986893218766,0
2024-06-10,125.7300033569336,126.9499969482422,124.0500030517578,124.5,10190400,-0.011276986893218766,-0.011341054222918102,2024,6,2,0,122.18449935913085,120.24459930419921,118.45569946289062,114.3010496520996,0.013076288748418551,0.022224915063421904,0.017908051411535546,0.013767850444303013,0.04376258613450923,0.0671123849656392,1.311953240165565,0.023293123666541394,-0.0015088533574851171,49.95252456640855,1.053603189516707,0.7853737162673594,2.649998801095148,80.24195036953353,1190662200.0,Bull / High Vol,-0.004979941739614802,0
2024-06-11,124.0500030517578,124.83000183105467,122.29000091552734,123.87999725341795,18373900,-0.004979941739614802,-0.004992382971071798,2024,6,2,1,122.55999908447265,120.21259918212891,118.60749946594238,114.35589962005615,0.01448441477805117,0.021927268959986337,0.01795840176262234,0.013782569722973264,0.03173146971164664,0.0645354844855539,2.166977531078087,0.020503721115938664,-0.0036144333192144715,48.26147363029857,1.0906468393901747,0.8464283408919225,2.728570120675226,75.24192575857121,1172288300.0,Bull / High Vol,0.13319347752035315,1
2024-06-12,134.69000244140625,140.9600067138672,133.9600067138672,140.3800048828125,40871300,0.13319347752035315,0.12503973315140587,2024,6,2,2,123.53549919128417,120.53339935302735,118.91459953308106,114.47749965667725,0.05958413477833022,0.047338614011027375,0.03348575649726518,0.021952310835100092,0.14474441838821628,0.16141310244805274,4.243260780415384,0.0498646513500517,0.0872619101361018,70.74133284556552,2.4234805430388633,1.1618387813213107,3.815713609967916,97.80385554475775,1213159600.0,Bull / High Vol,-0.003775457763655954,0
2024-06-13,140.42999267578125,142.39999389648438,138.77000427246094,139.85000610351562,13733200,-0.003775457763655954,-0.003782602793827808,2024,6,2,3,124.44649963378906,120.80559951782226,119.212099609375,114.59254970550538,0.06075741333820497,0.041740827523106434,0.033588493184337986,0.021931026139516273,0.13238871338879044,0.14979864557701172,1.374903889280451,0.02595630651125288,0.0003560891240207549,70.7041654973339,3.3978263564602855,1.6090362963491058,3.8221419198172453,90.84384692553105,1199426400.0,Bull / High Vol,-0.012298899861541646,0
2024-06-14,139.25999450683594,139.97000122070312,137.3800048828125,138.1300048828125,11330800,-0.012298899861541646,-0.0123751572300017,2024,6,2,4,125.24499969482422,121.08439956665039,119.47509963989258,114.67994972229003,0.0632916925847432,0.04256298032808382,0.033876035347526486,0.022003437642700248,0.0969663825557332,0.13073019598849744,1.1003922966323867,0.01875042529744309,-0.004218888601570504,69.71502437057504,3.985272963541078,2.0842836297875005,3.81642750331334,84.66789796277293,1188095600.0,Bull / High Vol,0.023021737228483552,1
2024-06-17,138.8000030517578,141.44000244140625,138.25,141.30999755859375,11232800,0.023021737228483552,0.022760735256434624,2024,6,2,0,126.1354995727539,121.41259948730469,119.74509963989257,114.7808996963501,0.06084226546643384,0.04260136286580833,0.03406309337783623,0.022176189962871736,0.13502006071159633,0.14421050654731782,1.0647481332451794,0.02257449930309089,0.004850489721720703,70.92039524814032,4.653781567572224,2.5981832173444452,3.9164276123046906,96.0861878053471,1199328400.0,Bull / High Vol,0.02356522460255439,1
2024-06-18,141.22000122070312,145.05999755859375,141.22000122070312,144.63999938964844,11629400,0.02356522460255439,0.023291851106366897,2024,6,2,1,127.14149971008301,121.81839950561523,120.04149963378906,114.9021496963501,0.05837680067854815,0.042441779771929526,0.0342576442132173,0.02230276438897022,0.16758155147325615,0.16158049541436736,1.0736404891363303,0.026548647359614444,-0.0006368716965925097,74.42730060184464,5.39014849380527,3.1565762726366104,4.067855834960942,98.62340791686734,1210957800.0,Bull / High Vol,-0.011960700600382346,0
2024-06-20,145.32000732421875,145.32000732421875,141.9499969482422,142.91000366210938,8940000,-0.011960700600382346,-0.012032805305081213,2024,6,2,3,128.05550003051758,122.21199951171874,120.32419967651367,115.01204971313477,0.01820069331159057,0.04357687413683473,0.034518361743366546,0.022286582820792208,0.018022501006527802,0.1466742101544105,0.8126334505016239,0.023581346928969918,0.004701382310839384,84.0993223824184,5.767642597417165,3.6787895375927215,3.8292852129255075,92.16768499357565,1202017800.0,Bull / High Vol,-0.009866374823158885,0
2024-06-21,143.72000122070312,143.72000122070312,140.44000244140625,141.5,14930900,-0.009866374823158885,-0.009915370035695058,2024,6,2,4,128.90050010681153,122.60699951171875,120.60169967651368,115.0996496963501,0.019012703695514815,0.044295571612696594,0.03469718420894992,0.02234173018322671,0.011798311222547042,0.13563404279967917,1.3025793092558253,0.023180203387257067,0.005667885647171876,81.03139991702518,5.8851930406210045,4.1200702381983785,3.8585711887904606,86.34737017764103,1187086900.0,Bull / High Vol,-0.011378096186230091,0
2024-06-24,140.0,141.52999877929688,139.1199951171875,139.88999938964844,7793300,-0.011378096186230091,-0.011443321958035263,2024,6,2,0,129.6905002593994,122.93999954223632,120.85899963378907,115.17744968414307,0.018837267035766776,0.04497901482926861,0.03485677267283956,0.022359678474247316,0.012741579994361762,0.1273269684748417,0.6749315827761804,0.017227848113692323,-0.01060070671378092,76.6347884593238,5.781790142127363,4.452414218984176,3.8778572082519562,79.5864410202047,1179293600.0,Bull / High Vol,-0.005146909885228035,0
2024-06-25,139.0,139.5500030517578,137.55999755859375,139.1699981689453,8469600,-0.005146909885228035,-0.005160200850459165,2024,6,2,1,130.5034999847412,123.3011994934082,121.13369964599609,115.24784969329833,0.015066063258281196,0.04467599847523122,0.03476447321374886,0.022378900046889784,-0.015144005566634422,0.13229187228352957,0.7293849668122778,0.014299098364205601,-0.0063621373474271065,74.72811641088175,5.577451134053405,4.677421601998022,3.9264286586216537,75.21157650442187,1170824000.0,Bull / High Vol,-0.006754346869108474,0
2024-06-26,139.49000549316406,140.75,138.0800018310547,138.22999572753906,8036300,-0.006754346869108474,-0.006777260706880369,2024,6,2,2,131.19049987792968,123.66819946289063,121.36069961547851,115.30739967346192,0.0029605189945250206,0.044754551050691746,0.03486037593147382,0.02240397616862227,-0.044316950284556844,0.11037029560242528,0.6887340142712427,0.01931562071526114,0.002299398781555471,71.08107467216806,5.278809823181831,4.797699246234783,3.9228570120675244,69.26740639030211,1162787700.0,Bull / High Vol,0.014106901602498612,1
2024-06-27,139.25,141.4199981689453,138.80999755859375,140.17999267578125,7518200,0.014106901602498612,0.014008325255588578,2024,6,2,3,132.01249961853028,124.05939926147461,121.60459953308106,115.37474964141846,0.010312948177802511,0.014498256006237734,0.03479170730611799,0.022412180862693885,-0.019103008301524116,0.13285918131428454,0.6367376322002138,0.01861892386018429,0.007379037140907078,71.90124983420891,5.140229523376632,4.866205301663153,4.006428854806084,77.6812278849489,1170305900.0,Bull / High Vol,0.007276389825615626,1
2024-06-28,139.44000244140625,142.82000732421875,139.27000427246094,141.1999969482422,25814800,0.007276389825615626,0.007250044622619746,2024,6,2,4,133.21799964904784,124.50999923706054,121.85269950866699,115.53269962310792,0.010639601351590937,0.014603456812351838,0.03174518461855765,0.02235697502246657,-0.002120162909949208,0.20590999542588162,2.0560493837976637,0.025141665215892957,-0.005278857704654791,70.82878336143392,5.05444496237655,4.903853233805833,4.049285888671877,82.11025084898938,1196120700.0,Bull / High Vol,0.013385265088505793,1
2024-07-01,141.69000244140625,144.05999755859375,141.07000732421875,143.08999633789062,6552400,0.013385265088505793,0.01329647387946847,2024,7,3,0,134.51299934387208,125.05179916381836,122.13059944152832,115.68894962310792,0.009983048714167253,0.01424785774599182,0.031681838027651024,0.02227199478445559,0.022875094447094346,0.22100856179633688,0.5350918203811643,0.020895871905080497,0.003470293935938804,75.02017733049705,5.0804035059253465,4.939163288229736,4.055714198521206,90.31693284511405,1202673100.0,Bull / High Vol,0.0013278527239428684,1
2024-07-02,142.6300048828125,144.22000122070312,142.5500030517578,143.27999877929688,5920500,0.0013278527239428684,0.0013269719071583852,2024,7,3,1,135.71299934387207,125.61979919433594,122.39069946289062,115.83704959869385,0.008750841571659443,0.012512172352461166,0.03169514126636885,0.02226878037095984,0.029532231547220622,0.20120724551990543,0.4861402207235077,0.011655487040572319,-0.0032147003064554413,76.4161177153792,5.058001949833027,4.9629310205503945,3.9935711451939184,82.0421792665842,1208593600.0,Bull / High Vol,0.00767731792914117,1
2024-07-03,143.75,144.64999389648438,143.5,144.3800048828125,3560800,0.00767731792914117,0.007647997297436699,2024,7,3,2,136.9284996032715,126.21679931640625,122.667699508667,115.98939960479737,0.0052103840689179635,0.010185061523960702,0.0316907122408346,0.022259699544998107,0.044491133222600565,0.2024652723392668,0.29702478890744877,0.007965049574681613,0.0032802988882425746,59.380859816722825,5.070559599900577,4.984456736420431,2.871427263532366,88.16118196004274,1212154400.0,Bull / High Vol,0.0031167539342267236,1
2024-07-05,144.9499969482422,145.7899932861328,144.02000427246094,144.8300018310547,5365500,0.0031167539342267236,0.003111906925361294,2024,7,3,4,138.03849983215332,126.81159942626954,122.94959953308106,116.15249961853027,0.004679132182538469,0.009318803483431653,0.03160086578344907,0.022206362376941118,0.03317170351141563,0.18103241519087598,0.4487023758102964,0.012221148873122164,0.003947860134042296,61.723150752342875,5.058511252093609,4.999267639555066,2.738570077078683,88.58510370003465,1217519900.0,Bull / High Vol,0.0013809082766944591,1
2024-07-08,144.75999450683594,145.22999572753906,143.42999267578125,145.02999877929688,8622600,0.0013809082766944591,0.0013799556997069274,2024,7,3,0,139.11499977111816,127.40539947509765,123.24149955749512,116.31379962921143,0.005169546048386861,0.00844955013055677,0.03164285702169924,0.022120821639824425,0.027124659446406296,0.17433197392143218,0.717259828882797,0.012411246410454801,-0.00048337584294457224,67.49491244767366,5.007378983989611,5.000889908441976,2.6821419852120534,90.76555405377846,1226142500.0,Bull / High Vol,-0.029993836724327316,0
2024-07-09,145.1300048828125,145.6999969482422,138.0,140.67999267578125,14334200,-0.029993836724327316,-0.03045285361244837,2024,7,3,1,139.85299949645997,127.92119934082031,123.51149948120117,116.45284957885742,0.015145668241927587,0.0127850508142249,0.032655212829324945,0.022495469757303748,-0.016842572673063883,0.11721723889348068,1.1786980477417854,0.05473412957866737,0.0006895546049601218,48.49209085437472,4.56324490831156,4.913360908415893,2.995713370186942,37.91004540558179,1211808300.0,Bull / High Vol,0.00988068468016623,1
2024-07-10,141.1199951171875,142.3800048828125,139.74000549316406,142.07000732421875,6350300,0.00988068468016623,0.009832189894766434,2024,7,3,2,140.7314998626709,128.41839950561524,123.78959953308106,116.61604961395264,0.016242055980532084,0.012912130513212541,0.032406762042316295,0.0223646346380382,-0.00844494322576006,0.1411245568210342,0.530560512789664,0.018582383709065915,0.0031276831412715774,43.21902812524912,4.274158183842985,4.785520363501312,2.909999302455357,54.79966108042665,1218158600.0,Bull / High Vol,0.004856670282578079,1
2024-07-11,142.36000061035156,143.47999572753906,141.67999267578125,142.75999450683594,5245100,0.004856670282578079,0.004844914706069204,2024,7,3,3,141.6754997253418,128.94379943847656,124.08939949035644,116.78469959259033,0.015884867331509105,0.012540105946398173,0.03228838336587925,0.022299986809006286,-0.011220462122102481,0.15240553496942444,0.46365115004508245,0.01260859569220298,0.0020411999097812196,49.58121441430081,4.053999093099577,4.639216109420965,2.797855922154018,63.18347081082985,1223403700.0,Bull / High Vol,0.014079643058046987,1
2024-07-12,142.7100067138672,145.1300048828125,141.25999450683594,144.77000427246094,7361800,0.014079643058046987,0.013981445534366655,2024,7,3,4,141.8949996948242,129.5641995239258,124.42399955749512,116.96704959869385,0.017471264585460583,0.012537498880044285,0.013303189359970461,0.022341480834452466,-0.0004142619473535003,0.03127225557025137,0.7639000220501446,0.02673212862999646,-0.00035015266805965296,58.833062808256386,3.9956530164917865,4.510503490835129,2.8399996076311385,87.60644540484017,1230765500.0,Bull / Normal,-0.01174274295829092,0
2024-07-15,145.72999572753906,146.58999633789062,141.9199981689453,143.07000732421875,8687800,-0.01174274295829092,-0.011812233506517167,2024,7,3,0,142.05599975585938,130.1329997253418,124.77019966125488,117.15799964904785,0.018190592762409773,0.013287222856751007,0.013589625301191564,0.022283437942899283,-0.013514386482625484,0.02302467701231059,0.9257255439748403,0.032641349897762816,0.00663114890341093,58.54839860833441,3.7687934789308315,4.362161488454269,3.001427786690848,61.01894253028946,1222077700.0,Bull / Normal,-0.003215256100635666,0
2024-07-16,143.07000732421875,143.5,142.0500030517578,142.61000061035156,7181500,-0.003215256100635666,-0.0032204361429539266,2024,7,3,1,142.27999954223634,130.68599975585937,125.1146996307373,117.3479496383667,0.010359380268104096,0.012644473414041237,0.013261627274478851,0.02204197697053517,0.01371913587611795,0.03243318301001885,0.7825209563939203,0.010167568487738561,0.0,59.37840077475264,3.511409619291925,4.192011114621801,2.938570295061384,53.66708469963798,1214896200.0,Bull / Normal,-0.023490681503246957,0
2024-07-17,140.47999572753906,141.7899932861328,138.67999267578125,139.25999450683594,9157000,-0.023490681503246957,-0.023770985959523983,2024,7,3,2,142.17749938964843,131.15519958496094,125.39719955444336,117.51349960327148,0.014540624998793345,0.014584363129529246,0.013399817502359933,0.022255145491243373,-0.01977907139098023,-0.014507133870041877,1.009191500617175,0.02233233328325961,-0.014935873176469858,52.481921119162514,3.002502580043142,3.9541094077060692,3.028570992606027,14.66816116414485,1205739200.0,Bull / Normal,-0.008832369496314163,0
2024-07-18,139.36000061035156,140.05999755859375,137.1999969482422,138.02999877929688,5998700,-0.008832369496314163,-0.008871606077282043,2024,7,3,3,141.84699935913085,131.54899963378907,125.65799957275391,117.67404960632324,0.013746112320068978,0.014202916090900726,0.012225900094923563,0.02229624874683422,-0.033132501467787345,-0.04569967255423413,0.6822856746395756,0.020720137909474023,0.0007181251433319275,44.633073510232435,2.4714503678360984,3.6575775997320754,3.004999433244978,8.839210702928096,1199740500.0,Bull / Normal,0.0038397361731801194,1
2024-07-19,138.35000610351562,140.44000244140625,138.0800018310547,138.55999755859375,6111900,0.0038397361731801194,0.003832383202541444,2024,7,3,4,141.62949905395507,131.96159957885743,125.93389953613281,117.83329959869384,0.010190274479213559,0.014247179332653844,0.01207595993464332,0.022295431371937416,-0.042895672657298434,-0.030438779595867937,0.7065241264828348,0.0170323372685798,0.0023183896765110157,43.24463619858266,2.06949824815527,3.3399617294167148,2.9235709054129466,14.483500519188864,1205852400.0,Bull / Normal,0.011619519621243635,1
2024-07-22,139.74000549316406,140.67999267578125,139.1199951171875,140.1699981689453,5387200,0.011619519621243635,0.011552531417590389,2024,7,3,0,141.56299896240233,132.41719955444336,126.22179954528809,118.01154960632324,0.013316192117486237,0.015048072415461728,0.01224465579320063,0.022320449730831766,-0.02026986095486505,-0.009399306226534843,0.6591076622856251,0.011129325668632046,0.008516223696318376,42.41953692883598,1.8594275677706094,3.0438548970874937,2.8614283970424106,31.62940802719607,1211239600.0,Bull / Normal,0.020974548618190703,1
2024-07-23,141.3000030517578,143.22000122070312,141.2100067138672,143.11000061035156,6697400,0.020974548618190703,0.020757610975829906,2024,7,3,1,141.7239990234375,132.94659957885742,126.53609954833985,118.19169960021972,0.01743654000602448,0.013560160507127366,0.012840601124151698,0.02241169181770555,0.003506065478297904,0.023018094465310224,0.8249370587336857,0.014045101657909913,0.008061674378068536,49.613816502351206,1.908182328404564,2.816720383350908,2.9600001743861606,62.93934021576807,1217937000.0,Bull / Normal,-0.030326296690524224,0
2024-07-24,141.6999969482422,142.66000366210938,138.39999389648438,138.77000427246094,8018800,-0.030326296690524224,-0.03079565241670451,2024,7,3,2,141.7039993286133,133.38859970092773,126.8069995880127,118.34379962921143,0.019911670870298284,0.016532122545466463,0.014609901252659286,0.02273597931222987,-0.0035185283189922423,-0.002874138835575746,0.9904472995773295,0.03069834715332933,-0.009852586514540098,38.89109461349964,1.5784243010535306,2.5690611668914327,3.198572431291853,16.71999388998396,1209918200.0,Bull / Normal,-0.006845837853956982,0
2024-07-25,140.14999389648438,141.07000732421875,137.6999969482422,137.82000732421875,7654600,-0.006845837853956982,-0.006869378098565133,2024,7,3,3,141.68349990844726,133.81759979248048,127.04739967346191,118.48309967041016,0.019723902000191234,0.016388806451335104,0.014612127855969513,0.02274098378770858,-0.0015213464966691292,-0.0029659872386050834,0.9476969019029832,0.024452257995086896,0.009944437425496989,36.38836824680469,1.2262958985562875,2.3005081132244034,3.312859671456473,6.602879832559561,1202263600.0,Bull / Normal,0.008634357273090032,1
2024-07-26,138.8699951171875,139.9600067138672,138.3800048828125,139.00999450683594,5139400,0.008634357273090032,0.008597294400250663,2024,7,3,4,141.625,134.18039962768555,127.29689964294434,118.62654964447022,0.020079567469728804,0.015824471701249895,0.014382583084885164,0.02248159508609423,0.003247668563590267,-0.008346399130233717,0.6458061990810638,0.01136610239184629,0.007618544022412328,38.743449820906136,1.0313646929503193,2.0466794291695867,3.3371451241629466,19.275800598976573,1207403000.0,Bull / Normal,-0.0050355871944716135,0
2024-07-29,139.27000427246094,139.77999877929688,137.82000732421875,138.30999755859375,4054600,-0.0050355871944716135,-0.005048308487758378,2024,7,3,0,141.4805000305176,134.51399963378907,127.57059959411622,118.76954963684082,0.01920055134873085,0.015597449829561127,0.014303608021637734,0.022502087254514084,-0.013269605726253353,-0.020467418216076783,0.5901802083083155,0.014171003468117283,0.0018704393633524948,44.86791794484102,0.8110471577246301,1.7995529748805954,2.9271447317940846,11.821093530370517,1203348400.0,Bull / Normal,-0.019087552861318136,0
2024-07-30,139.07000732421875,139.57000732421875,134.9600067138672,135.6699981689453,6505700,-0.019087552861318136,-0.019272071984088018,2024,7,3,1,141.1095001220703,134.7841995239258,127.804599609375,118.8996996307373,0.01479999376927607,0.016379503559404773,0.014434901908965875,0.02268819049349606,-0.051987998111070466,-0.05185546410542796,0.9472798302796978,0.03397951406036641,0.0054949734584662175,36.8528879819703,0.4185927596388126,1.523360931832239,3.067859104701451,6.104833091265483,1196842700.0,Bull / Normal,0.02786171467762366,1
2024-07-31,139.69000244140625,141.5500030517578,138.66000366210938,139.4499969482422,7188000,0.02786171467762366,0.027480639188422713,2024,7,3,2,140.9180000305176,135.10319946289061,128.05369956970216,119.05139961242676,0.017897449714544184,0.01786984688737642,0.015950708926492654,0.02290833337532659,0.00490014163612873,-0.026730889612542996,1.0370580906906435,0.02072427000999563,0.029630753495367198,43.96646291940821,0.40788231892130966,1.3002652092500533,3.359287806919643,38.607001205747174,1204030700.0,Bull / Normal,-0.01391181415461984,0
2024-08-01,139.2899932861328,140.38999938964844,135.77000427246094,137.50999450683594,5906800,-0.01391181415461984,-0.014009490401780058,2024,8,3,3,140.57449951171876,135.362999420166,128.30459953308105,119.19769958496094,0.01893134982162034,0.018226285515088734,0.016046243150960884,0.022882847476881202,-0.002249403576459752,-0.04758283795289153,0.8380288134475051,0.033597522374694225,-0.0011473909330292882,36.73243119040926,0.2400846869202269,1.088229104784088,3.412858145577567,21.92596791059365,1198123900.0,Bull / Normal,-0.030761369329621924,0
2024-08-02,132.77000427246094,134.3000030517578,131.8000030517578,133.27999877929688,8251600,-0.030761369329621924,-0.031244432527878244,2024,8,3,4,139.99699935913085,135.5359994506836,128.49609954833986,119.32054958343505,0.022195939566542776,0.020509653983774523,0.017190379847151743,0.02327650503632465,-0.041220027005017146,-0.07974869091854997,1.147210733029787,0.01875750317299927,-0.03447015070704089,33.6232623910724,-0.2315522587181249,0.8242728320836454,3.4871433803013394,12.649539432242483,1189872300.0,Bull / Normal,-0.04066625314065675,0
2024-08-05,127.88999938964844,129.97000122070312,126.66000366210938,127.86000061035156,10355000,-0.04066625314065675,-0.041516249147422024,2024,8,3,0,139.13849945068358,135.60119949340822,128.4992995452881,119.41464958190917,0.0262759686706024,0.02271935443599392,0.018975399415465378,0.023914683899985092,-0.07555489214592126,-0.11838928713689223,1.4225132119949941,0.025887670442618253,-0.04044117226151788,28.837861788988107,-1.0307941383367734,0.4532594379995617,3.856428963797433,7.246359451420653,1179517300.0,Bull / Normal,0.0027374167202005584,1
2024-08-06,130.5399932861328,131.0399932861328,128.0800018310547,128.2100067138672,8373900,0.0027374167202005584,0.0027336768186086457,2024,8,3,1,138.5150001525879,135.68359970092774,128.5261996459961,119.51444961547851,0.02728558663659605,0.02069515402240351,0.018202660656654476,0.023891403093641617,-0.05498630173038288,-0.08864079194724628,1.1994662927182473,0.023087054832499065,0.020960368082184083,32.65306709081503,-1.6173131395998723,0.03914492247967488,3.8028564453125,9.359923190045667,1187891200.0,Bull / Normal,-0.018017354863288038,0
2024-08-07,128.9199981689453,130.3000030517578,125.75,125.9000015258789,8617700,-0.018017354863288038,-0.01818164376071179,2024,8,3,2,137.7064998626709,135.74339965820312,128.52989967346193,119.60224964141845,0.016589238766710052,0.019745023228469587,0.01811365592947712,0.024028118511055564,-0.09716741282821584,-0.11381716734509761,1.214663006670449,0.036139817288425954,0.005537722626149214,31.582139748422165,-2.242679572798238,-0.41721997657590776,3.9235709054129466,0.8586234424594337,1179273500.0,Bull / Normal,0.02430504488404872,1
2024-08-08,128.0,129.82000732421875,127.6500015258789,128.9600067138672,6243200,0.02430504488404872,0.024014377649871757,2024,8,3,3,137.01650047302246,135.83279983520507,128.5640997314453,119.7377996826172,0.02619181612187835,0.022479786325684446,0.019208562939806592,0.024200017342581315,-0.06217720990850384,-0.09666565091040225,0.8738311151172279,0.016826967163196503,0.016679892364333582,36.46363062877758,-2.462978449079401,-0.8263716710766065,4.03142820085798,18.37439318586374,1185516700.0,Bull / Normal,0.02403838929385871,1
2024-08-09,128.39999389648438,132.3699951171875,128.33999633789062,132.05999755859375,5597300,0.02403838929385871,0.023754015459384516,2024,8,3,4,136.3810001373291,135.99919982910157,128.60669967651367,119.8797996520996,0.028030704836867357,0.024093848504280577,0.01984483922373772,0.023895961926930283,-0.009153670707360728,-0.08779447633327842,0.7932226112305062,0.03051642324549342,-0.00434253092608279,39.02570415526558,-2.3602164363405223,-1.1331406241293898,4.1678570338657925,36.119044749212605,1191114000.0,Bull / Normal,0.00393763654455781,1
2024-08-12,132.25,132.7100067138672,131.2100067138672,132.5800018310547,5600800,0.00393763654455781,0.003929904344860884,2024,8,3,0,135.8564998626709,136.30899993896483,128.64059967041015,120.02669967651367,0.01762374897938937,0.0242528924262862,0.019849062193491855,0.023890319000491753,0.03691538556367724,-0.0733207867208121,0.8114684684488895,0.011313923512472374,0.0014387584803789485,34.75238371741045,-2.2113260121882092,-1.3487777017411537,4.0571425301688055,40.39030367780952,1196714800.0,Bear / Normal,0.012671539090201911,1
2024-08-13,132.97000122070312,134.5399932861328,132.80999755859375,134.25999450683594,4324000,0.012671539090201911,0.0125919269720417,2024,8,3,1,135.43899955749512,136.65039978027343,128.69079956054688,120.19084964752197,0.017526363684227882,0.02413042938812969,0.020180892536772962,0.02393002430644939,0.047188109165853254,-0.05855133628622622,0.639722569897532,0.012885414854169226,0.0029416155095955544,42.92436050216625,-1.9354571642893177,-1.4661135942507866,3.86071286882673,53.86071432365431,1201038800.0,Bear / Normal,0.009980721372750079,1
2024-08-14,134.0399932861328,135.97000122070312,134.00999450683594,135.60000610351562,4044600,0.009980721372750079,0.009931242921242272,2024,8,3,2,135.2560001373291,136.97679992675782,128.75669967651368,120.36684967041016,0.008961950481648355,0.02237049856379292,0.019759760808510857,0.023923977039545095,0.07704530945254096,-0.02628169286004567,0.621905540965256,0.014454326147824352,-0.0016386208081657823,46.559203969745404,-1.5903685986585856,-1.4909645951323465,3.759998321533203,62.341798740474125,1205083400.0,Bear / Normal,0.00980816012095409,1
2024-08-15,136.92999267578125,137.25,135.72000122070312,136.92999267578125,4698100,0.00980816012095409,0.009760372337888802,2024,8,3,3,135.20099983215331,137.31399978637694,128.8480995941162,120.54654964447022,0.007403023658643643,0.022291515641756608,0.01981757223972648,0.023931866971759842,0.06180199710750367,-0.007969326329376303,0.7296851921168341,0.011173584029318985,0.00980816012095403,46.7901200264109,-1.1957804107197774,-1.4319277582498329,3.7249979291643416,70.75943364794118,1209781500.0,Bear / Normal,0.003943683442680701,1
2024-08-16,136.7899932861328,137.82000732421875,136.38999938964844,137.47000122070312,4893800,0.003943683442680701,0.003935927507746775,2024,8,3,4,135.1465000152588,137.61079986572267,128.9619995880127,120.72564964294433,0.00393538820145071,0.019535432940459202,0.019818704419892294,0.023933019927243872,0.0409662559603563,-0.00786660188435473,0.7673389388683092,0.0104023272122802,-0.0010224158119976233,48.69727637287666,-0.8299253891133276,-1.3115272844225319,3.6871419634137834,74.17720858857194,1214675300.0,Bear / Normal,0.0032734192496277625,1
2024-08-19,137.52999877929688,137.9499969482422,136.4600067138672,137.9199981689453,3641600,0.0032734192496277625,0.0032680732760674764,2024,8,3,0,135.03400001525878,137.89919982910158,129.0764995574951,120.89824962615967,0.004116717412158124,0.012068746911279182,0.01964367353695273,0.02393197467337341,0.04027754008251816,-0.016051937143411354,0.5789189623144676,0.010803293606122545,0.0004364411003199606,53.743760019133155,-0.4979318077771211,-1.1488081890934498,3.4642840794154575,77.02528998936714,1218316900.0,Bear / Normal,0.009063225178329803,1
2024-08-20,137.82000732421875,139.7899932861328,137.82000732421875,139.1699981689453,3738300,0.009063225178329803,0.009022400635623455,2024,8,3,1,134.83699989318848,138.16419982910156,129.2154995727539,121.0653496170044,0.003317649565506258,0.011946770764013194,0.01912816725046458,0.023935792543149998,0.03657086148517141,-0.027531286594944304,0.6086067475363824,0.014155248888647678,-0.0007249916332226061,49.4912813665929,-0.132433340259837,-0.9455332193267273,3.184997013636998,91.66665798110786,1222055200.0,Bear / Normal,0.007401011660907786,1
2024-08-21,138.8000030517578,140.3000030517578,138.5500030517578,140.1999969482422,3776800,0.007401011660907786,0.0073737585585175285,2024,8,3,2,134.90849952697755,138.47819976806642,129.3613995361328,121.2319995880127,0.0029612338847695894,0.007660149167652529,0.0179294149372297,0.02389528640555971,0.03392323479111781,0.01030476782989509,0.6368659880039593,0.012482168602657315,-0.0026585839049760186,55.054495264385324,0.2376002145794871,-0.7089065325454845,2.979997362409319,99.3126729722332,1225832000.0,Bear / Normal,-0.015121220851168404,0
2024-08-22,140.6999969482422,141.0800018310547,137.64999389648438,138.0800018310547,5162200,-0.015121220851168404,-0.01523671223737288,2024,8,3,3,134.92149925231934,138.76219985961913,129.48739952087402,121.38214958190918,0.009710575814328638,0.009806548298311393,0.018205273594741556,0.023962002697588563,0.008398519073877342,0.0018864786897325736,0.8891652470774261,0.024840729208325456,0.0035663338864735184,59.795924595424104,0.35568842951181523,-0.4959875401340246,2.8171413966587613,80.43053071316167,1220669800.0,Bear / Normal,0.008038822390150857,1
2024-08-23,138.72999572753906,139.7899932861328,137.25999450683594,139.19000244140625,4544600,0.008038822390150857,0.008006683183464501,2024,8,3,4,134.93049964904785,138.738399810791,129.63589958190917,121.53254959106445,0.010110331030023253,0.0077994189891016285,0.018191324719817763,0.023950952892864696,0.012511829529569418,0.0012949280029030952,0.78681701474914,0.018176584057191244,0.004707371725557068,78.05844591632834,0.5327013140650649,-0.2902497692942067,2.524998801095145,87.67123833071058,1225214400.0,Bear / Normal,-0.0020835443626344707,0
2024-08-26,139.38999938964844,139.39999389648438,138.19000244140625,138.89999389648438,2729600,-0.0020835443626344707,-0.0020857179609070904,2024,8,3,0,134.9599994659424,138.7193995666504,129.76249954223633,121.68209957122802,0.010294162759686797,0.008141185045114761,0.018158358079195133,0.022805750651626083,0.007105537561990172,0.004265753367833636,0.47806532064844265,0.008711241960023949,0.0014368628833552803,76.55237106212668,0.6421813674498651,-0.10376354194539236,2.384284428187779,85.77946722645414,1222484800.0,Bear / Normal,-0.0030237450496817253,0
2024-08-27,137.85000610351562,139.5,137.74000549316406,138.47999572753906,3872200,-0.0030237450496817253,-0.0030283258030953048,2024,8,3,1,135.10049934387206,138.72639938354493,129.90539947509765,121.81284954071045,0.009446518754522069,0.007943625972065108,0.017599033295756523,0.022817703047719472,-0.00495798268653147,0.02071200410200169,0.6941908442176011,0.012709377246795604,-0.007559307696955383,84.48463726700332,0.6871339044314766,0.05441594732998142,2.184998103550502,80.64031240182764,1218612600.0,Bear / Normal,-0.004332689653652633,0
2024-08-28,138.8300018310547,138.9499969482422,136.91000366210938,137.8800048828125,3022600,-0.004332689653652633,-0.004342102953247119,2024,8,3,2,135.0219997406006,138.6577995300293,130.035199508667,121.94134956359864,0.008230014952792642,0.007860781660847232,0.016465345547631922,0.02275332495867003,-0.016547732638583112,-0.011258458944336858,0.5628955618852699,0.014795425107989018,0.002527484938721878,78.2636485562637,0.6666600252288504,0.17686476290975522,2.0507114955357144,74.88229538080483,1215590000.0,Bear / Normal,0.01116908348996426,1
2024-08-29,139.13999938964844,141.16000366210938,138.85000610351562,139.4199981689453,4588400,0.01116908348996426,0.011107169862723226,2024,8,3,3,135.11749992370605,138.55339950561523,130.18589950561523,122.07309955596924,0.007115915321451871,0.00802684394931853,0.016339602512912072,0.022774298657243095,0.00970449246901195,0.013889926102894412,0.8651131308312978,0.01656862422128681,0.009138341037243484,75.87907129466983,0.7658704387048658,0.2946658980687774,1.9971400669642858,82.51250224281264,1220178400.0,Bear / Normal,0.013412674951562398,1
2024-08-30,140.3300018310547,141.72000122070312,140.10000610351562,141.2899932861328,7980700,0.013412674951562398,0.013323521334487822,2024,8,3,4,135.51799964904785,138.52099929809572,130.36649940490722,122.2087995147705,0.008530093342130885,0.008822593615187106,0.01475495068776791,0.022687646028719092,0.015087224713646874,0.060098998951072735,1.5085619448534764,0.011465745588272298,0.006527066949223867,77.9704702301268,0.9840449265462894,0.4325417037642798,2.0542831420898438,95.17387477180327,1228159100.0,Bear / Normal,-0.012668931779958537,0
2024-09-03,140.4499969482422,142.1999969482422,138.8300018310547,139.5,6831200,-0.012668931779958537,-0.012749866997948453,2024,9,3,1,136.09999961853026,138.4809992980957,130.54399940490723,122.3257995223999,0.011055690842641202,0.010074964297776037,0.011319622859747193,0.022764707803434373,0.004319698559258178,0.09103706658911159,1.3357632262303287,0.02415767109094982,-0.005945193416419166,66.70922525527854,1.0009736799322866,0.5462280989978812,2.1549976893833707,67.03301412229385,1221327900.0,Bear / Normal,0.008960573476702427,1
2024-09-04,138.44000244140625,141.10000610351562,137.9499969482422,140.75,6243300,0.008960573476702427,0.008920665758379362,2024,9,3,2,136.7269992828369,138.49819931030274,130.71909942626954,122.45924953460694,0.011285999776342062,0.010066094375629601,0.011356217236070627,0.02266877822715688,0.016392290168228962,0.09780822579721837,1.2467773661770727,0.022380171618283748,-0.007598548807123656,66.51701471267609,1.1025449405061067,0.6574914672995263,2.2399978637695312,77.62348913163775,1227571200.0,Bear / Normal,0.013214924407471074,1
2024-09-05,141.39999389648438,143.27999877929688,140.30999755859375,142.61000061035156,8733200,0.013214924407471074,0.013128369008740884,2024,9,3,3,137.56249923706054,138.56699935913085,130.93409942626954,122.59894954681397,0.011041664705409081,0.010618382063347214,0.010145260685326663,0.022644332447976846,0.03430516071970846,0.13272437555163874,1.7419975764587374,0.020826037500819863,0.004618073864897869,67.61791262912482,1.3179350658213025,0.7895801870038817,2.334284101213728,90.27578768799428,1236304400.0,Bear / Normal,-0.005609726164602091,0
2024-09-06,143.7899932861328,143.94000244140625,139.39999389648438,141.80999755859375,11154800,-0.005609726164602091,-0.005625519771323454,2024,9,3,4,138.2049987792969,138.63859939575195,131.1533994293213,122.73119953155518,0.011904546950811836,0.009280238927342085,0.00953796199681531,0.02264800751771858,0.01714244312894264,0.09964322406742543,2.1211259758447816,0.03201472832016665,0.00827426317040208,63.24787280223721,1.407850902713534,0.9132343301458121,2.556427001953125,71.52398262781793,1225149600.0,Bear / Normal,-0.013539229969678268,0
2024-09-09,142.49000549316406,143.3000030517578,139.50999450683594,139.88999938964844,20233400,-0.013539229969678268,-0.013631721131960229,2024,9,3,0,138.59649887084962,138.6327995300293,131.34609939575196,122.84604953765869,0.01236540107807952,0.010349922438258061,0.009246244249621642,0.014889247022449677,-0.009908655694031987,0.059291246219965954,3.377462771524577,0.027092776906555104,0.004795204472726569,55.518218249707644,1.3090916514429694,0.9924057944052436,2.7207140241350447,42.38970476517088,1204916200.0,Bear / Normal,0.11437558131252645,1
2024-09-10,154.22999572753906,160.52000427246094,153.1199951171875,155.88999938964844,37374200,0.11437558131252645,0.10829423128406182,2024,9,3,1,139.7619987487793,138.92659957885743,131.718299407959,123.04509952545166,0.05194908031093012,0.03735290689786024,0.02659124032346573,0.020952909236546302,0.11749103505124325,0.17581835296923165,4.931036575551034,0.0474694283420776,0.10250908857285873,75.64419285626022,2.493151022653308,1.2925548400548565,4.053572518484933,80.38964522185348,1242290400.0,Bull / High Vol,0.00827502271591185,1
2024-09-11,156.77999877929688,159.44000244140625,154.83999633789062,157.17999267578125,12630100,0.00827502271591185,0.008240972431058311,2024,9,3,2,140.90799865722656,139.20839950561523,132.1300993347168,123.24979949951172,0.05199786523134331,0.03701070032564492,0.02657264230558218,0.020882829658573573,0.11673174192384539,0.17071353423732138,1.5798120876557362,0.02926585009457382,0.0057091499976459435,75.83690076345094,3.495326336054859,1.7331091392548572,4.257144383021763,85.85340317519817,1254920500.0,Bull / High Vol,0.026721035772629964,1
2024-09-12,159.0399932861328,162.33999633789062,157.89999389648438,161.3800048828125,16352000,0.026721035772629964,0.026370263836597973,2024,9,3,3,142.1969985961914,139.57039962768556,132.59509941101075,123.47544952392577,0.051690070762736864,0.03666561907602744,0.026892521591358343,0.020950208070433105,0.13161772801435978,0.19011797654062557,1.8991748600909053,0.027512717233032658,0.011833571046082361,83.34289009606402,4.57571735496677,2.3016307823972397,4.380715506417411,96.2249636981123,1271272500.0,Bull / High Vol,0.004027722622492069,1
2024-09-13,173.6999969482422,173.94000244140625,161.0,162.02999877929688,25727800,0.004027722622492069,0.004019633062125281,2024,9,3,4,143.45199890136718,139.92339950561524,133.07009941101074,123.70324951171875,0.05037763720635741,0.036848584566360344,0.026915154403967988,0.020767093811241318,0.14258516020599,0.18330539287288694,2.662908811638724,0.07986176966545555,0.07634150261908815,83.12066310274021,5.421883992808603,2.9256814244795124,5.124287196568081,67.83687805907208,1297000300.0,Bull / High Vol,0.051225100995423434,1
2024-09-16,164.99000549316406,173.99000549316406,164.50999450683594,170.3300018310547,27384400,0.051225100995423434,0.04995624688342795,2024,9,3,0,145.09499893188476,140.43339950561523,133.62249946594238,123.97369953155517,0.04508398460069564,0.03848939780985258,0.028498373856041613,0.02162632245301372,0.21759956089941013,0.2390339733655491,2.538867261198935,0.05565673037290911,0.01826826350779062,86.9852041012374,6.685155716126218,3.677576282808854,5.892145429338727,90.12944044936884,1324384700.0,Bull / High Vol,-0.016790938646195297,0
2024-09-17,170.27999877929688,170.63999938964844,166.77000427246094,167.47000122070312,12580100,-0.016790938646195297,-0.016933504587055885,2024,9,3,1,146.57249908447267,140.88219955444336,134.1437995147705,124.22999954223633,0.025619548221837287,0.03889213270495821,0.029135863540485404,0.021715268940612473,0.07428316041050431,0.21425466534273352,1.1199239383619417,0.023108587143839347,-0.0002935657325208571,82.26131767673698,7.370566211733035,4.41617426859369,6.042859758649554,82.41638632552493,1311804600.0,Bull / High Vol,-0.017555397503889236,0
2024-09-18,167.6199951171875,167.6199951171875,163.72999572753906,164.52999877929688,12274400,-0.017555397503889236,-0.017711321056248168,2024,9,3,2,147.84049911499022,141.35919967651367,134.640199508667,124.47159954071044,0.029541067526466305,0.04052864598294559,0.02978810559941833,0.021799252754121975,0.0467617155236586,0.1822231870662656,1.0527110242028166,0.023643101066733393,0.0008956463569060529,78.18912639135203,7.589043570951162,5.050748129065185,6.1750030517578125,73.75137494189045,1299530200.0,Bull / High Vol,0.018598417196237227,1
2024-09-19,167.25,168.16000366210938,164.50999450683594,167.58999633789062,10075900,0.018598417196237227,0.01842758156595944,2024,9,3,3,149.20999908447266,141.8695994567871,135.14399948120118,124.72374950408935,0.028566303345711343,0.04051688256065119,0.02986546019897168,0.021865501442530362,0.03848055067037315,0.19536376594758442,0.841428488516049,0.021779397547777156,0.01653194700591822,78.86862271505153,7.91783283346345,5.624165069944838,6.201432364327567,82.24193219239618,1309606100.0,Bull / High Vol,0.0024464685904206362,1
2024-09-20,167.1300048828125,168.8300018310547,166.60000610351562,168.0,12187700,0.0024464685904206362,0.0024434808580754102,2024,9,3,4,150.70599899291992,142.3743995666504,135.65909950256346,124.98484951019287,0.02862858820064679,0.04009587704497624,0.029361485497345022,0.021825807901930665,0.0368450365097821,0.2166859630082667,0.9887774084599826,0.01327378409249442,-0.0027447429150287833,78.21678183027443,8.117906390147425,6.122913333985356,6.196431841169085,83.37956694516913,1321793800.0,Bull / High Vol,-0.012202399117606011,0
2024-09-23,167.22999572753906,167.3300018310547,164.25999450683594,165.9499969482422,7916100,-0.012202399117606011,-0.01227745962689771,2024,9,3,0,152.04399871826172,142.797999420166,136.1810994720459,125.2419495010376,0.015498574204295262,0.039981926360110956,0.0297872230211641,0.0218729869086971,-0.025714817329462014,0.19225514790906684,0.6335614451197137,0.018499592531937486,-0.0045833587646484375,77.78944158745233,8.01861441601153,6.502053550390592,6.222861153738839,77.69143551977672,1313877700.0,Bull / High Vol,-0.0009038499502422859,0
2024-09-24,165.74000549316406,166.10000610351562,163.9199981689453,165.8000030517578,6155100,-0.0009038499502422859,-0.0009042586689073514,2024,9,3,1,153.38899917602538,143.2525993347168,136.6927995300293,125.5107995223999,0.014065004298321328,0.02136165577372606,0.029764798297375966,0.02187165740831219,-0.009971924265674725,0.19366458126211827,0.4859591279879487,0.013148419146227512,-0.0012653899303391902,76.9412777929669,7.837476012441755,6.769138042800824,6.153575352260044,76.32263748014351,1307722600.0,Bull / High Vol,0.002895028460218052,1
2024-09-25,167.69000244140625,168.75,165.66000366210938,166.27999877929688,7142400,0.002895028460218052,0.002890845935732457,2024,9,3,2,154.77899932861328,143.7259992980957,137.20599952697754,125.77784950256347,0.011028478467929474,0.021376484563878955,0.029665181668224058,0.02182837337589912,0.01063635818989761,0.20075103920753024,0.5567217147502727,0.018583090934418223,0.011399272345359585,76.2358654939961,7.644532751301114,6.944216984500882,6.162146432059152,77.71030896500979,1314865000.0,Bull / High Vol,0.010945437440340822,1
2024-09-26,167.64999389648438,168.36000061035156,166.47999572753906,168.10000610351562,7096800,0.010945437440340822,0.010885969680220748,2024,9,3,3,156.28999938964844,144.3027995300293,137.72899955749511,126.05029953002929,0.008394360251316495,0.020215342836070203,0.02948406035968891,0.021853174550323096,0.0030431993362940446,0.21917609624678946,0.5445212574138156,0.011183847796262405,0.008239085441694596,78.49556228284428,7.551434965714918,7.065660580743689,5.9864316667829245,82.91764062376919,1321961800.0,Bull / High Vol,0.003807253815650169,1
2024-09-27,168.08999633789062,169.11000061035156,166.50999450683594,168.74000549316406,8974400,0.003807253815650169,0.0038000245680855273,2024,9,3,4,157.75599975585936,144.91699966430664,138.23299964904785,126.31834957122803,0.008489250113976452,0.020215754894211256,0.029519227266103603,0.021844526113097253,0.004404794602167028,0.2102998688085591,0.6771905466179711,0.015408356162587393,-5.954649174037512e-05,82.16276719888137,7.443492948652533,7.141227054325458,5.901431492396763,74.84428658433602,1330936200.0,Bull / High Vol,0.009837550961722341,1
2024-09-30,169.5,170.52000427246094,166.4499969482422,170.39999389648438,10210300,0.009837550961722341,0.009789477284968427,2024,9,3,0,159.21149978637695,145.55379959106446,138.75769958496093,126.66629955291748,0.0049739054132349044,0.012161275915219932,0.02950818011332895,0.021863248237401937,0.026815287918505293,0.2060301648638314,0.7640221253109127,0.02388502036385766,0.00450393790503181,73.77908410239945,7.406517589126025,7.194285161285572,4.718574523925781,81.25321211300263,1341146500.0,Bull / High Vol,-0.01901402787809514,0
2024-10-01,170.22000122070312,170.50999450683594,165.97000122070312,167.16000366210938,7595100,-0.01901402787809514,-0.019197119088937484,2024,10,4,1,160.59449996948243,146.09359970092774,139.25539962768553,126.98714958190918,0.01211029774945051,0.012519550122097352,0.029795214485506604,0.022045702243998995,0.00820265733003045,0.19827959614415325,0.5667107518798395,0.02715956680229426,-0.0010562950834997861,65.3727874514995,7.034682772063917,7.1623646834412416,4.714287894112723,57.55129329761255,1333551400.0,Bull / High Vol,0.003290279012374109,1
2024-10-02,167.60000610351562,169.17999267578125,167.27000427246094,167.7100067138672,7073000,0.003290279012374109,0.003284877888611146,2024,10,4,2,161.94250030517577,146.58559982299803,139.76609970092773,127.32414962768554,0.01212138031081601,0.010927070199625024,0.029827434828861146,0.021626383051088306,0.008599999669643754,0.19154534077347907,0.5261255203234857,0.011388637092949232,0.0026322232098992624,60.98577875748574,6.70706675972454,7.071305098697902,4.490001133510044,51.6551491637036,1340624400.0,Bull / High Vol,-0.005068308803814148,0
2024-10-03,166.88999938964844,167.86000061035156,166.24000549316406,166.86000061035156,4735700,-0.005068308803814148,-0.0050811962443399195,2024,10,4,3,163.15500030517578,147.14739974975586,140.2679997253418,127.64184963226319,0.011170305412335827,0.009378643938458272,0.029977775626702563,0.021633708845021665,-0.007376593980612189,0.17004417569744956,0.3575817455640179,0.009708708565634511,-0.004889435879743169,58.32472034752806,6.306146983853722,6.918273475729066,3.681429181780134,30.506841165972634,1335888700.0,Bull / High Vol,0.023972192169294804,1
2024-10-04,168.7100067138672,170.89999389648438,168.1699981689453,170.86000061035156,6386900,0.023972192169294804,0.023689370163909856,2024,10,4,4,164.60750045776368,147.80819961547851,140.8128997039795,127.97114963531494,0.016090356783104148,0.012161197023396268,0.029985753789275406,0.02180299894428459,0.012563678133063583,0.20485158699586603,0.49110016001181056,0.015977968616334333,0.011087175456961225,51.07243820836684,6.239259444537794,6.782470669490812,3.1157139369419644,99.44221344008103,1342275600.0,Bull / High Vol,-0.005208939403424706,0
2024-10-07,170.4199981689453,172.3300018310547,169.5500030517578,169.97000122070312,6791000,-0.005208939403424706,-0.005222553224570476,2024,10,4,0,166.11150054931642,148.42739974975586,141.3038996887207,128.28974964141847,0.01580366083777583,0.011449581383947478,0.029701488041797727,0.021782439387289736,-0.0025234312862855157,0.21502610595679617,0.5506289137342629,0.016355820199630958,-0.002575222052174056,55.49692408447226,6.044754903226732,6.634927516237996,3.0378570556640625,72.55815191355725,1335484600.0,Bull / High Vol,0.025886885126105597,1
2024-10-08,170.60000610351562,174.63999938964844,170.44000244140625,174.3699951171875,7845400,0.025886885126105597,0.0255574922556728,2024,10,4,1,167.03550033569337,149.14859970092775,141.8312996673584,128.640849609375,0.015336557861492506,0.013522899211751496,0.017412203908890218,0.02189500458525313,0.04313227624505278,0.11854510103209481,0.7226301105397297,0.024086695336657707,0.003706565148484346,70.33058632887129,6.174475873677181,6.542837187725834,3.093571254185268,97.48130371534391,1343330000.0,Bull / Normal,0.022480921481421223,1
2024-10-09,174.55999755859375,178.61000061035156,173.80999755859375,178.2899932861328,8120900,0.022480921481421223,0.022231950062867534,2024,10,4,2,168.09100036621095,150.00099960327148,142.39259956359862,129.0029995727539,0.016067455086093606,0.014542459185770852,0.01780553953381712,0.022011803668483945,0.06308500476251444,0.13430462904967588,0.7638692272889316,0.02692244787992345,0.001089651010648687,71.34877195888039,6.518451121852763,6.53795997455122,3.175713675362723,97.82159788267458,1351450900.0,Bull / Normal,-0.016153400260672024,0
2024-10-10,177.64999389648438,178.3000030517578,174.17999267578125,175.41000366210938,7115900,-0.016153400260672024,-0.016285288656559444,2024,10,4,3,168.7925003051758,150.72019973754882,142.91169960021972,129.34904960632323,0.019484029957602535,0.01617770456568766,0.01781996135200134,0.021876683986444243,0.05124057905119894,0.08693765246496854,0.6997319918009453,0.023487887178389778,-0.0035896540117162923,63.45806793466814,6.483920293614091,6.527152038363795,3.3107147216796875,78.2164981863961,1344335000.0,Bull / Normal,0.002052337967252127,1
2024-10-11,175.5,177.0,174.39999389648438,175.77000427246094,5869400,0.002052337967252127,0.0020502347988029072,2024,10,4,4,169.479500579834,151.48539993286133,143.42419967651367,129.6969496154785,0.018020328297248228,0.016194154626446154,0.017827173375562323,0.021812815514828412,0.028736998973251326,0.08479914581669235,0.639608915991803,0.014792092167702048,0.0005130627444942313,69.00158729408875,6.411693393755854,6.504060309442207,3.2292861938476562,80.66714863242217,1350204400.0,Bull / Normal,0.0019911864153114855,1
2024-10-14,176.5500030517578,177.22000122070312,175.5,176.1199951171875,4688700,0.0019911864153114855,0.0019892066312849773,2024,10,4,0,169.7690002441406,152.34219985961914,143.93909965515138,130.0478495788574,0.017187963800898466,0.016080749687227985,0.013979939688249867,0.021814729232775058,0.036182819628851615,0.033992797650972406,0.5830440102664094,0.009766075791443573,0.004437610288088743,69.81568129946002,6.309957133403401,6.4652396742344465,3.1964285714285716,80.77215382276941,1354893100.0,Bull / Normal,-0.011526225502937026,0
2024-10-15,176.94000244140625,178.22000122070312,173.75,174.08999633789062,5848600,-0.011526225502937026,-0.011593167328301473,2024,10,4,1,170.1,153.26679977416993,144.43399963378906,130.38704956054687,0.015058951418775097,0.015061976808258486,0.013658003226069127,0.021886417182959944,-0.0016057738552364142,0.03952943851993673,0.7590473168392453,0.02567638184119044,0.004655958136230528,64.15369197892193,5.996403669156024,6.371472473218762,3.2950003487723216,64.24047080126755,1349044500.0,Bull / Normal,0.003906071278504175,1
2024-10-16,173.5,174.91000366210938,171.63999938964844,174.77000427246094,6383000,0.003906071278504175,0.0038984623895600323,2024,10,4,2,170.61200027465821,154.1979997253418,144.94079971313477,130.7337495803833,0.009210940560845362,0.015059231398580985,0.012858017085729182,0.0217706396220159,-0.019743054272388316,0.06223792359532054,0.8613320217013027,0.01871032896104473,-0.003389030675522006,62.6087081933167,5.736652685746634,6.244508515724337,3.380000523158482,69.62028066998641,1355427500.0,Bull / Normal,0.005206776798504009,1
2024-10-17,177.5,177.75,175.13999938964844,175.67999267578125,5474000,0.005206776798504009,0.0051932684060231014,2024,10,4,3,171.01650009155273,155.19359954833985,145.46849960327148,131.09184955596925,0.006761420532311568,0.014700319798538088,0.012347082045645266,0.021311616562457003,0.0015391882334827578,0.048272549165642165,0.7623403318979683,0.014856561470652712,0.015620505011163615,62.98652461654519,5.540360788630977,6.1036789703056655,3.4071426391601562,76.81955636034405,1360901500.0,Bull / Normal,-0.005635190549000302,0
2024-10-18,176.8000030517578,176.97000122070312,174.5800018310547,174.69000244140625,5001300,-0.005635190549000302,-0.005651128137696575,2024,10,4,4,171.35100021362305,156.10819946289064,145.97049964904784,131.4529995727539,0.00713448690164649,0.013440569487132263,0.012478134476127401,0.021301595945170036,-0.006144403509148133,0.03982144310360858,0.7331994370491995,0.013681374756692677,0.006375287014290524,58.23419497308474,5.2444592461129105,5.931835025467115,3.287142072405134,68.98735476082692,1355900200.0,Bull / Normal,-0.005323761643899805,0
2024-10-21,174.4499969482422,175.14999389648438,173.16000366210938,173.75999450683594,4198400,-0.005323761643899805,-0.005337983360731082,2024,10,4,0,171.74150009155272,156.94219940185548,146.4706996154785,131.80884956359864,0.007063210362229702,0.013447744276734064,0.012155898734669568,0.021328267100510164,-0.013399958413474078,0.04706235433694883,0.6327355973303452,0.011452522429129745,-0.00137389369631822,63.900585092263064,4.878672968777096,5.721202614129111,3.104998997279576,60.79217447081462,1351701800.0,Bull / Normal,0.008920367752986103,1
2024-10-22,175.4499969482422,175.85000610351562,174.27999877929688,175.30999755859375,5510100,0.008920367752986103,0.008880816307502301,2024,10,4,1,172.21699981689454,157.79679931640624,147.05289962768555,132.17174953460693,0.0065580036534355155,0.010984282169933213,0.012214912204875174,0.021304788035563533,0.007007876652115108,0.0573582287804133,0.8344761107152512,0.008955606332114672,0.009726073289785718,65.35973834295797,4.660137832898897,5.508989657883069,3.1100006103515625,73.32251936645778,1357211900.0,Bull / Normal,-0.012606191807968514,0
2024-10-23,174.5,176.07000732421875,173.00999450683594,173.10000610351562,4830400,-0.012606191807968514,-0.012686323997340564,2024,10,4,2,172.55800018310546,158.57359954833984,147.61199966430664,132.51394954681396,0.00877328617481158,0.008549467135954097,0.012695133288718869,0.021201020585771342,-0.009555404978658921,0.041015199508576794,0.7445743445244021,0.017677716403735378,-0.004620372881603772,61.95405168235713,4.259518247598919,5.259095375826239,3.2128590175083707,47.2222871808663,1352381500.0,Bull / Normal,0.00739456230019675,1
2024-10-24,173.32000732421875,174.9499969482422,172.91000366210938,174.3800048828125,3488000,0.00739456230019675,0.0073673565584392985,2024,10,4,3,172.87200012207032,159.3491995239258,148.1629997253418,132.86769958496095,0.009256798507940823,0.0076992538304018684,0.012589128927851322,0.02097869803892987,-0.0073997486746706365,0.0373587064323464,0.5530341167190553,0.011698550458831197,0.0012709486594215482,57.52782384356386,3.9992091503693814,5.007118130734868,3.070001874651228,53.31129285430379,1355869500.0,Bull / Normal,-0.004931761591184136,0
2024-10-25,174.77999877929688,176.2899932861328,173.10000610351562,173.52000427246094,3674700,-0.004931761591184136,-0.004943962859742348,2024,10,4,4,173.11100006103516,160.08099975585938,148.69749977111817,133.2156996154785,0.009182336522529623,0.007752338579227015,0.012671222725163618,0.020880974646682295,-0.006697567992408393,0.028327596442389025,0.6081886250339289,0.0183839736288173,0.0022938059713507888,57.60173251264652,3.681084206125945,4.741911345813083,3.0992867606026784,37.69892926980048,1352194800.0,Bull / Normal,-0.006339361897366058,0
2024-10-28,174.0500030517578,174.1699981689453,172.13999938964844,172.4199981689453,4330000,-0.006339361897366058,-0.006359540978871454,2024,10,4,0,173.2120002746582,160.77999969482423,149.19539978027345,133.5539496231079,0.009303768482497228,0.007811471192723248,0.012625452155017869,0.020423087918891386,-0.007711765540127868,0.011854485591637154,0.7533022211977157,0.011773569196467487,0.0030543958405203323,45.13715805615699,3.3021415639895224,4.453957389448371,2.9107153756277904,11.190798316936158,1347864800.0,Bull / Normal,0.005857757322594859,1
2024-10-29,172.2899932861328,174.02000427246094,172.2899932861328,173.42999267578125,4122900,0.005857757322594859,0.0058406673688935025,2024,10,4,1,173.5254997253418,161.49019958496095,149.69469970703125,133.8880995941162,0.008512353073708751,0.007402677031505272,0.011781839295727504,0.01954351837364991,-0.01072388859160267,0.037508906893456206,0.7396112417177407,0.009975269903645181,-0.000754001184277447,35.82260957815693,3.0481873000235,4.172803371563397,2.691430228097098,26.8767612894357,1351987700.0,Bull / Normal,0.006515625500399969,1
2024-10-30,173.97999572753906,176.16000366210938,172.7899932861328,174.55999755859375,5822500,0.006515625500399969,0.006494490567765234,2024,10,4,2,173.8679992675781,162.1979995727539,150.18109970092775,134.22804958343505,0.006736409173351321,0.007612597864033526,0.01182375036820839,0.019541294929243187,0.008434381303285665,0.04084425836565275,1.0563527211174388,0.019305742570518578,0.003171326039239452,47.23844385969435,2.9046259465420405,3.919167886559126,2.6378587995256697,44.376859519464226,1357810200.0,Bull / Normal,-0.03849679946545281,0
2024-10-31,170.52000427246094,170.8800048828125,167.39999389648438,167.83999633789062,9477500,-0.03849679946545281,-0.03925738526976607,2024,10,4,3,173.91699905395507,162.75079956054688,150.61449966430663,134.53509956359864,0.018327641152991493,0.014052406023732212,0.014859037083421647,0.020126227633937302,-0.03750434890351628,0.005873161476413591,1.6485533085869146,0.020734098321369524,-0.023143866536642948,31.770083912875407,2.222979478811965,3.5799302050096937,2.9635729108537947,4.066563249189113,1348332700.0,Bull / Normal,0.01298860809184954,1
2024-11-01,170.14999389648438,172.27000427246094,169.10000610351562,170.02000427246094,5680600,0.01298860809184954,0.012904979489442667,2024,11,4,4,173.87499923706054,163.389599609375,151.07589973449706,134.84169960021973,0.02056582755505631,0.015076788626625233,0.014126833276077076,0.01999479920075241,-0.02017058502663649,-0.004916284296441309,0.9942129963867326,0.018644854071790975,0.013763093475903859,37.06533000202545,1.8374966458403037,3.231443493175816,3.1571448189871654,24.214497250035254,1354013300.0,Bull / Normal,-0.0025291608267531407,0
2024-11-04,170.30999755859375,170.47999572753906,168.72999572753906,169.58999633789062,4804400,-0.0025291608267531407,-0.0025323645569696207,2024,11,4,0,173.85599899291992,163.99759948730468,151.36799964904785,135.14129959106447,0.020523150787071096,0.015046604900800472,0.014088993333033817,0.01985537361908697,-0.016413419911312843,-0.0022357173623778204,0.8557380348696685,0.010319004881121084,0.00170564215295567,39.763426408660436,1.4802374212860627,2.8812022787978657,2.9628590175083707,21.159431400357956,1349208900.0,Bull / Normal,0.01291351193287893,1
2024-11-05,170.47000122070312,171.88999938964844,170.32000732421875,171.77999877929688,5456800,0.01291351193287893,0.012830843470468473,2024,11,4,1,173.72649917602538,164.65519958496094,151.68729957580567,135.44969959259032,0.021514507068146938,0.015426324605361514,0.013097338833136424,0.019885898572343425,-0.009513890135306347,-0.014853451914992544,0.9930653942151866,0.009139551033801176,0.005189014103515757,43.63557940836966,1.358165717359583,2.5765949665102093,2.893573216029576,42.31886280071591,1354665700.0,Bull / Normal,0.055070478408964396,1
2024-11-06,178.52000427246094,182.1000061035156,177.4199981689453,181.2400054931641,11085000,0.055070478408964396,0.05360756887584319,2024,11,4,2,173.87399978637694,165.51039978027345,152.1183995819092,135.7967496109009,0.03368038660187104,0.02313703067629094,0.017436980296281504,0.020907783601012763,0.03826769035287181,0.016546145707105886,1.9643423573171532,0.025822157320265597,0.03923626464698972,58.67666773821008,2.0016922317159356,2.4616144195513545,3.4178597586495516,94.14966057007656,1365750700.0,Bull / Normal,0.028304951823767688,1
2024-11-07,181.0800018310547,186.6699981689453,180.5399932861328,186.3699951171875,7759400,0.028304951823767688,0.027911768785289177,2024,11,4,3,174.42199935913087,166.48019958496093,152.56899955749512,136.15704959869385,0.021775809662443586,0.024308370028573757,0.01796580476044439,0.02111134384067698,0.11040275967352153,0.06248213457762786,1.367226491709227,0.03289158686170495,-0.00088282750639973,66.14149417948002,2.8922983057723,2.5477511967955437,3.6850030081612704,98.44316042946315,1373510100.0,Bull / Normal,0.015453157473130696,1
2024-11-08,186.25999450683597,190.16000366210935,186.25999450683597,189.25,8510500,0.015453157473130696,0.015334973424547498,2024,11,4,4,175.09599914550782,167.47679962158202,153.01509956359862,136.52829959869385,0.021566120478457424,0.02405604675897791,0.018170005747456294,0.02114330762633838,0.11310431269442,0.07669110428332093,1.4654730048524798,0.020607710199595144,-0.0005902270388662448,70.31208669132563,3.7868499122143646,2.7955709398793083,3.821432931082583,96.00174309466357,1382020600.0,Bull / Normal,,0
